__ntuple,entry,rec.dlp..index,rec.dlp.particles..index,rec,rec,rec,rec,rec,rec,rec,rec,rec,rec,rec,rec,rec,rec,rec,rec,rec,rec,rec,rec,rec,rec,rec,rec,rec,rec,rec,rec,rec,rec,rec,rec,rec.dlp_true..index,rec,rec,rec,rec,rec,rec,rec,rec,rec,rec,rec,rec,rec,rec,rec,rec,rec,rec,rec,rec,rec,rec,rec,rec,rec,rec,rec,rec,rec,rec,rec,rec,rec,rec,rec,rec,rec,rec,rec,rec,rec,rec,rec,rec,rec,rec,rec,rec,rec,rec,rec,rec,rec,rec,rec,rec,rec,rec,rec,rec,rec,rec,rec,rec,rec,rec,rec,rec,particle,particle,particle,particle,particle,particle,particle,particle,particle,particle,particle,particle,particle,particle,particle,particle,particle,particle,particle,particle,particle,particle,particle,particle,particle,particle,particle,particle,particle,particle,particle,particle,particle,particle,particle,particle,particle,particle,particle,particle,particle,particle,particle,particle,particle,particle,particle,particle,particle,particle,particle,particle,particle,particle,particle,particle,particle,particle,particle,particle,particle,particle,particle,particle,particle,particle,particle,particle,particle,particle,particle,particle,particle,particle,particle,particle,particle,particle,particle,particle,particle,particle,particle,particle,particle,particle,particle,particle,particle,particle,particle,particle,particle,particle,particle,particle,particle,particle,particle,particle,particle,particle,particle,particle,particle,particle,particle,particle,particle,particle,particle,particle,particle,particle,particle,particle,particle,particle,particle,particle,particle,particle,particle,particle,particle,particle,particle,particle,particle,particle,particle,particle,particle,particle,particle,particle,particle,particle,particle,particle,particle,particle,particle,particle,particle,particle,particle,particle,particle,particle,particle,particle,particle,particle,particle,particle,particle,particle,particle,particle,particle,particle,particle,particle,particle,particle,particle,particle,particle,particle,particle,particle,particle,particle,particle,particle,particle,particle,particle,particle,particle,particle,particle,particle,particle,particle,particle
,,,,dlp,dlp,dlp,dlp,dlp,dlp,dlp,dlp,dlp,dlp,dlp,dlp,dlp,dlp,dlp,dlp,dlp,dlp,dlp,dlp,dlp,dlp,dlp,dlp,dlp,dlp,dlp,dlp,dlp,dlp,dlp,dlp,,dlp_true,dlp_true,dlp_true,dlp_true,dlp_true,dlp_true,dlp_true,dlp_true,dlp_true,dlp_true,dlp_true,dlp_true,dlp_true,dlp_true,dlp_true,dlp_true,dlp_true,dlp_true,dlp_true,dlp_true,dlp_true,dlp_true,dlp_true,dlp_true,dlp_true,dlp_true,dlp_true,dlp_true,dlp_true,dlp_true,dlp_true,dlp_true,dlp_true,dlp_true,dlp_true,dlp_true,dlp_true,dlp_true,dlp_true,dlp_true,dlp_true,dlp_true,dlp_true,dlp_true,dlp_true,dlp_true,dlp_true,dlp_true,dlp_true,dlp_true,dlp_true,dlp_true,dlp_true,dlp_true,dlp_true,dlp_true,dlp_true,dlp_true,dlp_true,dlp_true,dlp_true,dlp_true,dlp_true,dlp_true,dlp_true,dlp_true,dlp_true,dlp_true,rec,rec,rec,rec,rec,rec,rec,rec,rec,rec,rec,rec,rec,rec,rec,rec,rec,rec,rec,rec,rec,rec,rec,rec,rec,rec,rec,rec,rec,rec,rec,rec,rec,rec,rec,rec,rec,rec,rec,rec,rec,rec,rec,rec,rec,rec,rec,rec,rec,rec,rec,rec,rec,rec,rec,rec,rec,rec,rec,rec,rec,rec,rec,rec,rec,rec,rec,rec,rec,rec,rec,rec,rec.dlp_true..index,rec.dlp_true.particles..index,rec,rec,rec,rec,rec,rec,rec,rec,rec,rec,rec,rec,rec,rec,rec,rec,rec,rec,rec,rec,rec,rec,rec,rec,rec,rec,rec,rec,rec,rec,rec,rec,rec,rec,rec,rec,rec,rec,rec,rec,rec,rec,rec,rec,rec,rec,rec,rec,rec,rec,rec,rec,rec,rec,rec,rec,rec,rec,rec,rec,rec,rec,rec,rec,rec,rec,rec,rec,rec,rec,rec,rec,rec,rec,rec,rec,rec,rec,rec,rec,rec,rec,rec,rec,rec,rec,rec,rec,rec,rec,rec,rec,rec,rec,rec,rec,rec,rec,rec,rec,rec,rec,rec,rec,rec,rec,rec,rec,rec,rec,rec,rec,rec
,,,,match_ids,match_overlaps,cathode_offset,depositions_sum,flash_hypo_pe,flash_total_pe,id,is_cathode_crosser,is_contained,is_fiducial,is_flash_matched,is_matched,is_time_contained,is_truth,num_particles,num_primary_particles,particle_counts,particle_counts,particle_counts,particle_counts,particle_counts,particle_counts,primary_particle_counts,primary_particle_counts,primary_particle_counts,primary_particle_counts,primary_particle_counts,primary_particle_counts,size,vertex,vertex,vertex,,bjorken_x,cathode_offset,current_type,depositions_adapt_q_sum,depositions_adapt_sum,depositions_g4_sum,depositions_q_sum,depositions_sum,distance_travel,energy_init,energy_transfer,flash_hypo_pe,flash_total_pe,hadronic_invariant_mass,id,inelasticity,interaction_mode,interaction_type,is_cathode_crosser,is_contained,is_fiducial,is_flash_matched,is_matched,is_time_contained,is_truth,lepton_p,lepton_pdg_code,lepton_track_id,mct_index,momentum,momentum,momentum,momentum_transfer,momentum_transfer_mag,nu_id,nucleon,num_particles,num_primary_particles,orig_id,particle_counts,particle_counts,particle_counts,particle_counts,particle_counts,particle_counts,pdg_code,position,position,position,primary_particle_counts,primary_particle_counts,primary_particle_counts,primary_particle_counts,primary_particle_counts,primary_particle_counts,quark,reco_vertex,reco_vertex,reco_vertex,size,size_adapt,size_g4,target,theta,track_id,vertex,vertex,vertex,dlp,dlp,dlp,dlp,dlp,dlp,dlp,dlp,dlp,dlp,dlp,dlp,dlp,dlp,dlp,dlp,dlp,dlp,dlp,dlp,dlp,dlp,dlp,dlp,dlp,dlp,dlp,dlp,dlp,dlp,dlp,dlp,dlp,dlp,dlp,dlp,dlp,dlp,dlp,dlp,dlp,dlp,dlp,dlp,dlp,dlp,dlp,dlp,dlp,dlp,dlp,dlp,dlp,dlp,dlp,dlp,dlp,dlp,dlp,dlp,dlp,dlp,dlp,dlp,dlp,dlp,dlp,dlp,dlp,dlp,dlp,dlp,,,dlp_true,dlp_true,dlp_true,dlp_true,dlp_true,dlp_true,dlp_true,dlp_true,dlp_true,dlp_true,dlp_true,dlp_true,dlp_true,dlp_true,dlp_true,dlp_true,dlp_true,dlp_true,dlp_true,dlp_true,dlp_true,dlp_true,dlp_true,dlp_true,dlp_true,dlp_true,dlp_true,dlp_true,dlp_true,dlp_true,dlp_true,dlp_true,dlp_true,dlp_true,dlp_true,dlp_true,dlp_true,dlp_true,dlp_true,dlp_true,dlp_true,dlp_true,dlp_true,dlp_true,dlp_true,dlp_true,dlp_true,dlp_true,dlp_true,dlp_true,dlp_true,dlp_true,dlp_true,dlp_true,dlp_true,dlp_true,dlp_true,dlp_true,dlp_true,dlp_true,dlp_true,dlp_true,dlp_true,dlp_true,dlp_true,dlp_true,dlp_true,dlp_true,dlp_true,dlp_true,dlp_true,dlp_true,dlp_true,dlp_true,dlp_true,dlp_true,dlp_true,dlp_true,dlp_true,dlp_true,dlp_true,dlp_true,dlp_true,dlp_true,dlp_true,dlp_true,dlp_true,dlp_true,dlp_true,dlp_true,dlp_true,dlp_true,dlp_true,dlp_true,dlp_true,dlp_true,dlp_true,dlp_true,dlp_true,dlp_true,dlp_true,dlp_true,dlp_true,dlp_true,dlp_true,dlp_true,dlp_true,dlp_true,dlp_true,dlp_true,dlp_true,dlp_true,dlp_true
,,,,,,,,,,,,,,,,,,,,I0,I1,I2,I3,I4,I5,I0,I1,I2,I3,I4,I5,,x,y,z,,,,,,,,,,,,,,,,,,,,,,,,,,,,,,,x,y,z,,,,,,,,I0,I1,I2,I3,I4,I5,,I0,I1,I2,I0,I1,I2,I3,I4,I5,,x,y,z,,,,,,,x,y,z,particles,particles,particles,particles,particles,particles,particles,particles,particles,particles,particles,particles,particles,particles,particles,particles,particles,particles,particles,particles,particles,particles,particles,particles,particles,particles,particles,particles,particles,particles,particles,particles,particles,particles,particles,particles,particles,particles,particles,particles,particles,particles,particles,particles,particles,particles,particles,particles,particles,particles,particles,particles,particles,particles,particles,particles,particles,particles,particles,particles,particles,particles,particles,particles,particles,particles,particles,particles,particles,particles,particles,particles,,,particles,particles,particles,particles,particles,particles,particles,particles,particles,particles,particles,particles,particles,particles,particles,particles,particles,particles,particles,particles,particles,particles,particles,particles,particles,particles,particles,particles,particles,particles,particles,particles,particles,particles,particles,particles,particles,particles,particles,particles,particles,particles,particles,particles,particles,particles,particles,particles,particles,particles,particles,particles,particles,particles,particles,particles,particles,particles,particles,particles,particles,particles,particles,particles,particles,particles,particles,particles,particles,particles,particles,particles,particles,particles,particles,particles,particles,particles,particles,particles,particles,particles,particles,particles,particles,particles,particles,particles,particles,particles,particles,particles,particles,particles,particles,particles,particles,particles,particles,particles,particles,particles,particles,particles,particles,particles,particles,particles,particles,particles,particles,particles,particles
,,,,,,,,,,,,,,,,,,,,,,,,,,,,,,,,,,,,,,,,,,,,,,,,,,,,,,,,,,,,,,,,,,,,,,,,,,,,,,,,,,,,,,,,,,,,,,,,,,,,,,,,,match_ids,match_overlaps,axial_spread,calo_ke,cathode_offset,chi2_per_pid,chi2_per_pid,chi2_per_pid,chi2_per_pid,chi2_per_pid,chi2_per_pid,chi2_pid,csda_ke,csda_ke_per_pid,csda_ke_per_pid,csda_ke_per_pid,csda_ke_per_pid,csda_ke_per_pid,csda_ke_per_pid,depositions_sum,directional_spread,end_dir,end_dir,end_dir,end_point,end_point,end_point,id,interaction_id,is_cathode_crosser,is_contained,is_matched,is_primary,is_time_contained,is_truth,is_valid,ke,length,mass,mcs_ke,mcs_ke_per_pid,mcs_ke_per_pid,mcs_ke_per_pid,mcs_ke_per_pid,mcs_ke_per_pid,mcs_ke_per_pid,momentum,momentum,momentum,num_fragments,p,pdg_code,pid,pid_scores,pid_scores,pid_scores,pid_scores,pid_scores,pid_scores,primary_scores,primary_scores,shape,size,start_dedx,start_dir,start_dir,start_dir,start_point,start_point,start_point,start_straightness,vertex_distance,,,ancestor_pdg_code,ancestor_position,ancestor_position,ancestor_position,ancestor_t,ancestor_track_id,calo_ke,cathode_offset,csda_ke,csda_ke_per_pid,csda_ke_per_pid,csda_ke_per_pid,csda_ke_per_pid,csda_ke_per_pid,csda_ke_per_pid,depositions_adapt_q_sum,depositions_adapt_sum,depositions_g4_sum,depositions_q_sum,depositions_sum,distance_travel,end_dir,end_dir,end_dir,end_momentum,end_momentum,end_momentum,end_p,end_point,end_point,end_point,end_position,end_position,end_position,end_t,energy_deposit,energy_init,first_step,first_step,first_step,group_id,group_primary,id,interaction_id,interaction_primary,is_cathode_crosser,is_contained,is_matched,is_primary,is_time_contained,is_truth,is_valid,ke,last_step,last_step,last_step,length,mass,mcs_ke,mcs_ke_per_pid,mcs_ke_per_pid,mcs_ke_per_pid,mcs_ke_per_pid,mcs_ke_per_pid,mcs_ke_per_pid,mcst_index,mct_index,momentum,momentum,momentum,nu_id,num_fragments,num_voxels,orig_group_id,orig_id,orig_interaction_id,orig_parent_id,p,parent_id,parent_pdg_code,parent_position,parent_position,parent_position,parent_t,parent_track_id,pdg_code,pid,position,position,position,reco_end_dir,reco_end_dir,reco_end_dir,reco_ke,reco_length,reco_momentum,reco_momentum,reco_momentum,reco_start_dir,reco_start_dir,reco_start_dir,shape,size,size_adapt,size_g4,start_dir,start_dir,start_dir,start_point,start_point,start_point,t,track_id
,,,,,,,,,,,,,,,,,,,,,,,,,,,,,,,,,,,,,,,,,,,,,,,,,,,,,,,,,,,,,,,,,,,,,,,,,,,,,,,,,,,,,,,,,,,,,,,,,,,,,,,,,,,,,,I0,I1,I2,I3,I4,I5,,,I0,I1,I2,I3,I4,I5,,,x,y,z,x,y,z,,,,,,,,,,,,,,I0,I1,I2,I3,I4,I5,x,y,z,,,,,I0,I1,I2,I3,I4,I5,I0,I1,,,,x,y,z,x,y,z,,,,,,I0,I1,I2,,,,,,I0,I1,I2,I3,I4,I5,,,,,,,x,y,z,I0,I1,I2,,x,y,z,I0,I1,I2,,,,I0,I1,I2,,,,,,,,,,,,,,I0,I1,I2,,,,I0,I1,I2,I3,I4,I5,,,x,y,z,,,,,,,,,,,I0,I1,I2,,,,,I0,I1,I2,I0,I1,I2,,,I0,I1,I2,I0,I1,I2,,,,,x,y,z,x,y,z,,
0,0,0,0,8.0,0.8977873,-inf,0.0,-1.0,-1.0,0.0,0.0,0.0,0.0,0.0,1.0,1.0,0.0,4.0,0.0,0.0,0.0,0.0,0.0,0.0,0.0,0.0,0.0,0.0,0.0,0.0,0.0,7602.0,1.3500061,199.95001,47.75,8.0,-1.0,-inf,-1.0,0.0,0.0,0.0,0.0,0.0,-1.0,-1.0,-1.0,-1.0,-1.0,-1.0,8.0,-1.0,-1.0,-1.0,0.0,0.0,0.0,0.0,1.0,1.0,1.0,,-1.0,-1.0,-1.0,-inf,-inf,-inf,-1.0,-1.0,-1.0,-1.0,3.0,0.0,51.0,0.0,0.0,0.0,0.0,0.0,0.0,-1.0,-inf,-inf,-inf,0.0,0.0,0.0,0.0,0.0,0.0,-1.0,-inf,-inf,-inf,7493.0,0.0,3657.0,-1.0,-1.0,-1.0,499.07642,1850.0,-548.4685,25,0.72,0.23152433,30.08074951171875,-inf,-inf,-inf,-inf,-inf,-inf,-inf,-1,-1.0,-inf,-inf,-inf,-inf,-inf,-inf,0.0,0.4136365,-inf,-inf,-inf,-inf,-inf,-inf,0,0,0,0,1,1,1,0,1,30.08074951171875,-1.0,0.0,-1.0,-inf,-inf,-inf,-inf,-inf,-inf,2.613945,-6.422132,29.270721,0,30.080751,22,0,0.6275183,0.37248173,0.0,0.0,0.0,0.0,0.23202494,0.7679751,0,107,3.6836352348327637,0.086897604,-0.2134964,0.9730715,-7.649994,196.35,57.65,0.8591501,11.356500625610352,,,,,,,,,,,,,,,,,,,,,,,,,,,,,,,,,,,,,,,,,,,,,,,,,,,,,,,,,,,,,,,,,,,,,,,,,,,,,,,,,,,,,,,,,,,,,,,,,,,,,,,,,,,,,,,,,,,
0,0,0,1,8.0,0.8977873,-inf,0.0,-1.0,-1.0,0.0,0.0,0.0,0.0,0.0,1.0,1.0,0.0,4.0,0.0,0.0,0.0,0.0,0.0,0.0,0.0,0.0,0.0,0.0,0.0,0.0,0.0,7602.0,1.3500061,199.95001,47.75,8.0,-1.0,-inf,-1.0,0.0,0.0,0.0,0.0,0.0,-1.0,-1.0,-1.0,-1.0,-1.0,-1.0,8.0,-1.0,-1.0,-1.0,0.0,0.0,0.0,0.0,1.0,1.0,1.0,,-1.0,-1.0,-1.0,-inf,-inf,-inf,-1.0,-1.0,-1.0,-1.0,3.0,0.0,51.0,0.0,0.0,0.0,0.0,0.0,0.0,-1.0,-inf,-inf,-inf,0.0,0.0,0.0,0.0,0.0,0.0,-1.0,-inf,-inf,-inf,7493.0,0.0,3657.0,-1.0,-1.0,-1.0,499.07642,1850.0,-548.4685,23,0.7693662,0.58067024,496.0430908203125,-inf,-inf,-inf,-inf,-inf,-inf,-inf,-1,-1.0,-inf,-inf,-inf,-inf,-inf,-inf,0.0,0.018200828,-inf,-inf,-inf,-inf,-inf,-inf,1,0,0,1,1,1,1,0,1,496.0430908203125,-1.0,0.511998,-1.0,-inf,-inf,-inf,-inf,-inf,-inf,-275.43582,-413.16074,-0.014009248,0,496.5548,11,1,0.48800892,0.5119911,0.0,0.0,0.0,0.0,0.016313065,0.983687,0,2002,0.8573920726776123,-0.55469364,-0.8320546,-2.8212893e-05,-80.55,-64.95,141.95001,0.93402195,292.46881103515625,8.0,1.0,13.0,499.07642,1850.0,-548.4685,162533.591491,20000167.0,568.2933959960938,-0.0,-1.0,-inf,-inf,-inf,-inf,-inf,-inf,0.0,0.0,0.0,0.0,0.0,-1.0,-inf,-inf,-inf,inf,inf,inf,inf,-inf,-inf,-inf,-9223372000000.0,-9223372000000.0,-9223372000000.0,-9223372036854.775,437.0603840351105,516.7999748344696,-90.45,-77.850006,147.65,0.0,1.0,23.0,8.0,0.0,0.0,1.0,1.0,0.0,1.0,1.0,1.0,516.7999748344696,-9223372000000.0,-9223372000000.0,-9223372000000.0,-1.0,0.0,-1.0,-inf,-inf,-inf,-inf,-inf,-inf,65535.0,65535.0,-158.81747,-463.8633,163.37093,-1.0,0.0,1143.0,115.0,115.0,51.0,68.0,516.7999877929688,15.0,13.0,499.07642,1850.0,-548.4685,162533.591491,20000167.0,22.0,0.0,-96.43359,-35.65027,131.45612,-inf,-inf,-inf,568.2933959960938,-1.0,-inf,-inf,-inf,-inf,-inf,-inf,0.0,2018.0,0.0,1455.0,-0.30730936,-0.89756835,0.3161202,-90.45,-77.850006,147.65,162603.367595,20094276.0
0,0,0,2,8.0,0.8977873,-inf,0.0,-1.0,-1.0,0.0,0.0,0.0,0.0,0.0,1.0,1.0,0.0,4.0,0.0,0.0,0.0,0.0,0.0,0.0,0.0,0.0,0.0,0.0,0.0,0.0,0.0,7602.0,1.3500061,199.95001,47.75,8.0,-1.0,-inf,-1.0,0.0,0.0,0.0,0.0,0.0,-1.0,-1.0,-1.0,-1.0,-1.0,-1.0,8.0,-1.0,-1.0,-1.0,0.0,0.0,0.0,0.0,1.0,1.0,1.0,,-1.0,-1.0,-1.0,-inf,-inf,-inf,-1.0,-1.0,-1.0,-1.0,3.0,0.0,51.0,0.0,0.0,0.0,0.0,0.0,0.0,-1.0,-inf,-inf,-inf,0.0,0.0,0.0,0.0,0.0,0.0,-1.0,-inf,-inf,-inf,7493.0,0.0,3657.0,-1.0,-1.0,-1.0,499.07642,1850.0,-548.4685,24,0.8055556,-inf,14.348953247070312,-inf,-inf,-inf,-inf,-inf,-inf,-inf,-1,-1.0,-inf,-inf,-inf,-inf,-inf,-inf,0.0,-1.0,-inf,-inf,-inf,-inf,-inf,-inf,23,0,0,1,1,0,1,0,0,14.348953247070312,-1.0,0.511998,-1.0,-inf,-inf,-inf,-inf,-inf,-inf,-0.86699367,14.208128,4.238295,0,14.852129,11,1,0.0,1.0,0.0,0.0,0.0,0.0,1.0,0.0,3,59,-1.0,-0.058375042,0.9566392,0.28536618,-109.95,-176.55,179.45001,-1.0,-1.0,8.0,2.0,13.0,499.07642,1850.0,-548.4685,162533.591491,20000167.0,15.749001502990723,-0.0,-1.0,-inf,-inf,-inf,-inf,-inf,-inf,0.0,0.0,0.0,0.0,0.0,-1.0,-inf,-inf,-inf,inf,inf,inf,inf,-inf,-inf,-inf,-136.26038,-177.19234,179.54117,162608.61745,19.38998794555664,23.885488098619085,-110.850006,-175.95,179.45001,0.0,1.0,24.0,8.0,0.0,0.0,1.0,1.0,0.0,1.0,1.0,0.0,23.374439553445583,-136.26038,-177.19234,179.54117,-1.0,0.5110485451735008,-1.0,-inf,-inf,-inf,-inf,-inf,-inf,65535.0,65535.0,-1.9598031,-21.633224,9.920593,-1.0,0.0,139.0,116.0,116.0,51.0,68.0,23.880020141601562,15.0,13.0,499.07642,1850.0,-548.4685,162533.591491,20000167.0,11.0,1.0,-133.66492,-169.9224,180.46341,-inf,-inf,-inf,15.749001502990723,-1.0,-inf,-inf,-inf,-inf,-inf,-inf,3.0,71.0,0.0,67.0,-0.082068734,-0.9059132,0.41543487,-110.850006,-175.95,179.45001,162608.298542,20094329.0
0,0,0,3,8.0,0.8977873,-inf,0.0,-1.0,-1.0,0.0,0.0,0.0,0.0,0.0,1.0,1.0,0.0,4.0,0.0,0.0,0.0,0.0,0.0,0.0,0.0,0.0,0.0,0.0,0.0,0.0,0.0,7602.0,1.3500061,199.95001,47.75,8.0,-1.0,-inf,-1.0,0.0,0.0,0.0,0.0,0.0,-1.0,-1.0,-1.0,-1.0,-1.0,-1.0,8.0,-1.0,-1.0,-1.0,0.0,0.0,0.0,0.0,1.0,1.0,1.0,,-1.0,-1.0,-1.0,-inf,-inf,-inf,-1.0,-1.0,-1.0,-1.0,3.0,0.0,51.0,0.0,0.0,0.0,0.0,0.0,0.0,-1.0,-inf,-inf,-inf,0.0,0.0,0.0,0.0,0.0,0.0,-1.0,-inf,-inf,-inf,7493.0,0.0,3657.0,-1.0,-1.0,-1.0,499.07642,1850.0,-548.4685,15,0.9482294,-inf,932.99267578125,-inf,-inf,-inf,-inf,-inf,-inf,-inf,-1,1006.6845381315411,-inf,-inf,1006.6845092773438,1005.7207641601562,1279.0716552734375,1122.131103515625,0.0,-1.0,-0.26052898,-0.9150776,0.3078274,-116.850006,-199.95001,190.55002,47,0,0,0,1,1,1,0,1,1496.281494140625,444.38568115234375,105.658,1496.2814955994563,-inf,-inf,1496.281494140625,1464.9630126953125,915.21142578125,1179.2735595703125,-445.95468,-1433.208,549.62335,0,1598.4513,13,2,0.0,0.0,0.9748047,0.017848136,0.007347161,0.0,0.0072511593,0.9927488,1,5434,1.764469861984253,-0.27899173,-0.8966229,0.34384742,1.3500061,199.95001,47.75,-1.0,-1.0,8.0,0.0,13.0,499.07642,1850.0,-548.4685,162533.591491,20000167.0,979.72900390625,-0.0,-1.0,-inf,-inf,-inf,-inf,-inf,-inf,0.0,0.0,0.0,0.0,0.0,-1.0,-inf,-inf,-inf,inf,inf,inf,inf,-116.850006,-199.65,191.15,-6720.4214,-9663.469,5009.2847,163288.04920399998,970.1077270507812,4159.294576867456,-0.4500122,195.15,50.450005,0.0,1.0,15.0,8.0,1.0,0.0,0.0,1.0,1.0,1.0,1.0,1.0,4053.637692761247,-116.850006,-199.65,191.15,-1.0,105.65688410620943,-1.0,-inf,-inf,-inf,-inf,-inf,-inf,65535.0,65535.0,-1192.779,-3743.213,1361.691,-1.0,0.0,5404.0,68.0,68.0,51.0,68.0,4157.9521484375,15.0,0.0,499.07642,1850.0,-548.4685,162533.591491,20000167.0,13.0,2.0,499.07642,1850.0,-548.4685,-inf,-inf,-inf,979.72900390625,-1.0,-inf,-inf,-inf,-inf,-inf,-inf,1.0,5404.0,0.0,2135.0,-0.28686696,-0.90025395,0.32749078,-0.4500122,195.15,50.450005,162533.591491,20000167.0
0,0,1,0,,,,,,,,,,,,,,,,,,,,,,,,,,,,,,,,,,,,,,,,,,,,,,,,,,,,,,,,,,,,,,,,,,,,,,,,,,,,,,,,,,,,,,,,,,,,,,,,,,,,,,39,0.9166667,-inf,9.776077270507812,-inf,-inf,-inf,-inf,-inf,-inf,-inf,-1,-1.0,-inf,-inf,-inf,-inf,-inf,-inf,0.0,-1.0,-inf,-inf,-inf,-inf,-inf,-inf,2,1,0,1,1,0,1,0,0,9.776077270507812,-1.0,0.511998,-1.0,-inf,-inf,-inf,-inf,-inf,-inf,-2.4775698,-8.91915,-4.4601297,0,10.275328,11,1,0.4769354,0.5230647,0.0,0.0,0.0,0.0,0.93552405,0.06447596,0,24,-1.0,-0.24111833,-0.8680162,-0.43406206,-12.75,181.65,147.95001,-1.0,-1.0,,,,,,,,,,,,,,,,,,,,,,,,,,,,,,,,,,,,,,,,,,,,,,,,,,,,,,,,,,,,,,,,,,,,,,,,,,,,,,,,,,,,,,,,,,,,,,,,,,,,,,,,,,,,,,,,,,,
0,0,2,1,5.0,0.05,-inf,0.0,-1.0,-1.0,2.0,0.0,1.0,0.0,0.0,1.0,1.0,0.0,2.0,0.0,0.0,0.0,0.0,0.0,0.0,0.0,0.0,0.0,0.0,0.0,0.0,0.0,158.0,-202.65001,150.45001,193.85,5.0,-1.0,-inf,-1.0,0.0,0.0,0.0,0.0,0.0,-1.0,-1.0,-1.0,-1.0,-1.0,-1.0,5.0,-1.0,-1.0,-1.0,0.0,1.0,0.0,0.0,1.0,1.0,1.0,,-1.0,-1.0,-1.0,-inf,-inf,-inf,-1.0,-1.0,-1.0,-1.0,1.0,0.0,43.0,0.0,0.0,0.0,0.0,0.0,0.0,-1.0,-inf,-inf,-inf,0.0,0.0,0.0,0.0,0.0,0.0,-1.0,-inf,-inf,-inf,10.0,0.0,145.0,-1.0,-1.0,-1.0,527.2838,1850.0,-0.22235107,12,0.05479452,0.097359285,52.573326110839844,-inf,-inf,-inf,-inf,-inf,-inf,-inf,-1,-1.0,-inf,-inf,-inf,-inf,-inf,-inf,0.0,0.06862842,-inf,-inf,-inf,-inf,-inf,-inf,4,2,0,0,1,1,0,0,1,52.573326110839844,-1.0,0.511998,-1.0,-inf,-inf,-inf,-inf,-inf,-inf,-15.232978,-49.25694,-12.629317,0,53.08285,11,1,0.34132192,0.65867805,0.0,0.0,0.0,0.0,0.11497825,0.88502175,0,144,5.161471843719482,-0.28696606,-0.9279256,-0.23791707,-202.65001,150.45001,193.85,0.8400582,0.0,5.0,0.0,-11.0,527.2838,1850.0,-0.22235107,-1134553.919677,20000151.0,3.8494880199432373,-0.0,-1.0,-inf,-inf,-inf,-inf,-inf,-inf,0.0,0.0,0.0,0.0,0.0,-1.0,-inf,-inf,-inf,inf,inf,inf,inf,-inf,-inf,-inf,23.72705,351.21448,223.9924,-1134500.1239,2.947540760040283,1058.950651341169,-25.75,151.61774,193.65,0.0,1.0,12.0,5.0,1.0,0.0,0.0,1.0,1.0,0.0,1.0,0.0,1058.469012590369,23.72705,351.21448,223.9924,-1.0,0.4816387508000851,-1.0,-inf,-inf,-inf,-inf,-inf,-inf,65535.0,65535.0,-344.572,-989.994,150.194,-1.0,0.0,0.0,60.0,60.0,43.0,60.0,1058.9505615234375,12.0,0.0,527.2838,1850.0,-0.22235107,-1134553.919677,20000151.0,-11.0,1.0,527.2838,1850.0,-0.22235107,-inf,-inf,-inf,3.8494880199432373,-1.0,-inf,-inf,-inf,-inf,-inf,-inf,4.0,10.0,0.0,145.0,-0.32539007,-0.93488216,0.14183287,-25.75,151.61774,193.65,-1134553.919677,20000151.0
0,0,3,0,0.0,0.7901549,-inf,0.0,18144.99663410108,30613.740624999828,3.0,0.0,0.0,1.0,1.0,1.0,1.0,0.0,11.0,0.0,0.0,0.0,0.0,0.0,0.0,0.0,0.0,0.0,0.0,0.0,0.0,0.0,3953.0,-104.25,119.25,256.25003,0.0,0.29603603354945585,-inf,0.0,0.0,0.0,0.0,0.0,0.0,-1.0,1.6698049306869507,0.0,-1.0,-1.0,1.2825056812189444,0.0,0.34577533335813804,10.0,1000.0,0.0,0.0,1.0,0.0,1.0,1.0,1.0,0.0,0.0,4.0,0.0,-0.0037223538,0.013810329,1.6697437,0.3209684394278996,0.0,0.0,2000000201.0,8.0,0.0,0.0,0.0,0.0,0.0,0.0,0.0,0.0,14.0,-104.735245,120.35458,255.72675,0.0,0.0,0.0,0.0,0.0,0.0,0.0,-inf,-inf,-inf,4484.0,0.0,2234.0,1000180400.0,0.4196206415409814,0.0,-104.735245,120.35458,255.72675,47,0.73333335,-inf,4.489793300628662,-inf,-inf,-inf,-inf,-inf,-inf,-inf,-1,-1.0,-inf,-inf,-inf,-inf,-inf,-inf,0.0,-1.0,-inf,-inf,-inf,-inf,-inf,-inf,5,3,0,1,1,0,1,0,0,4.489793300628662,-1.0,0.0,-1.0,-inf,-inf,-inf,-inf,-inf,-inf,-4.4897933,0.0,-0.00045674396,0,4.4897933,22,0,0.8767906,0.123209454,0.0,0.0,0.0,0.0,0.975344,0.024656007,0,14,-1.0,-1.0,0.0,-0.0001017294,-49.950012,109.95001,236.75003,-1.0,-1.0,12.0,0.0,0.0,-9223372000000.0,-9223372000000.0,-9223372000000.0,-9223372036854.775,4294967295.0,5.194508075714111,-0.0,-1.0,-inf,-inf,-inf,-inf,-inf,-inf,0.0,0.0,0.0,0.0,0.0,-1.0,-inf,-inf,-inf,inf,inf,inf,inf,-inf,-inf,-inf,-9223372000000.0,-9223372000000.0,-9223372000000.0,-9223372036854.775,3.9774186611175537,5.12988965476736,-9223372000000.0,-9223372000000.0,-9223372000000.0,0.0,1.0,47.0,12.0,0.0,0.0,1.0,1.0,0.0,1.0,1.0,0.0,5.128311925447366,-9223372000000.0,-9223372000000.0,-9223372000000.0,-1.0,0.0015777293199936747,-1.0,-inf,-inf,-inf,-inf,-inf,-inf,65535.0,65535.0,0.07762145,-4.2609286,-2.8555608,-1.0,0.0,0.0,247.0,247.0,124.0,247.0,5.129889011383057,47.0,2112.0,-9223372000000.0,-9223372000000.0,-9223372000000.0,-9223372036854.775,20859947.0,22.0,0.0,-27.369293,115.2608,239.58215,-inf,-inf,-inf,5.194508075714111,-1.0,-inf,-inf,-inf,-inf,-inf,-inf,4.0,12.0,0.0,10.0,0.015131215,-0.83060837,-0.5566516,-9223372000000.0,-9223372000000.0,-9223372000000.0,-147749.23836299998,20861113.0
0,0,3,1,0.0,0.7901549,-inf,0.0,18144.99663410108,30613.740624999828,3.0,0.0,0.0,1.0,1.0,1.0,1.0,0.0,11.0,0.0,0.0,0.0,0.0,0.0,0.0,0.0,0.0,0.0,0.0,0.0,0.0,0.0,3953.0,-104.25,119.25,256.25003,0.0,0.29603603354945585,-inf,0.0,0.0,0.0,0.0,0.0,0.0,-1.0,1.6698049306869507,0.0,-1.0,-1.0,1.2825056812189444,0.0,0.34577533335813804,10.0,1000.0,0.0,0.0,1.0,0.0,1.0,1.0,1.0,0.0,0.0,4.0,0.0,-0.0037223538,0.013810329,1.6697437,0.3209684394278996,0.0,0.0,2000000201.0,8.0,0.0,0.0,0.0,0.0,0.0,0.0,0.0,0.0,14.0,-104.735245,120.35458,255.72675,0.0,0.0,0.0,0.0,0.0,0.0,0.0,-inf,-inf,-inf,4484.0,0.0,2234.0,1000180400.0,0.4196206415409814,0.0,-104.735245,120.35458,255.72675,4,0.77374303,-inf,91.49409484863281,-inf,-inf,-inf,-inf,-inf,-inf,-inf,-1,-1.0,-inf,-inf,-inf,-inf,-inf,-inf,0.0,-1.0,-inf,-inf,-inf,-inf,-inf,-inf,8,3,0,1,1,0,1,0,1,91.49409484863281,-1.0,0.0,-1.0,-inf,-inf,-inf,-inf,-inf,-inf,-57.793808,57.44959,41.600357,0,91.494095,22,0,0.96869755,0.031302445,0.0,0.0,0.0,0.0,0.963625,0.036374986,0,296,-1.0,-0.6316671,0.6279049,0.45467806,-107.850006,130.05002,267.35,-1.0,-1.0,0.0,4.0,2212.0,-104.735245,120.35458,255.72675,979.739374,10000006.0,108.49650573730469,-0.0,-1.0,-inf,-inf,-inf,-inf,-inf,-inf,0.0,0.0,0.0,0.0,0.0,-1.0,-inf,-inf,-inf,inf,inf,inf,inf,-inf,-inf,-inf,-9223372000000.0,-9223372000000.0,-9223372000000.0,-9223372036854.775,83.03155994415283,93.55913217217142,-107.25,130.65,267.05,0.0,1.0,4.0,0.0,0.0,0.0,1.0,1.0,0.0,1.0,1.0,1.0,93.55913217217142,-9223372000000.0,-9223372000000.0,-9223372000000.0,-1.0,0.0,-1.0,-inf,-inf,-inf,-inf,-inf,-inf,65535.0,65535.0,-56.219833,56.408215,49.099438,0.0,0.0,300.0,6.0,6.0,0.0,5.0,93.55913543701172,3.0,111.0,-101.9512,124.97208,262.4413,980.12995,10000010.0,22.0,0.0,-101.9512,124.97208,262.4413,-inf,-inf,-inf,108.49650573730469,-1.0,-inf,-inf,-inf,-inf,-inf,-inf,0.0,339.0,0.0,293.0,-0.6009016,0.6029151,0.5247958,-107.25,130.65,267.05,980.12995,10000171.0
0,0,3,2,0.0,0.7901549,-inf,0.0,18144.99663410108,30613.740624999828,3.0,0.0,0.0,1.0,1.0,1.0,1.0,0.0,11.0,0.0,0.0,0.0,0.0,0.0,0.0,0.0,0.0,0.0,0.0,0.0,0.0,0.0,3953.0,-104.25,119.25,256.25003,0.0,0.29603603354945585,-inf,0.0,0.0,0.0,0.0,0.0,0.0,-1.0,1.6698049306869507,0.0,-1.0,-1.0,1.2825056812189444,0.0,0.34577533335813804,10.0,1000.0,0.0,0.0,1.0,0.0,1.0,1.0,1.0,0.0,0.0,4.0,0.0,-0.0037223538,0.013810329,1.6697437,0.3209684394278996,0.0,0.0,2000000201.0,8.0,0.0,0.0,0.0,0.0,0.0,0.0,0.0,0.0,14.0,-104.735245,120.35458,255.72675,0.0,0.0,0.0,0.0,0.0,0.0,0.0,-inf,-inf,-inf,4484.0,0.0,2234.0,1000180400.0,0.4196206415409814,0.0,-104.735245,120.35458,255.72675,5,0.1933472,-inf,25.221622467041016,-inf,-inf,-inf,-inf,-inf,-inf,-inf,-1,-1.0,-inf,-inf,-inf,-inf,-inf,-inf,0.0,-1.0,-inf,-inf,-inf,-inf,-inf,-inf,9,3,0,1,1,0,1,0,1,25.221622467041016,-1.0,0.0,-1.0,-inf,-inf,-inf,-inf,-inf,-inf,25.221622,0.0,-0.0025656503,0,25.221622,22,0,0.953479,0.04652104,0.0,0.0,0.0,0.0,0.96453214,0.035467863,0,96,-1.0,1.0,0.0,-0.00010172423,-84.15001,132.75,291.65002,-1.0,-1.0,0.0,5.0,2212.0,-104.735245,120.35458,255.72675,979.739374,10000006.0,147.24679565429688,-0.0,-1.0,-inf,-inf,-inf,-inf,-inf,-inf,0.0,0.0,0.0,0.0,0.0,-1.0,-inf,-inf,-inf,inf,inf,inf,inf,-inf,-inf,-inf,-9223372000000.0,-9223372000000.0,-9223372000000.0,-9223372036854.775,112.7463960647583,136.28830296952853,-84.14998,133.05002,291.35,0.0,1.0,5.0,0.0,0.0,0.0,1.0,1.0,0.0,1.0,1.0,1.0,136.24923490075616,-9223372000000.0,-9223372000000.0,-9223372000000.0,-1.0,0.03906806877235413,-1.0,-inf,-inf,-inf,-inf,-inf,-inf,65535.0,65535.0,67.11024,32.030266,114.213745,0.0,0.0,71.0,7.0,7.0,0.0,5.0,136.28829956054688,3.0,111.0,-101.9512,124.97208,262.4413,980.12995,10000010.0,22.0,0.0,-101.9512,124.97208,262.4413,-inf,-inf,-inf,147.24679565429688,-1.0,-inf,-inf,-inf,-inf,-inf,-inf,0.0,478.0,0.0,402.0,0.4924138,0.23501846,0.83803046,-84.14998,133.05002,291.35,980.12995,10000172.0
0,0,3,3,0.0,0.7901549,-inf,0.0,18144.99663410108,30613.740624999828,3.0,0.0,0.0,1.0,1.0,1.0,1.0,0.0,11.0,0.0,0.0,0.0,0.0,0.0,0.0,0.0,0.0,0.0,0.0,0.0,0.0,0.0,3953.0,-104.25,119.25,256.25003,0.0,0.29603603354945585,-inf,0.0,0.0,0.0,0.0,0.0,0.0,-1.0,1.6698049306869507,0.0,-1.0,-1.0,1.2825056812189444,0.0,0.34577533335813804,10.0,1000.0,0.0,0.0,1.0,0.0,1.0,1.0,1.0,0.0,0.0,4.0,0.0,-0.0037223538,0.013810329,1.6697437,0.3209684394278996,0.0,0.0,2000000201.0,8.0,0.0,0.0,0.0,0.0,0.0,0.0,0.0,0.0,14.0,-104.735245,120.35458,255.72675,0.0,0.0,0.0,0.0,0.0,0.0,0.0,-inf,-inf,-inf,4484.0,0.0,2234.0,1000180400.0,0.4196206415409814,0.0,-104.735245,120.35458,255.72675,5,0.17768595,-inf,23.849775314331055,-inf,-inf,-inf,-inf,-inf,-inf,-inf,-1,-1.0,-inf,-inf,-inf,-inf,-inf,-inf,0.0,-1.0,-inf,-inf,-inf,-inf,-inf,-inf,17,3,0,1,1,0,1,0,0,23.849775314331055,-1.0,0.0,-1.0,-inf,-inf,-inf,-inf,-inf,-inf,5.691958,-6.9228487,22.101753,0,23.849773,22,0,0.7353758,0.2646242,0.0,0.0,0.0,0.0,0.79861635,0.20138367,0,92,-1.0,0.23865877,-0.29026893,0.92670697,-25.049988,133.95001,386.45,-1.0,-1.0,0.0,5.0,2212.0,-104.735245,120.35458,255.72675,979.739374,10000006.0,147.24679565429688,-0.0,-1.0,-inf,-inf,-inf,-inf,-inf,-inf,0.0,0.0,0.0,0.0,0.0,-1.0,-inf,-inf,-inf,inf,inf,inf,inf,-inf,-inf,-inf,-9223372000000.0,-9223372000000.0,-9223372000000.0,-9223372036854.775,112.7463960647583,136.28830296952853,-84.14998,133.05002,291.35,0.0,1.0,5.0,0.0,0.0,0.0,1.0,1.0,0.0,1.0,1.0,1.0,136.24923490075616,-9223372000000.0,-9223372000000.0,-9223372000000.0,-1.0,0.03906806877235413,-1.0,-inf,-inf,-inf,-inf,-inf,-inf,65535.0,65535.0,67.11024,32.030266,114.213745,0.0,0.0,71.0,7.0,7.0,0.0,5.0,136.28829956054688,3.0,111.0,-101.9512,124.97208,262.4413,980.12995,10000010.0,22.0,0.0,-101.9512,124.97208,262.4413,-inf,-inf,-inf,147.24679565429688,-1.0,-inf,-inf,-inf,-inf,-inf,-inf,0.0,478.0,0.0,402.0,0.4924138,0.23501846,0.83803046,-84.14998,133.05002,291.35,980.12995,10000172.0
0,0,3,4,0.0,0.7901549,-inf,0.0,18144.99663410108,30613.740624999828,3.0,0.0,0.0,1.0,1.0,1.0,1.0,0.0,11.0,0.0,0.0,0.0,0.0,0.0,0.0,0.0,0.0,0.0,0.0,0.0,0.0,0.0,3953.0,-104.25,119.25,256.25003,0.0,0.29603603354945585,-inf,0.0,0.0,0.0,0.0,0.0,0.0,-1.0,1.6698049306869507,0.0,-1.0,-1.0,1.2825056812189444,0.0,0.34577533335813804,10.0,1000.0,0.0,0.0,1.0,0.0,1.0,1.0,1.0,0.0,0.0,4.0,0.0,-0.0037223538,0.013810329,1.6697437,0.3209684394278996,0.0,0.0,2000000201.0,8.0,0.0,0.0,0.0,0.0,0.0,0.0,0.0,0.0,14.0,-104.735245,120.35458,255.72675,0.0,0.0,0.0,0.0,0.0,0.0,0.0,-inf,-inf,-inf,4484.0,0.0,2234.0,1000180400.0,0.4196206415409814,0.0,-104.735245,120.35458,255.72675,7,0.42857143,-inf,1.970930576324463,-inf,-inf,-inf,-inf,-inf,-inf,-inf,-1,-1.0,-inf,-inf,-inf,-inf,-inf,-inf,0.0,-1.0,-inf,-inf,-inf,-inf,-inf,-inf,30,3,0,1,1,0,1,0,0,1.970930576324463,-1.0,0.511998,-1.0,-inf,-inf,-inf,-inf,-inf,-inf,1.001915,0.20037892,2.2042701,0,2.4295661,11,1,0.0,1.0,0.0,0.0,0.0,0.0,1.0,0.0,3,10,-1.0,0.41238433,0.082475185,0.907269,-105.45,112.350006,274.55002,-1.0,-1.0,0.0,7.0,13.0,-104.735245,120.35458,255.72675,979.739374,10000001.0,2.5152170658111572,-0.0,-1.0,-inf,-inf,-inf,-inf,-inf,-inf,0.0,0.0,0.0,0.0,0.0,-1.0,-inf,-inf,-inf,inf,inf,inf,inf,-inf,-inf,-inf,-104.61804,112.324066,275.98538,980.494064,5.153469085693359,5.798283529608723,-105.45,112.350006,274.55,0.0,1.0,7.0,0.0,0.0,0.0,1.0,1.0,0.0,1.0,1.0,0.0,5.287283287297679,-104.61804,112.324066,275.98538,-1.0,0.5110002423110437,-1.0,-inf,-inf,-inf,-inf,-inf,-inf,65535.0,65535.0,-0.5998009,-0.10253678,5.743579,0.0,0.0,46.0,16.0,16.0,0.0,0.0,5.775722503662109,0.0,13.0,-9223372000000.0,-9223372000000.0,-9223372000000.0,-9223372036854.775,10000001.0,11.0,1.0,-105.44801,112.36972,274.06622,-inf,-inf,-inf,2.5152170658111572,-1.0,-inf,-inf,-inf,-inf,-inf,-inf,3.0,20.0,0.0,11.0,-0.103848636,-0.017753066,0.9944347,-105.45,112.350006,274.55,980.41028,10000895.0
0,0,3,6,0.0,0.7901549,-inf,0.0,18144.99663410108,30613.740624999828,3.0,0.0,0.0,1.0,1.0,1.0,1.0,0.0,11.0,0.0,0.0,0.0,0.0,0.0,0.0,0.0,0.0,0.0,0.0,0.0,0.0,0.0,3953.0,-104.25,119.25,256.25003,0.0,0.29603603354945585,-inf,0.0,0.0,0.0,0.0,0.0,0.0,-1.0,1.6698049306869507,0.0,-1.0,-1.0,1.2825056812189444,0.0,0.34577533335813804,10.0,1000.0,0.0,0.0,1.0,0.0,1.0,1.0,1.0,0.0,0.0,4.0,0.0,-0.0037223538,0.013810329,1.6697437,0.3209684394278996,0.0,0.0,2000000201.0,8.0,0.0,0.0,0.0,0.0,0.0,0.0,0.0,0.0,14.0,-104.735245,120.35458,255.72675,0.0,0.0,0.0,0.0,0.0,0.0,0.0,-inf,-inf,-inf,4484.0,0.0,2234.0,1000180400.0,0.4196206415409814,0.0,-104.735245,120.35458,255.72675,0,0.0009363296,-inf,0.8854734897613525,-inf,-inf,-inf,-inf,-inf,-inf,-inf,-1,-1.0,-inf,-inf,-inf,-inf,-inf,-inf,0.0,-1.0,-inf,-inf,-inf,-inf,-inf,-inf,38,3,0,1,1,0,1,0,0,0.8854734897613525,-1.0,0.511998,-1.0,-inf,-inf,-inf,-inf,-inf,-inf,0.0,0.41116643,1.2335829,0,1.3003017,11,1,0.0,1.0,0.0,0.0,0.0,0.0,1.0,0.0,3,5,-1.0,0.0,0.31620848,0.94868976,-110.25,60.450012,396.05002,-1.0,-1.0,0.0,0.0,13.0,-104.735245,120.35458,255.72675,979.739374,10000001.0,585.0192260742188,-0.0,-1.0,-inf,-inf,-inf,-inf,-inf,-inf,0.0,0.0,0.0,0.0,0.0,-1.0,-inf,-inf,-inf,inf,inf,inf,inf,-134.55,3.149994,505.25003,-146.21767,-112.74211,726.5136,1000.562612,583.3629760742188,1092.4275738454523,-104.25,120.149994,255.95001,0.0,1.0,0.0,0.0,1.0,0.0,0.0,1.0,1.0,1.0,1.0,1.0,986.7694974960259,-134.55,3.149994,505.25003,-1.0,105.6580763494265,-1.0,-inf,-inf,-inf,-inf,-inf,-inf,65535.0,65535.0,-41.484447,-433.0127,996.50055,0.0,0.0,3215.0,0.0,0.0,0.0,0.0,1087.3060302734375,0.0,0.0,-104.735245,120.35458,255.72675,979.739374,10000001.0,13.0,2.0,-104.735245,120.35458,255.72675,-inf,-inf,-inf,585.0192260742188,-1.0,-inf,-inf,-inf,-inf,-inf,-inf,1.0,3202.0,0.0,1300.0,-0.038153425,-0.39824364,0.9164858,-104.25,120.149994,255.95001,979.739374,10000001.0
0,0,3,7,0.0,0.7901549,-inf,0.0,18144.99663410108,30613.740624999828,3.0,0.0,0.0,1.0,1.0,1.0,1.0,0.0,11.0,0.0,0.0,0.0,0.0,0.0,0.0,0.0,0.0,0.0,0.0,0.0,0.0,0.0,3953.0,-104.25,119.25,256.25003,0.0,0.29603603354945585,-inf,0.0,0.0,0.0,0.0,0.0,0.0,-1.0,1.6698049306869507,0.0,-1.0,-1.0,1.2825056812189444,0.0,0.34577533335813804,10.0,1000.0,0.0,0.0,1.0,0.0,1.0,1.0,1.0,0.0,0.0,4.0,0.0,-0.0037223538,0.013810329,1.6697437,0.3209684394278996,0.0,0.0,2000000201.0,8.0,0.0,0.0,0.0,0.0,0.0,0.0,0.0,0.0,14.0,-104.735245,120.35458,255.72675,0.0,0.0,0.0,0.0,0.0,0.0,0.0,-inf,-inf,-inf,4484.0,0.0,2234.0,1000180400.0,0.4196206415409814,0.0,-104.735245,120.35458,255.72675,1,0.75238097,-inf,61.32151412963867,-inf,-inf,-inf,-inf,-inf,-inf,-inf,-1,118.64509002835692,-inf,-inf,49.21887969970703,54.58552169799805,118.64508819580078,90.57068634033203,0.0,-1.0,-0.5996299,0.7886494,-0.13592775,-111.75,129.15,254.45001,53,3,0,1,1,1,1,0,1,118.64508819580078,10.552008628845215,938.272,-1.0,-inf,-inf,-inf,-inf,-inf,-inf,-318.76712,367.4895,7.6431847,0,486.5382,2212,4,0.0,0.0,4.2401967e-05,0.0025446557,0.9974129,0.0,0.43465242,0.56534755,1,84,4.503771781921387,-0.6551739,0.7553148,0.015709322,-105.15001,121.05002,255.05002,-1.0,-1.0,0.0,1.0,2212.0,-104.735245,120.35458,255.72675,979.739374,10000003.0,125.80378723144531,-0.0,-1.0,-inf,-inf,-inf,-inf,-inf,-inf,0.0,0.0,0.0,0.0,0.0,-1.0,-inf,-inf,-inf,inf,inf,inf,inf,-112.04999,129.75,255.05002,-112.48784,130.1575,255.17914,980.9048369999999,130.80760192871094,1069.5602424278907,-104.649994,120.417755,255.75,0.0,1.0,1.0,0.0,1.0,0.0,1.0,1.0,1.0,1.0,1.0,1.0,131.28823379584776,-112.04999,129.75,255.05002,-1.0,938.2720086320429,-1.0,-inf,-inf,-inf,-inf,-inf,-inf,65535.0,65535.0,-323.8984,398.36072,-1.817589,0.0,0.0,113.0,2.0,2.0,0.0,2.0,513.424560546875,1.0,0.0,-104.735245,120.35458,255.72675,979.739374,10000003.0,2212.0,4.0,-104.735245,120.35458,255.72675,-inf,-inf,-inf,125.80378723144531,-1.0,-inf,-inf,-inf,-inf,-inf,-inf,1.0,100.0,0.0,59.0,-0.63085884,0.77588946,-0.0035401287,-104.649994,120.417755,255.75,979.739374,10000003.0
0,0,3,8,0.0,0.7901549,-inf,0.0,18144.99663410108,30613.740624999828,3.0,0.0,0.0,1.0,1.0,1.0,1.0,0.0,11.0,0.0,0.0,0.0,0.0,0.0,0.0,0.0,0.0,0.0,0.0,0.0,0.0,0.0,3953.0,-104.25,119.25,256.25003,0.0,0.29603603354945585,-inf,0.0,0.0,0.0,0.0,0.0,0.0,-1.0,1.6698049306869507,0.0,-1.0,-1.0,1.2825056812189444,0.0,0.34577533335813804,10.0,1000.0,0.0,0.0,1.0,0.0,1.0,1.0,1.0,0.0,0.0,4.0,0.0,-0.0037223538,0.013810329,1.6697437,0.3209684394278996,0.0,0.0,2000000201.0,8.0,0.0,0.0,0.0,0.0,0.0,0.0,0.0,0.0,14.0,-104.735245,120.35458,255.72675,0.0,0.0,0.0,0.0,0.0,0.0,0.0,-inf,-inf,-inf,4484.0,0.0,2234.0,1000180400.0,0.4196206415409814,0.0,-104.735245,120.35458,255.72675,3,0.13675214,-inf,16.918292999267578,-inf,-inf,-inf,-inf,-inf,-inf,-inf,-1,45.19642478325294,-inf,-inf,17.67255401611328,19.84955596923828,45.19642639160156,34.29220962524414,0.0,-1.0,-0.3333333,0.6667006,0.6666328,-104.55,121.05002,256.55002,54,3,0,1,1,1,1,0,0,45.19642639160156,1.9209567308425903,938.272,-1.0,-inf,-inf,-inf,-inf,-inf,-inf,0.0,263.60474,-131.78897,0,294.71307,2212,4,0.0,0.0,0.09332103,0.08478861,0.82189035,0.0,0.33401975,0.6659803,1,24,8.807222366333008,0.0,0.89444536,-0.4471772,-104.25,119.25,255.95001,-1.0,-1.0,0.0,3.0,2212.0,-104.735245,120.35458,255.72675,979.739374,10000006.0,58.84227752685547,-0.0,-1.0,-inf,-inf,-inf,-inf,-inf,-inf,0.0,0.0,0.0,0.0,0.0,-1.0,-inf,-inf,-inf,inf,inf,inf,inf,-101.54999,124.649994,261.95,-101.9512,124.97208,262.4413,980.12995,24.873432159423828,1397.081326856178,-104.54999,120.75,255.95001,0.0,1.0,3.0,0.0,1.0,0.0,1.0,1.0,1.0,1.0,1.0,0.0,458.80931999984057,-101.54999,124.649994,261.95,-1.0,938.2720068563375,-1.0,-inf,-inf,-inf,-inf,-inf,-inf,65535.0,65535.0,339.59958,549.3667,808.9192,0.0,0.0,109.0,5.0,5.0,0.0,5.0,1035.1241455078125,3.0,0.0,-104.735245,120.35458,255.72675,979.739374,10000006.0,2212.0,4.0,-104.735245,120.35458,255.72675,-inf,-inf,-inf,58.84227752685547,-1.0,-inf,-inf,-inf,-inf,-inf,-inf,1.0,109.0,0.0,46.0,0.32807618,0.5307254,0.7814707,-104.54999,120.75,255.95001,979.739374,10000006.0
0,0,3,9,0.0,0.7901549,-inf,0.0,18144.99663410108,30613.740624999828,3.0,0.0,0.0,1.0,1.0,1.0,1.0,0.0,11.0,0.0,0.0,0.0,0.0,0.0,0.0,0.0,0.0,0.0,0.0,0.0,0.0,0.0,3953.0,-104.25,119.25,256.25003,0.0,0.29603603354945585,-inf,0.0,0.0,0.0,0.0,0.0,0.0,-1.0,1.6698049306869507,0.0,-1.0,-1.0,1.2825056812189444,0.0,0.34577533335813804,10.0,1000.0,0.0,0.0,1.0,0.0,1.0,1.0,1.0,0.0,0.0,4.0,0.0,-0.0037223538,0.013810329,1.6697437,0.3209684394278996,0.0,0.0,2000000201.0,8.0,0.0,0.0,0.0,0.0,0.0,0.0,0.0,0.0,14.0,-104.735245,120.35458,255.72675,0.0,0.0,0.0,0.0,0.0,0.0,0.0,-inf,-inf,-inf,4484.0,0.0,2234.0,1000180400.0,0.4196206415409814,0.0,-104.735245,120.35458,255.72675,3,0.7606838,-inf,24.04323387145996,-inf,-inf,-inf,-inf,-inf,-inf,-inf,-1,104.11639463130088,-inf,-inf,42.62114334106445,47.40053939819336,104.11639404296875,79.31475067138672,0.0,-1.0,0.29845062,0.57900745,0.7587342,-101.55,124.649994,262.25003,55,3,0,1,1,1,1,0,1,104.11639404296875,8.39369010925293,938.272,-1.0,-inf,-inf,-inf,-inf,-inf,-inf,232.57376,-348.86063,174.42737,0,454.11365,2212,4,0.0,0.0,0.023117425,0.34471816,0.63216436,0.0,0.053434696,0.94656533,1,97,3.1825919151306152,0.5121488,-0.76822317,0.3841051,-104.850006,121.95001,255.65002,-1.0,-1.0,0.0,3.0,2212.0,-104.735245,120.35458,255.72675,979.739374,10000006.0,58.84227752685547,-0.0,-1.0,-inf,-inf,-inf,-inf,-inf,-inf,0.0,0.0,0.0,0.0,0.0,-1.0,-inf,-inf,-inf,inf,inf,inf,inf,-101.54999,124.649994,261.95,-101.9512,124.97208,262.4413,980.12995,24.873432159423828,1397.081326856178,-104.54999,120.75,255.95001,0.0,1.0,3.0,0.0,1.0,0.0,1.0,1.0,1.0,1.0,1.0,0.0,458.80931999984057,-101.54999,124.649994,261.95,-1.0,938.2720068563375,-1.0,-inf,-inf,-inf,-inf,-inf,-inf,65535.0,65535.0,339.59958,549.3667,808.9192,0.0,0.0,109.0,5.0,5.0,0.0,5.0,1035.1241455078125,3.0,0.0,-104.735245,120.35458,255.72675,979.739374,10000006.0,2212.0,4.0,-104.735245,120.35458,255.72675,-inf,-inf,-inf,58.84227752685547,-1.0,-inf,-inf,-inf,-inf,-inf,-inf,1.0,109.0,0.0,46.0,0.32807618,0.5307254,0.7814707,-104.54999,120.75,255.95001,979.739374,10000006.0
0,0,3,10,0.0,0.7901549,-inf,0.0,18144.99663410108,30613.740624999828,3.0,0.0,0.0,1.0,1.0,1.0,1.0,0.0,11.0,0.0,0.0,0.0,0.0,0.0,0.0,0.0,0.0,0.0,0.0,0.0,0.0,0.0,3953.0,-104.25,119.25,256.25003,0.0,0.29603603354945585,-inf,0.0,0.0,0.0,0.0,0.0,0.0,-1.0,1.6698049306869507,0.0,-1.0,-1.0,1.2825056812189444,0.0,0.34577533335813804,10.0,1000.0,0.0,0.0,1.0,0.0,1.0,1.0,1.0,0.0,0.0,4.0,0.0,-0.0037223538,0.013810329,1.6697437,0.3209684394278996,0.0,0.0,2000000201.0,8.0,0.0,0.0,0.0,0.0,0.0,0.0,0.0,0.0,14.0,-104.735245,120.35458,255.72675,0.0,0.0,0.0,0.0,0.0,0.0,0.0,-inf,-inf,-inf,4484.0,0.0,2234.0,1000180400.0,0.4196206415409814,0.0,-104.735245,120.35458,255.72675,0,0.9032258,-inf,514.3726806640625,-inf,-inf,-inf,-inf,-inf,-inf,-inf,-1,634.6962195465015,-inf,-inf,634.6962280273438,643.0305786132812,908.6129150390625,771.385986328125,0.0,-1.0,-0.18306655,-0.4579491,0.86992484,-134.55,3.149994,505.25003,56,3,0,0,1,1,1,0,1,1116.913818359375,279.20672607421875,105.658,1116.9138770721875,-inf,-inf,1116.913818359375,1086.3983154296875,599.2171020507812,820.5662841796875,-41.10954,-458.0694,1127.8302,0,1217.9977,13,2,0.0,0.0,0.99180883,0.008182294,8.853722e-06,0.0,0.0030930925,0.99690694,1,3229,1.3659087419509888,-0.033751737,-0.37608397,0.9259707,-104.25,119.25,256.25003,-1.0,-1.0,0.0,0.0,13.0,-104.735245,120.35458,255.72675,979.739374,10000001.0,585.0192260742188,-0.0,-1.0,-inf,-inf,-inf,-inf,-inf,-inf,0.0,0.0,0.0,0.0,0.0,-1.0,-inf,-inf,-inf,inf,inf,inf,inf,-134.55,3.149994,505.25003,-146.21767,-112.74211,726.5136,1000.562612,583.3629760742188,1092.4275738454523,-104.25,120.149994,255.95001,0.0,1.0,0.0,0.0,1.0,0.0,0.0,1.0,1.0,1.0,1.0,1.0,986.7694974960259,-134.55,3.149994,505.25003,-1.0,105.6580763494265,-1.0,-inf,-inf,-inf,-inf,-inf,-inf,65535.0,65535.0,-41.484447,-433.0127,996.50055,0.0,0.0,3215.0,0.0,0.0,0.0,0.0,1087.3060302734375,0.0,0.0,-104.735245,120.35458,255.72675,979.739374,10000001.0,13.0,2.0,-104.735245,120.35458,255.72675,-inf,-inf,-inf,585.0192260742188,-1.0,-inf,-inf,-inf,-inf,-inf,-inf,1.0,3202.0,0.0,1300.0,-0.038153425,-0.39824364,0.9164858,-104.25,120.149994,255.95001,979.739374,10000001.0
0,0,5,0,6.0,0.9303067,-inf,0.0,-1.0,-1.0,5.0,0.0,0.0,0.0,0.0,1.0,1.0,0.0,4.0,0.0,0.0,0.0,0.0,0.0,0.0,0.0,0.0,0.0,0.0,0.0,0.0,0.0,2468.0,192.15,14.549988,243.95001,6.0,-1.0,-inf,-1.0,0.0,0.0,0.0,0.0,0.0,-1.0,-1.0,-1.0,-1.0,-1.0,-1.0,6.0,-1.0,-1.0,-1.0,0.0,0.0,0.0,0.0,1.0,1.0,1.0,,-1.0,-1.0,-1.0,-inf,-inf,-inf,-1.0,-1.0,-1.0,-1.0,5.0,0.0,47.0,0.0,0.0,0.0,0.0,0.0,0.0,-1.0,-inf,-inf,-inf,0.0,0.0,0.0,0.0,0.0,0.0,-1.0,-inf,-inf,-inf,2379.0,0.0,1187.0,-1.0,-1.0,-1.0,587.06396,1850.0,-52.4444,33,0.7619048,-inf,37.46242904663086,-inf,-inf,-inf,-inf,-inf,-inf,-inf,-1,-1.0,-inf,-inf,-inf,-inf,-inf,-inf,0.0,-1.0,-inf,-inf,-inf,-inf,-inf,-inf,7,5,0,1,1,0,1,0,1,37.46242904663086,-1.0,0.511998,-1.0,-inf,-inf,-inf,-inf,-inf,-inf,-37.2582,4.3704815,-5.875373,0,37.97097,11,1,0.0,1.0,0.0,0.0,0.0,0.0,1.0,0.0,3,149,-1.0,-0.9812285,0.115100585,-0.15473327,169.65,-114.45,262.55002,-1.0,-1.0,6.0,3.0,13.0,587.06396,1850.0,-52.4444,58488.349609,20000156.0,36.30533981323242,-0.0,-1.0,-inf,-inf,-inf,-inf,-inf,-inf,0.0,0.0,0.0,0.0,0.0,-1.0,-inf,-inf,-inf,inf,inf,inf,inf,-inf,-inf,-inf,178.92676,-115.846924,261.0458,58556.263394999994,47.39111542701721,49.961845367931026,168.15,-100.04999,261.95,0.0,1.0,33.0,6.0,0.0,0.0,1.0,1.0,0.0,1.0,1.0,1.0,49.45077993029022,178.92676,-115.846924,261.0458,-1.0,0.5110654376408127,-1.0,-inf,-inf,-inf,-inf,-inf,-inf,65535.0,65535.0,-16.218153,-46.11185,10.32441,-1.0,0.0,235.0,164.0,164.0,47.0,64.0,49.959228515625,13.0,13.0,587.06396,1850.0,-52.4444,58488.349609,20000156.0,11.0,1.0,177.40085,-100.06056,262.1631,-inf,-inf,-inf,36.30533981323242,-1.0,-inf,-inf,-inf,-inf,-inf,-inf,3.0,147.0,0.0,112.0,-0.32462776,-0.92298967,0.20665672,168.15,-100.04999,261.95,58555.644638,20165482.0
0,0,5,1,6.0,0.9303067,-inf,0.0,-1.0,-1.0,5.0,0.0,0.0,0.0,0.0,1.0,1.0,0.0,4.0,0.0,0.0,0.0,0.0,0.0,0.0,0.0,0.0,0.0,0.0,0.0,0.0,0.0,2468.0,192.15,14.549988,243.95001,6.0,-1.0,-inf,-1.0,0.0,0.0,0.0,0.0,0.0,-1.0,-1.0,-1.0,-1.0,-1.0,-1.0,6.0,-1.0,-1.0,-1.0,0.0,0.0,0.0,0.0,1.0,1.0,1.0,,-1.0,-1.0,-1.0,-inf,-inf,-inf,-1.0,-1.0,-1.0,-1.0,5.0,0.0,47.0,0.0,0.0,0.0,0.0,0.0,0.0,-1.0,-inf,-inf,-inf,0.0,0.0,0.0,0.0,0.0,0.0,-1.0,-inf,-inf,-inf,2379.0,0.0,1187.0,-1.0,-1.0,-1.0,587.06396,1850.0,-52.4444,32,0.5609756,-inf,8.005559921264648,-inf,-inf,-inf,-inf,-inf,-inf,-inf,-1,-1.0,-inf,-inf,-inf,-inf,-inf,-inf,0.0,-1.0,-inf,-inf,-inf,-inf,-inf,-inf,28,5,0,1,1,0,1,0,0,8.005559921264648,-1.0,0.511998,-1.0,-inf,-inf,-inf,-inf,-inf,-inf,1.7099811,-0.6106081,8.306007,0,8.502154,11,1,0.0,1.0,0.0,0.0,0.0,0.0,1.0,0.0,3,35,-1.0,0.20112325,-0.07181804,0.97692966,180.45001,-40.950012,253.55002,-1.0,-1.0,6.0,2.0,13.0,587.06396,1850.0,-52.4444,58488.349609,20000156.0,10.365577697753906,-0.0,-1.0,-inf,-inf,-inf,-inf,-inf,-inf,0.0,0.0,0.0,0.0,0.0,-1.0,-inf,-inf,-inf,inf,inf,inf,inf,-inf,-inf,-inf,190.76102,-41.105865,255.34763,58553.705621999994,11.030155181884766,18.054243371825,181.04996,-38.850006,252.05002,0.0,1.0,32.0,6.0,0.0,0.0,1.0,1.0,0.0,1.0,1.0,0.0,17.54324077793539,190.76102,-41.105865,255.34763,-1.0,0.5110025938896066,-1.0,-inf,-inf,-inf,-inf,-inf,-inf,65535.0,65535.0,-3.4352705,-16.31916,6.8977156,-1.0,0.0,51.0,163.0,163.0,47.0,64.0,18.04701042175293,13.0,13.0,587.06396,1850.0,-52.4444,58488.349609,20000156.0,11.0,1.0,190.14746,-38.721313,252.1625,-inf,-inf,-inf,10.365577697753906,-1.0,-inf,-inf,-inf,-inf,-inf,-inf,3.0,29.0,0.0,29.0,-0.19035122,-0.9042584,0.3822082,181.04996,-38.850006,252.05002,58553.528231,20165466.0
0,0,5,2,6.0,0.9303067,-inf,0.0,-1.0,-1.0,5.0,0.0,0.0,0.0,0.0,1.0,1.0,0.0,4.0,0.0,0.0,0.0,0.0,0.0,0.0,0.0,0.0,0.0,0.0,0.0,0.0,0.0,2468.0,192.15,14.549988,243.95001,6.0,-1.0,-inf,-1.0,0.0,0.0,0.0,0.0,0.0,-1.0,-1.0,-1.0,-1.0,-1.0,-1.0,6.0,-1.0,-1.0,-1.0,0.0,0.0,0.0,0.0,1.0,1.0,1.0,,-1.0,-1.0,-1.0,-inf,-inf,-inf,-1.0,-1.0,-1.0,-1.0,5.0,0.0,47.0,0.0,0.0,0.0,0.0,0.0,0.0,-1.0,-inf,-inf,-inf,0.0,0.0,0.0,0.0,0.0,0.0,-1.0,-inf,-inf,-inf,2379.0,0.0,1187.0,-1.0,-1.0,-1.0,587.06396,1850.0,-52.4444,34,0.42857143,-inf,2.464261770248413,-inf,-inf,-inf,-inf,-inf,-inf,-inf,-1,-1.0,-inf,-inf,-inf,-inf,-inf,-inf,0.0,-1.0,-inf,-inf,-inf,-inf,-inf,-inf,29,5,0,1,1,0,1,0,0,2.464261770248413,-1.0,0.511998,-1.0,-inf,-inf,-inf,-inf,-inf,-inf,-0.9480724,-2.6073194,0.94816875,0,2.93189,11,1,0.0,1.0,0.0,0.0,0.0,0.0,1.0,0.0,3,6,-1.0,-0.3233656,-0.8892965,0.32339847,165.75,-111.75,264.95,-1.0,-1.0,6.0,4.0,13.0,587.06396,1850.0,-52.4444,58488.349609,20000156.0,4.008485794067383,-0.0,-1.0,-inf,-inf,-inf,-inf,-inf,-inf,0.0,0.0,0.0,0.0,0.0,-1.0,-inf,-inf,-inf,inf,inf,inf,inf,-inf,-inf,-inf,175.21854,-112.68701,265.0308,58556.139688999996,13.621551513671875,14.27469816557675,167.25,-107.850006,263.15,0.0,1.0,34.0,6.0,0.0,0.0,1.0,1.0,0.0,1.0,1.0,0.0,13.76370127151368,175.21854,-112.68701,265.0308,-1.0,0.5109968940630701,-1.0,-inf,-inf,-inf,-inf,-inf,-inf,65535.0,65535.0,0.06909734,-13.495126,4.624142,-1.0,0.0,72.0,165.0,165.0,47.0,64.0,14.265548706054688,13.0,13.0,587.06396,1850.0,-52.4444,58488.349609,20000156.0,11.0,1.0,175.7728,-107.95117,263.44873,-inf,-inf,-inf,4.008485794067383,-1.0,-inf,-inf,-inf,-inf,-inf,-inf,3.0,14.0,0.0,33.0,0.004843651,-0.94599414,0.32414752,167.25,-107.850006,263.15,58555.916807999994,20165489.0
0,0,5,3,6.0,0.9303067,-inf,0.0,-1.0,-1.0,5.0,0.0,0.0,0.0,0.0,1.0,1.0,0.0,4.0,0.0,0.0,0.0,0.0,0.0,0.0,0.0,0.0,0.0,0.0,0.0,0.0,0.0,2468.0,192.15,14.549988,243.95001,6.0,-1.0,-inf,-1.0,0.0,0.0,0.0,0.0,0.0,-1.0,-1.0,-1.0,-1.0,-1.0,-1.0,6.0,-1.0,-1.0,-1.0,0.0,0.0,0.0,0.0,1.0,1.0,1.0,,-1.0,-1.0,-1.0,-inf,-inf,-inf,-1.0,-1.0,-1.0,-1.0,5.0,0.0,47.0,0.0,0.0,0.0,0.0,0.0,0.0,-1.0,-inf,-inf,-inf,0.0,0.0,0.0,0.0,0.0,0.0,-1.0,-inf,-inf,-inf,2379.0,0.0,1187.0,-1.0,-1.0,-1.0,587.06396,1850.0,-52.4444,13,0.93527365,-inf,499.53216552734375,-inf,-inf,-inf,-inf,-inf,-inf,-inf,-1,512.9277307546522,-inf,-inf,512.927734375,523.503173828125,776.6561279296875,650.1849975585938,0.0,-1.0,-0.20002688,-0.96690506,0.15837903,147.45001,-199.95001,278.75003,52,5,0,0,1,1,1,0,1,3020.5048828125,223.3845672607422,105.658,3020.5049057499564,-inf,-inf,3020.5048828125,2987.922607421875,2323.948974609375,2669.4619140625,-620.5008,-3029.0488,448.9684,0,3124.3767,13,2,0.0,0.0,0.9867625,0.010243406,0.0029940668,0.0,0.0065266252,0.99347335,1,2278,1.9118907451629639,-0.19859985,-0.9694889,0.14369854,192.15,14.549988,243.95001,-1.0,-1.0,6.0,0.0,13.0,587.06396,1850.0,-52.4444,58488.349609,20000156.0,529.7577514648438,-0.0,-1.0,-inf,-inf,-inf,-inf,-inf,-inf,0.0,0.0,0.0,0.0,0.0,-1.0,-inf,-inf,-inf,inf,inf,inf,inf,147.45001,-199.95,278.74997,-10467.477,-50000.0,8606.437,60280.546314,489.0474548339844,9043.529052223308,192.15,13.649994,243.65,0.0,1.0,13.0,6.0,1.0,0.0,0.0,1.0,1.0,1.0,1.0,1.0,8937.842163694006,147.45001,-199.95,278.74997,-1.0,105.68688852930184,-1.0,-inf,-inf,-inf,-inf,-inf,-inf,65535.0,65535.0,-1849.953,-8738.183,1412.829,-1.0,0.0,2177.0,64.0,64.0,47.0,64.0,9042.9111328125,13.0,0.0,587.06396,1850.0,-52.4444,58488.349609,20000156.0,13.0,2.0,587.06396,1850.0,-52.4444,-inf,-inf,-inf,529.7577514648438,-1.0,-inf,-inf,-inf,-inf,-inf,-inf,1.0,2177.0,0.0,975.0,-0.20457494,-0.9663019,0.15623608,192.15,13.649994,243.65,58488.349609,20000156.0
0,0,6,0,9.0,0.17546849,-inf,0.0,-1.0,-1.0,6.0,0.0,0.0,0.0,0.0,1.0,0.0,0.0,3.0,0.0,0.0,0.0,0.0,0.0,0.0,0.0,0.0,0.0,0.0,0.0,0.0,0.0,208.0,-33.0,-180.15001,327.80002,9.0,-1.0,-inf,-1.0,0.0,0.0,0.0,0.0,0.0,-1.0,-1.0,-1.0,-1.0,-1.0,-1.0,9.0,-1.0,-1.0,-1.0,0.0,0.0,0.0,0.0,1.0,1.0,1.0,,-1.0,-1.0,-1.0,-inf,-inf,-inf,-1.0,-1.0,-1.0,-1.0,5.0,0.0,55.0,0.0,0.0,0.0,0.0,0.0,0.0,-1.0,-inf,-inf,-inf,0.0,0.0,0.0,0.0,0.0,0.0,-1.0,-inf,-inf,-inf,1172.0,0.0,1911.0,-1.0,-1.0,-1.0,-2557.3684,1850.0,844.4511,22,0.27659574,0.23470764,20.069683074951172,-inf,-inf,-inf,-inf,-inf,-inf,-inf,-1,-1.0,-inf,-inf,-inf,-inf,-inf,-inf,0.0,0.02521409,-inf,-inf,-inf,-inf,-inf,-inf,10,6,0,0,1,1,0,0,0,20.069683074951172,-1.0,0.511998,-1.0,-inf,-inf,-inf,-inf,-inf,-inf,16.981909,-11.068554,-3.5277913,0,20.575312,11,1,0.17874596,0.8212541,0.0,0.0,0.0,0.0,0.01367231,0.98632765,0,47,1.074873924255371,0.8253537,-0.53795314,-0.17145748,-32.850006,-180.45001,327.65002,0.9367502,0.3674209713935852,9.0,4.0,-13.0,-2557.3684,1850.0,844.4511,522846.62792899995,20000177.0,6.13132905960083,-0.0,-1.0,-inf,-inf,-inf,-inf,-inf,-inf,0.0,0.0,0.0,0.0,0.0,-1.0,-inf,-inf,-inf,inf,inf,inf,inf,-inf,-inf,-inf,79.214264,-201.71713,322.1866,522959.60449199995,4.694738864898682,16.740169457936346,-2.5499878,-199.04999,322.24997,0.0,1.0,22.0,9.0,0.0,0.0,0.0,1.0,0.0,1.0,1.0,0.0,16.22915475242093,79.214264,-201.71713,322.1866,-1.0,0.511014705515418,-1.0,-inf,-inf,-inf,-inf,-inf,-inf,65535.0,65535.0,14.318522,-7.5564814,-4.225123,-1.0,0.0,13.0,109.0,109.0,55.0,72.0,16.73236846923828,16.0,-13.0,-2557.3684,1850.0,844.4511,522846.62792899995,20000177.0,11.0,1.0,73.00812,-203.63617,322.6815,-inf,-inf,-inf,6.13132905960083,-1.0,-inf,-inf,-inf,-inf,-inf,-inf,3.0,13.0,0.0,31.0,0.8557379,-0.4516086,-0.25251195,-2.5499878,-199.04999,322.24997,522959.355048,20073822.0
0,0,6,1,9.0,0.17546849,-inf,0.0,-1.0,-1.0,6.0,0.0,0.0,0.0,0.0,1.0,0.0,0.0,3.0,0.0,0.0,0.0,0.0,0.0,0.0,0.0,0.0,0.0,0.0,0.0,0.0,0.0,208.0,-33.0,-180.15001,327.80002,9.0,-1.0,-inf,-1.0,0.0,0.0,0.0,0.0,0.0,-1.0,-1.0,-1.0,-1.0,-1.0,-1.0,9.0,-1.0,-1.0,-1.0,0.0,0.0,0.0,0.0,1.0,1.0,1.0,,-1.0,-1.0,-1.0,-inf,-inf,-inf,-1.0,-1.0,-1.0,-1.0,5.0,0.0,55.0,0.0,0.0,0.0,0.0,0.0,0.0,-1.0,-inf,-inf,-inf,0.0,0.0,0.0,0.0,0.0,0.0,-1.0,-inf,-inf,-inf,1172.0,0.0,1911.0,-1.0,-1.0,-1.0,-2557.3684,1850.0,844.4511,21,0.75757575,-inf,5.879504680633545,-inf,-inf,-inf,-inf,-inf,-inf,-inf,-1,-1.0,-inf,-inf,-inf,-inf,-inf,-inf,0.0,-1.0,-inf,-inf,-inf,-inf,-inf,-inf,32,6,0,0,1,0,0,0,0,5.879504680633545,-1.0,0.511998,-1.0,-inf,-inf,-inf,-inf,-inf,-inf,-2.8491812,5.6983624,0.0,0,6.3709626,11,1,0.0,1.0,0.0,0.0,0.0,0.0,1.0,0.0,3,26,-1.0,-0.4472136,0.8944272,0.0,-8.850006,-199.35,321.35,-1.0,-1.0,9.0,3.0,-13.0,-2557.3684,1850.0,844.4511,522846.62792899995,20000177.0,7.839311122894287,-0.0,-1.0,-inf,-inf,-inf,-inf,-inf,-inf,0.0,0.0,0.0,0.0,0.0,-1.0,-inf,-inf,-inf,inf,inf,inf,inf,-inf,-inf,-inf,73.39661,-202.42645,320.63477,522959.422455,7.339165210723877,8.297454549939921,-8.25,-199.35,320.74997,0.0,1.0,21.0,9.0,0.0,0.0,0.0,1.0,0.0,0.0,1.0,0.0,7.786455300022308,73.39661,-202.42645,320.63477,-1.0,0.5109992499176135,-1.0,-inf,-inf,-inf,-inf,-inf,-inf,65535.0,65535.0,5.9706,-4.2309732,-3.8778126,-1.0,0.0,42.0,108.0,108.0,55.0,72.0,8.281704902648926,16.0,-13.0,-9223372000000.0,-9223372000000.0,-9223372000000.0,-9223372036854.775,20000177.0,11.0,1.0,71.43289,-202.30084,322.99557,-inf,-inf,-inf,7.839311122894287,-1.0,-inf,-inf,-inf,-inf,-inf,-inf,3.0,32.0,0.0,20.0,0.7209385,-0.5108819,-0.46823844,-8.25,-199.35,320.74997,522959.285256,20073821.0
0,0,6,2,9.0,0.17546849,-inf,0.0,-1.0,-1.0,6.0,0.0,0.0,0.0,0.0,1.0,0.0,0.0,3.0,0.0,0.0,0.0,0.0,0.0,0.0,0.0,0.0,0.0,0.0,0.0,0.0,0.0,208.0,-33.0,-180.15001,327.80002,9.0,-1.0,-inf,-1.0,0.0,0.0,0.0,0.0,0.0,-1.0,-1.0,-1.0,-1.0,-1.0,-1.0,9.0,-1.0,-1.0,-1.0,0.0,0.0,0.0,0.0,1.0,1.0,1.0,,-1.0,-1.0,-1.0,-inf,-inf,-inf,-1.0,-1.0,-1.0,-1.0,5.0,0.0,55.0,0.0,0.0,0.0,0.0,0.0,0.0,-1.0,-inf,-inf,-inf,0.0,0.0,0.0,0.0,0.0,0.0,-1.0,-inf,-inf,-inf,1172.0,0.0,1911.0,-1.0,-1.0,-1.0,-2557.3684,1850.0,844.4511,16,0.12044818,-inf,49.42854690551758,-inf,-inf,-inf,-inf,-inf,-inf,-inf,-1,103.53141856314177,-inf,-inf,103.53141784667969,112.49468231201172,226.09327697753906,175.47515869140625,0.0,-1.0,0.7287408,-0.6474075,-0.22315998,-9.450012,-199.95001,321.95,59,6,0,0,1,1,0,0,1,131.77659606933594,31.964702606201172,105.658,131.77659101320168,-inf,-inf,131.77659606933594,114.77495574951172,23.791364669799805,43.843746185302734,161.33926,-133.67969,-36.20704,0,212.63011,13,2,0.0,0.0,0.847229,0.14195192,0.010819083,0.0,0.042110864,0.95788914,1,135,0.11172644048929214,0.7587789,-0.6286959,-0.17028178,-33.149994,-179.85,327.95,-1.0,-1.0,9.0,0.0,-13.0,-2557.3684,1850.0,844.4511,522846.62792899995,20000177.0,512.4020385742188,-0.0,-1.0,-inf,-inf,-inf,-inf,-inf,-inf,0.0,0.0,0.0,0.0,0.0,-1.0,-inf,-inf,-inf,inf,inf,inf,inf,-9.75,-199.95,322.55,806.07355,-753.3556,217.86734,523907.25175299996,505.3657531738281,5321.9411648195655,-119.54999,23.25,378.05,0.0,1.0,16.0,9.0,1.0,0.0,0.0,1.0,1.0,1.0,1.0,1.0,5216.272996476236,-9.75,-199.95,322.55,-1.0,105.66816834332946,-1.0,-inf,-inf,-inf,-inf,-inf,-inf,65535.0,65535.0,4163.634,-3220.236,-778.541,-1.0,0.0,1065.0,72.0,72.0,55.0,72.0,5320.89208984375,16.0,0.0,-2557.3684,1850.0,844.4511,522846.62792899995,20000177.0,-13.0,2.0,-2557.3684,1850.0,844.4511,-inf,-inf,-inf,512.4020385742188,-1.0,-inf,-inf,-inf,-inf,-inf,-inf,1.0,1065.0,0.0,1785.0,0.7825067,-0.6052061,-0.14631777,-119.54999,23.25,378.05,522846.62792899995,20000177.0
0,0,7,0,0.0,0.062319163,-inf,0.0,-1.0,-1.0,7.0,0.0,1.0,1.0,0.0,1.0,1.0,0.0,2.0,0.0,0.0,0.0,0.0,0.0,0.0,0.0,0.0,0.0,0.0,0.0,0.0,0.0,289.0,-55.500008,146.25,339.80002,0.0,0.29603603354945585,-inf,0.0,0.0,0.0,0.0,0.0,0.0,-1.0,1.6698049306869507,0.0,-1.0,-1.0,1.2825056812189444,0.0,0.34577533335813804,10.0,1000.0,0.0,0.0,1.0,0.0,1.0,1.0,1.0,0.0,0.0,4.0,0.0,-0.0037223538,0.013810329,1.6697437,0.3209684394278996,0.0,0.0,2000000201.0,8.0,0.0,0.0,0.0,0.0,0.0,0.0,0.0,0.0,14.0,-104.735245,120.35458,255.72675,0.0,0.0,0.0,0.0,0.0,0.0,0.0,-inf,-inf,-inf,4484.0,0.0,2234.0,1000180400.0,0.4196206415409814,0.0,-104.735245,120.35458,255.72675,5,0.5708419,-inf,84.88668823242188,-inf,-inf,-inf,-inf,-inf,-inf,-inf,-1,-1.0,-inf,-inf,-inf,-inf,-inf,-inf,0.0,-1.0,-inf,-inf,-inf,-inf,-inf,-inf,12,7,0,1,1,0,1,0,1,84.88668823242188,-1.0,0.0,-1.0,-inf,-inf,-inf,-inf,-inf,-inf,49.45403,59.48883,34.944645,0,84.88669,22,0,0.67508674,0.32491326,0.0,0.0,0.0,0.0,0.92849195,0.07150809,0,287,-1.0,0.58258873,0.7008028,0.41166225,-55.350006,146.25,339.95,-1.0,-1.0,0.0,5.0,2212.0,-104.735245,120.35458,255.72675,979.739374,10000006.0,147.24679565429688,-0.0,-1.0,-inf,-inf,-inf,-inf,-inf,-inf,0.0,0.0,0.0,0.0,0.0,-1.0,-inf,-inf,-inf,inf,inf,inf,inf,-inf,-inf,-inf,-9223372000000.0,-9223372000000.0,-9223372000000.0,-9223372036854.775,112.7463960647583,136.28830296952853,-84.14998,133.05002,291.35,0.0,1.0,5.0,0.0,0.0,0.0,1.0,1.0,0.0,1.0,1.0,1.0,136.24923490075616,-9223372000000.0,-9223372000000.0,-9223372000000.0,-1.0,0.03906806877235413,-1.0,-inf,-inf,-inf,-inf,-inf,-inf,65535.0,65535.0,67.11024,32.030266,114.213745,0.0,0.0,71.0,7.0,7.0,0.0,5.0,136.28829956054688,3.0,111.0,-101.9512,124.97208,262.4413,980.12995,10000010.0,22.0,0.0,-101.9512,124.97208,262.4413,-inf,-inf,-inf,147.24679565429688,-1.0,-inf,-inf,-inf,-inf,-inf,-inf,0.0,478.0,0.0,402.0,0.4924138,0.23501846,0.83803046,-84.14998,133.05002,291.35,980.12995,10000172.0
0,0,7,1,0.0,0.062319163,-inf,0.0,-1.0,-1.0,7.0,0.0,1.0,1.0,0.0,1.0,1.0,0.0,2.0,0.0,0.0,0.0,0.0,0.0,0.0,0.0,0.0,0.0,0.0,0.0,0.0,0.0,289.0,-55.500008,146.25,339.80002,0.0,0.29603603354945585,-inf,0.0,0.0,0.0,0.0,0.0,0.0,-1.0,1.6698049306869507,0.0,-1.0,-1.0,1.2825056812189444,0.0,0.34577533335813804,10.0,1000.0,0.0,0.0,1.0,0.0,1.0,1.0,1.0,0.0,0.0,4.0,0.0,-0.0037223538,0.013810329,1.6697437,0.3209684394278996,0.0,0.0,2000000201.0,8.0,0.0,0.0,0.0,0.0,0.0,0.0,0.0,0.0,14.0,-104.735245,120.35458,255.72675,0.0,0.0,0.0,0.0,0.0,0.0,0.0,-inf,-inf,-inf,4484.0,0.0,2234.0,1000180400.0,0.4196206415409814,0.0,-104.735245,120.35458,255.72675,5,0.0041841003,-inf,0.18793068826198578,-inf,-inf,-inf,-inf,-inf,-inf,-inf,-1,6.241415195491484,-inf,-inf,6.241415023803711,6.948115348815918,15.8015775680542,12.096023559570312,0.0,-1.0,-0.0,-1.0,-0.0,-55.65001,145.95001,339.65002,64,7,0,1,1,0,1,0,0,6.241415023803711,0.29998779296875,105.658,-1.0,-inf,-inf,-inf,-inf,-inf,-inf,0.0,-36.849236,0.0,0,36.849236,13,2,0.0,0.0,0.6862473,0.101190664,0.212562,0.0,0.85047793,0.14952208,1,2,-1.0,0.0,-1.0,0.0,-55.65001,146.25,339.65002,-1.0,-1.0,0.0,5.0,2212.0,-104.735245,120.35458,255.72675,979.739374,10000006.0,147.24679565429688,-0.0,-1.0,-inf,-inf,-inf,-inf,-inf,-inf,0.0,0.0,0.0,0.0,0.0,-1.0,-inf,-inf,-inf,inf,inf,inf,inf,-inf,-inf,-inf,-9223372000000.0,-9223372000000.0,-9223372000000.0,-9223372036854.775,112.7463960647583,136.28830296952853,-84.14998,133.05002,291.35,0.0,1.0,5.0,0.0,0.0,0.0,1.0,1.0,0.0,1.0,1.0,1.0,136.24923490075616,-9223372000000.0,-9223372000000.0,-9223372000000.0,-1.0,0.03906806877235413,-1.0,-inf,-inf,-inf,-inf,-inf,-inf,65535.0,65535.0,67.11024,32.030266,114.213745,0.0,0.0,71.0,7.0,7.0,0.0,5.0,136.28829956054688,3.0,111.0,-101.9512,124.97208,262.4413,980.12995,10000010.0,22.0,0.0,-101.9512,124.97208,262.4413,-inf,-inf,-inf,147.24679565429688,-1.0,-inf,-inf,-inf,-inf,-inf,-inf,0.0,478.0,0.0,402.0,0.4924138,0.23501846,0.83803046,-84.14998,133.05002,291.35,980.12995,10000172.0
0,0,9,0,9.0,0.8013525,-inf,0.0,-1.0,-1.0,9.0,0.0,0.0,1.0,0.0,1.0,0.0,0.0,3.0,0.0,0.0,0.0,0.0,0.0,0.0,0.0,0.0,0.0,0.0,0.0,0.0,0.0,959.0,-119.55,23.25,378.05002,9.0,-1.0,-inf,-1.0,0.0,0.0,0.0,0.0,0.0,-1.0,-1.0,-1.0,-1.0,-1.0,-1.0,9.0,-1.0,-1.0,-1.0,0.0,0.0,0.0,0.0,1.0,1.0,1.0,,-1.0,-1.0,-1.0,-inf,-inf,-inf,-1.0,-1.0,-1.0,-1.0,5.0,0.0,55.0,0.0,0.0,0.0,0.0,0.0,0.0,-1.0,-inf,-inf,-inf,0.0,0.0,0.0,0.0,0.0,0.0,-1.0,-inf,-inf,-inf,1172.0,0.0,1911.0,-1.0,-1.0,-1.0,-2557.3684,1850.0,844.4511,20,0.52272725,-inf,8.89389705657959,-inf,-inf,-inf,-inf,-inf,-inf,-inf,-1,-1.0,-inf,-inf,-inf,-inf,-inf,-inf,0.0,-1.0,-inf,-inf,-inf,-inf,-inf,-inf,15,9,0,1,1,0,1,0,0,8.89389705657959,-1.0,0.0,-1.0,-inf,-inf,-inf,-inf,-inf,-inf,6.193626,-4.786055,-4.223041,0,8.893897,22,0,0.50378215,0.49621788,0.0,0.0,0.0,0.0,0.64691347,0.35308656,0,23,-1.0,0.69639057,-0.538128,-0.4748246,-5.549988,-54.15001,375.65002,-1.0,-1.0,9.0,2.0,-13.0,-2557.3684,1850.0,844.4511,522846.62792899995,20000177.0,17.804231643676758,-0.0,-1.0,-inf,-inf,-inf,-inf,-inf,-inf,0.0,0.0,0.0,0.0,0.0,-1.0,-inf,-inf,-inf,inf,inf,inf,inf,-inf,-inf,-inf,-161.71318,-7.2860413,372.5055,522949.06766999996,18.110597133636475,20.501126602261436,-82.04999,-6.450012,370.85004,0.0,1.0,20.0,9.0,0.0,0.0,1.0,1.0,0.0,1.0,1.0,0.0,19.990180196530208,-161.71318,-7.2860413,372.5055,-1.0,0.510946405731228,-1.0,-inf,-inf,-inf,-inf,-inf,-inf,65535.0,65535.0,18.3062,-8.986913,-2.0380232,-1.0,0.0,35.0,106.0,106.0,55.0,72.0,20.49475860595703,16.0,-13.0,-2557.3684,1850.0,844.4511,522846.62792899995,20000177.0,11.0,1.0,-164.10695,-6.257904,370.96622,-inf,-inf,-inf,17.804231643676758,-1.0,-inf,-inf,-inf,-inf,-inf,-inf,3.0,44.0,0.0,58.0,0.89321375,-0.4384981,-0.09944119,-82.04999,-6.450012,370.85004,522948.925183,20073702.0
0,0,9,1,9.0,0.8013525,-inf,0.0,-1.0,-1.0,9.0,0.0,0.0,1.0,0.0,1.0,0.0,0.0,3.0,0.0,0.0,0.0,0.0,0.0,0.0,0.0,0.0,0.0,0.0,0.0,0.0,0.0,959.0,-119.55,23.25,378.05002,9.0,-1.0,-inf,-1.0,0.0,0.0,0.0,0.0,0.0,-1.0,-1.0,-1.0,-1.0,-1.0,-1.0,9.0,-1.0,-1.0,-1.0,0.0,0.0,0.0,0.0,1.0,1.0,1.0,,-1.0,-1.0,-1.0,-inf,-inf,-inf,-1.0,-1.0,-1.0,-1.0,5.0,0.0,55.0,0.0,0.0,0.0,0.0,0.0,0.0,-1.0,-inf,-inf,-inf,0.0,0.0,0.0,0.0,0.0,0.0,-1.0,-inf,-inf,-inf,1172.0,0.0,1911.0,-1.0,-1.0,-1.0,-2557.3684,1850.0,844.4511,20,0.38636363,-inf,6.335208892822266,-inf,-inf,-inf,-inf,-inf,-inf,-inf,-1,-1.0,-inf,-inf,-inf,-inf,-inf,-inf,0.0,-1.0,-inf,-inf,-inf,-inf,-inf,-inf,35,9,0,1,1,0,1,0,0,6.335208892822266,-1.0,0.511998,-1.0,-inf,-inf,-inf,-inf,-inf,-inf,3.0535915,-6.107183,-0.00031064003,0,6.828038,11,1,0.0,1.0,0.0,0.0,0.0,0.0,1.0,0.0,3,17,-1.0,0.44721362,-0.89442724,-4.5494773e-05,-79.95,-6.75,371.75003,-1.0,-1.0,9.0,2.0,-13.0,-2557.3684,1850.0,844.4511,522846.62792899995,20000177.0,17.804231643676758,-0.0,-1.0,-inf,-inf,-inf,-inf,-inf,-inf,0.0,0.0,0.0,0.0,0.0,-1.0,-inf,-inf,-inf,inf,inf,inf,inf,-inf,-inf,-inf,-161.71318,-7.2860413,372.5055,522949.06766999996,18.110597133636475,20.501126602261436,-82.04999,-6.450012,370.85004,0.0,1.0,20.0,9.0,0.0,0.0,1.0,1.0,0.0,1.0,1.0,0.0,19.990180196530208,-161.71318,-7.2860413,372.5055,-1.0,0.510946405731228,-1.0,-inf,-inf,-inf,-inf,-inf,-inf,65535.0,65535.0,18.3062,-8.986913,-2.0380232,-1.0,0.0,35.0,106.0,106.0,55.0,72.0,20.49475860595703,16.0,-13.0,-2557.3684,1850.0,844.4511,522846.62792899995,20000177.0,11.0,1.0,-164.10695,-6.257904,370.96622,-inf,-inf,-inf,17.804231643676758,-1.0,-inf,-inf,-inf,-inf,-inf,-inf,3.0,44.0,0.0,58.0,0.89321375,-0.4384981,-0.09944119,-82.04999,-6.450012,370.85004,522948.925183,20073702.0
0,0,9,2,9.0,0.8013525,-inf,0.0,-1.0,-1.0,9.0,0.0,0.0,1.0,0.0,1.0,0.0,0.0,3.0,0.0,0.0,0.0,0.0,0.0,0.0,0.0,0.0,0.0,0.0,0.0,0.0,0.0,959.0,-119.55,23.25,378.05002,9.0,-1.0,-inf,-1.0,0.0,0.0,0.0,0.0,0.0,-1.0,-1.0,-1.0,-1.0,-1.0,-1.0,9.0,-1.0,-1.0,-1.0,0.0,0.0,0.0,0.0,1.0,1.0,1.0,,-1.0,-1.0,-1.0,-inf,-inf,-inf,-1.0,-1.0,-1.0,-1.0,5.0,0.0,55.0,0.0,0.0,0.0,0.0,0.0,0.0,-1.0,-inf,-inf,-inf,0.0,0.0,0.0,0.0,0.0,0.0,-1.0,-inf,-inf,-inf,1172.0,0.0,1911.0,-1.0,-1.0,-1.0,-2557.3684,1850.0,844.4511,16,0.8185151,-inf,410.3603210449219,-inf,-inf,-inf,-inf,-inf,-inf,-inf,-1,462.6112458688654,-inf,-inf,462.6112365722656,473.99359130859375,719.8141479492188,598.6921997070312,0.0,-1.0,0.7543258,-0.6342278,-0.16955166,33.149994,-100.95,346.25003,60,9,0,0,1,1,0,0,1,680.7410888671875,200.06394958496094,105.658,680.7410976694134,-inf,-inf,680.7410888671875,652.0989379882812,281.40594482421875,428.8070983886719,603.0465,-479.77698,-115.7967,0,779.2688,13,2,0.0,0.0,0.92279,0.06266875,0.014541273,0.0,0.14925765,0.85074234,1,919,3.835785388946533,0.77386194,-0.6156758,-0.1485966,-119.55,23.25,378.05002,-1.0,-1.0,9.0,0.0,-13.0,-2557.3684,1850.0,844.4511,522846.62792899995,20000177.0,512.4020385742188,-0.0,-1.0,-inf,-inf,-inf,-inf,-inf,-inf,0.0,0.0,0.0,0.0,0.0,-1.0,-inf,-inf,-inf,inf,inf,inf,inf,-9.75,-199.95,322.55,806.07355,-753.3556,217.86734,523907.25175299996,505.3657531738281,5321.9411648195655,-119.54999,23.25,378.05,0.0,1.0,16.0,9.0,1.0,0.0,0.0,1.0,1.0,1.0,1.0,1.0,5216.272996476236,-9.75,-199.95,322.55,-1.0,105.66816834332946,-1.0,-inf,-inf,-inf,-inf,-inf,-inf,65535.0,65535.0,4163.634,-3220.236,-778.541,-1.0,0.0,1065.0,72.0,72.0,55.0,72.0,5320.89208984375,16.0,0.0,-2557.3684,1850.0,844.4511,522846.62792899995,20000177.0,-13.0,2.0,-2557.3684,1850.0,844.4511,-inf,-inf,-inf,512.4020385742188,-1.0,-inf,-inf,-inf,-inf,-inf,-inf,1.0,1065.0,0.0,1785.0,0.7825067,-0.6052061,-0.14631777,-119.54999,23.25,378.05,522846.62792899995,20000177.0
0,0,10,0,2.0,0.97069466,-inf,0.0,-1.0,-1.0,10.0,0.0,0.0,1.0,0.0,1.0,0.0,0.0,4.0,0.0,0.0,0.0,0.0,0.0,0.0,0.0,0.0,0.0,0.0,0.0,0.0,0.0,2723.0,93.45001,153.45001,438.05002,2.0,-1.0,-inf,-1.0,0.0,0.0,0.0,0.0,0.0,-1.0,-1.0,-1.0,-1.0,-1.0,-1.0,2.0,-1.0,-1.0,-1.0,0.0,0.0,0.0,0.0,1.0,0.0,1.0,,-1.0,-1.0,-1.0,-inf,-inf,-inf,-1.0,-1.0,-1.0,-1.0,4.0,0.0,8.0,0.0,0.0,0.0,0.0,0.0,0.0,-1.0,-inf,-inf,-inf,0.0,0.0,0.0,0.0,0.0,0.0,-1.0,-inf,-inf,-inf,2724.0,0.0,2476.0,-1.0,-1.0,-1.0,1239.5999,1850.0,1186.0616,40,0.8761905,-inf,28.918994903564453,-inf,-inf,-inf,-inf,-inf,-inf,-inf,-1,-1.0,-inf,-inf,-inf,-inf,-inf,-inf,0.0,-1.0,-inf,-inf,-inf,-inf,-inf,-inf,16,10,0,1,1,0,1,0,1,28.918994903564453,-1.0,0.511998,-1.0,-inf,-inf,-inf,-inf,-inf,-inf,-21.337404,-18.160927,-8.989831,0,29.426538,11,1,0.0,1.0,0.0,0.0,0.0,0.0,1.0,0.0,3,96,-1.0,-0.7251075,-0.6171615,-0.3055008,34.049988,58.950012,396.35004,-1.0,-1.0,2.0,1.0,-13.0,1239.5999,1850.0,1186.0616,689525.7788079999,20000029.0,27.611818313598633,-0.0,-1.0,-inf,-inf,-inf,-inf,-inf,-inf,0.0,0.0,0.0,0.0,0.0,-1.0,-inf,-inf,-inf,inf,inf,inf,inf,-inf,-inf,-inf,141.05301,56.894104,398.1695,689600.7836569999,28.9812068939209,33.56050154283586,35.850006,62.549988,396.95,0.0,1.0,40.0,2.0,0.0,0.0,1.0,1.0,0.0,1.0,1.0,1.0,33.049501319192984,141.05301,56.894104,398.1695,-1.0,0.5110002236428767,-1.0,-inf,-inf,-inf,-inf,-inf,-inf,65535.0,65535.0,-21.685814,-23.137768,-10.973392,-1.0,0.0,107.0,228.0,228.0,8.0,25.0,33.556610107421875,9.0,-13.0,1239.5999,1850.0,1186.0616,689525.7788079999,20000029.0,11.0,1.0,144.04715,62.599792,397.04102,-inf,-inf,-inf,27.611818313598633,-1.0,-inf,-inf,-inf,-inf,-inf,-inf,3.0,101.0,0.0,102.0,-0.64624566,-0.68951446,-0.32701132,35.850006,62.549988,396.95,689600.513913,20727770.0
0,0,10,1,2.0,0.97069466,-inf,0.0,-1.0,-1.0,10.0,0.0,0.0,1.0,0.0,1.0,0.0,0.0,4.0,0.0,0.0,0.0,0.0,0.0,0.0,0.0,0.0,0.0,0.0,0.0,0.0,0.0,2723.0,93.45001,153.45001,438.05002,2.0,-1.0,-inf,-1.0,0.0,0.0,0.0,0.0,0.0,-1.0,-1.0,-1.0,-1.0,-1.0,-1.0,2.0,-1.0,-1.0,-1.0,0.0,0.0,0.0,0.0,1.0,0.0,1.0,,-1.0,-1.0,-1.0,-inf,-inf,-inf,-1.0,-1.0,-1.0,-1.0,4.0,0.0,8.0,0.0,0.0,0.0,0.0,0.0,0.0,-1.0,-inf,-inf,-inf,0.0,0.0,0.0,0.0,0.0,0.0,-1.0,-inf,-inf,-inf,2724.0,0.0,2476.0,-1.0,-1.0,-1.0,1239.5999,1850.0,1186.0616,41,0.8888889,-inf,4.855134963989258,-inf,-inf,-inf,-inf,-inf,-inf,-inf,-1,-1.0,-inf,-inf,-inf,-inf,-inf,-inf,0.0,-1.0,-inf,-inf,-inf,-inf,-inf,-inf,36,10,0,1,1,0,1,0,0,4.855134963989258,-1.0,0.511998,-1.0,-inf,-inf,-inf,-inf,-inf,-inf,0.0,-3.7778282,3.7778282,0,5.3426557,11,1,0.0,1.0,0.0,0.0,0.0,0.0,1.0,0.0,3,24,-1.0,0.0,-0.70710677,0.70710677,8.549988,23.549988,377.75003,-1.0,-1.0,2.0,2.0,-13.0,1239.5999,1850.0,1186.0616,689525.7788079999,20000029.0,6.797272682189941,-0.0,-1.0,-inf,-inf,-inf,-inf,-inf,-inf,0.0,0.0,0.0,0.0,0.0,-1.0,-inf,-inf,-inf,inf,inf,inf,inf,-inf,-inf,-inf,116.49588,23.238678,377.5109,689602.312622,6.747210502624512,7.297706351446526,10.049988,22.950012,378.95,0.0,1.0,41.0,2.0,0.0,0.0,1.0,1.0,0.0,1.0,1.0,0.0,6.786708781153567,116.49588,23.238678,377.5109,-1.0,0.510997570292959,-1.0,-inf,-inf,-inf,-inf,-inf,-inf,65535.0,65535.0,-4.1206107,-3.9388359,-4.5278625,-1.0,0.0,39.0,229.0,229.0,8.0,25.0,7.279793739318848,9.0,-13.0,-9223372000000.0,-9223372000000.0,-9223372000000.0,-9223372036854.775,20000029.0,11.0,1.0,118.52121,22.869019,379.1317,-inf,-inf,-inf,6.797272682189941,-1.0,-inf,-inf,-inf,-inf,-inf,-inf,3.0,27.0,0.0,16.0,-0.566034,-0.5410642,-0.6219768,10.049988,22.950012,378.95,689602.199119,20727791.0
0,0,10,2,2.0,0.97069466,-inf,0.0,-1.0,-1.0,10.0,0.0,0.0,1.0,0.0,1.0,0.0,0.0,4.0,0.0,0.0,0.0,0.0,0.0,0.0,0.0,0.0,0.0,0.0,0.0,0.0,0.0,2723.0,93.45001,153.45001,438.05002,2.0,-1.0,-inf,-1.0,0.0,0.0,0.0,0.0,0.0,-1.0,-1.0,-1.0,-1.0,-1.0,-1.0,2.0,-1.0,-1.0,-1.0,0.0,0.0,0.0,0.0,1.0,0.0,1.0,,-1.0,-1.0,-1.0,-inf,-inf,-inf,-1.0,-1.0,-1.0,-1.0,4.0,0.0,8.0,0.0,0.0,0.0,0.0,0.0,0.0,-1.0,-inf,-inf,-inf,0.0,0.0,0.0,0.0,0.0,0.0,-1.0,-inf,-inf,-inf,2724.0,0.0,2476.0,-1.0,-1.0,-1.0,1239.5999,1850.0,1186.0616,9,0.03705133,-inf,26.541582107543945,-inf,-inf,-inf,-inf,-inf,-inf,-inf,-1,-1.0,-inf,-inf,-inf,-inf,-inf,-inf,0.0,-1.0,-inf,-inf,-inf,-inf,-inf,-inf,40,10,0,1,1,0,1,0,1,26.541582107543945,-1.0,0.511998,-1.0,-inf,-inf,-inf,-inf,-inf,-inf,-3.68105,-25.76604,-7.3617263,0,27.048733,11,1,0.0,1.0,0.0,0.0,0.0,0.0,1.0,0.0,3,101,-1.0,-0.13608955,-0.9525784,-0.27216527,63.450012,104.55002,417.05002,-1.0,-1.0,2.0,0.0,-13.0,1239.5999,1850.0,1186.0616,689525.7788079999,20000029.0,614.51318359375,-0.0,-1.0,-inf,-inf,-inf,-inf,-inf,-inf,0.0,0.0,0.0,0.0,0.0,-1.0,-inf,-inf,-inf,inf,inf,inf,inf,-33.450012,-43.950012,347.75,-25039.986,-50000.0,-18028.938,691579.424288,601.9306640625,5272.415220686535,93.45001,153.15,438.34998,0.0,1.0,9.0,2.0,1.0,0.0,0.0,1.0,1.0,0.0,1.0,1.0,5166.744698178888,-33.450012,-43.950012,347.75,-1.0,105.67052250764696,-1.0,-inf,-inf,-inf,-inf,-inf,-inf,65535.0,65535.0,-2582.879,-4206.837,-1848.907,-1.0,0.0,2586.0,25.0,25.0,8.0,25.0,5271.35595703125,9.0,0.0,1239.5999,1850.0,1186.0616,689525.7788079999,20000029.0,-13.0,2.0,1239.5999,1850.0,1186.0616,-inf,-inf,-inf,614.51318359375,-1.0,-inf,-inf,-inf,-inf,-inf,-inf,1.0,2586.0,0.0,2349.0,-0.48998377,-0.79805595,-0.350746,93.45001,153.15,438.34998,689525.7788079999,20000029.0
0,0,10,3,2.0,0.97069466,-inf,0.0,-1.0,-1.0,10.0,0.0,0.0,1.0,0.0,1.0,0.0,0.0,4.0,0.0,0.0,0.0,0.0,0.0,0.0,0.0,0.0,0.0,0.0,0.0,0.0,0.0,2723.0,93.45001,153.45001,438.05002,2.0,-1.0,-inf,-1.0,0.0,0.0,0.0,0.0,0.0,-1.0,-1.0,-1.0,-1.0,-1.0,-1.0,2.0,-1.0,-1.0,-1.0,0.0,0.0,0.0,0.0,1.0,0.0,1.0,,-1.0,-1.0,-1.0,-inf,-inf,-inf,-1.0,-1.0,-1.0,-1.0,4.0,0.0,8.0,0.0,0.0,0.0,0.0,0.0,0.0,-1.0,-inf,-inf,-inf,0.0,0.0,0.0,0.0,0.0,0.0,-1.0,-inf,-inf,-inf,2724.0,0.0,2476.0,-1.0,-1.0,-1.0,1239.5999,1850.0,1186.0616,9,0.9368101,-inf,555.7548828125,-inf,-inf,-inf,-inf,-inf,-inf,-inf,-1,577.3299682466861,-inf,-inf,577.3299560546875,586.7738647460938,847.3270874023438,714.82958984375,0.0,-1.0,-0.505672,-0.78299415,-0.3622375,-33.450012,-43.950012,348.05002,61,10,0,0,1,1,0,0,1,3245.889892578125,253.0211181640625,105.658,3245.8899204376526,-inf,-inf,3245.889892578125,3213.21826171875,2540.530029296875,2892.38671875,-1633.456,-2679.5571,-1171.9663,0,3349.882,13,2,0.0,0.0,0.90806574,0.06250497,0.029429246,0.0,0.21971722,0.7802828,1,2502,2.080359697341919,-0.487616,-0.79989594,-0.349853,93.45001,153.45001,438.05002,-1.0,-1.0,2.0,0.0,-13.0,1239.5999,1850.0,1186.0616,689525.7788079999,20000029.0,614.51318359375,-0.0,-1.0,-inf,-inf,-inf,-inf,-inf,-inf,0.0,0.0,0.0,0.0,0.0,-1.0,-inf,-inf,-inf,inf,inf,inf,inf,-33.450012,-43.950012,347.75,-25039.986,-50000.0,-18028.938,691579.424288,601.9306640625,5272.415220686535,93.45001,153.15,438.34998,0.0,1.0,9.0,2.0,1.0,0.0,0.0,1.0,1.0,0.0,1.0,1.0,5166.744698178888,-33.450012,-43.950012,347.75,-1.0,105.67052250764696,-1.0,-inf,-inf,-inf,-inf,-inf,-inf,65535.0,65535.0,-2582.879,-4206.837,-1848.907,-1.0,0.0,2586.0,25.0,25.0,8.0,25.0,5271.35595703125,9.0,0.0,1239.5999,1850.0,1186.0616,689525.7788079999,20000029.0,-13.0,2.0,1239.5999,1850.0,1186.0616,-inf,-inf,-inf,614.51318359375,-1.0,-inf,-inf,-inf,-inf,-inf,-inf,1.0,2586.0,0.0,2349.0,-0.48998377,-0.79805595,-0.350746,93.45001,153.15,438.34998,689525.7788079999,20000029.0
0,0,12,0,7.0,0.7490556,-96.24999694824218,0.0,-1.0,-1.0,12.0,1.0,0.0,0.0,0.0,1.0,0.0,0.0,12.0,0.0,0.0,0.0,0.0,0.0,0.0,0.0,0.0,0.0,0.0,0.0,0.0,0.0,9439.0,-229.05002,173.25,70.85,7.0,-1.0,-inf,-1.0,0.0,0.0,0.0,0.0,0.0,-1.0,-1.0,-1.0,-1.0,-1.0,-1.0,7.0,-1.0,-1.0,-1.0,0.0,0.0,0.0,0.0,1.0,0.0,1.0,,-1.0,-1.0,-1.0,-inf,-inf,-inf,-1.0,-1.0,-1.0,-1.0,5.0,0.0,48.0,0.0,0.0,0.0,0.0,0.0,0.0,-1.0,-inf,-inf,-inf,0.0,0.0,0.0,0.0,0.0,0.0,-1.0,-inf,-inf,-inf,7693.0,0.0,5207.0,-1.0,-1.0,-1.0,-2245.9197,1850.0,-3461.1223,14,0.0012073129,-inf,1.3108445405960083,-inf,-inf,-inf,-inf,-inf,-inf,-inf,-1,-1.0,-inf,-inf,-inf,-inf,-inf,-inf,0.0,-1.0,-inf,-inf,-inf,-inf,-inf,-inf,11,12,0,1,1,0,1,0,0,1.3108445405960083,-1.0,0.511998,-1.0,-inf,-inf,-inf,-inf,-inf,-inf,-1.4027097,0.46747473,-0.93513966,0,1.7494609,11,1,0.24697882,0.7530212,0.0,0.0,0.0,0.0,0.9060605,0.09393949,0,7,-1.0,-0.8017954,0.26721075,-0.5345302,115.05002,47.850006,326.15002,-1.0,-1.0,7.0,0.0,-13.0,-2245.9197,1850.0,-3461.1223,-611949.3161609999,20000164.0,1127.2908935546875,-0.0,-1.0,-inf,-inf,-inf,-inf,-inf,-inf,0.0,0.0,0.0,0.0,0.0,-1.0,-inf,-inf,-inf,inf,inf,inf,inf,202.35,-18.450012,465.65,28487.717,-33833.035,50000.0,-609537.6690979999,992.1031168699265,14326.4059062759,-202.35,151.65,114.950005,0.0,1.0,14.0,7.0,1.0,0.0,0.0,1.0,1.0,0.0,1.0,1.0,14220.792500985597,202.35,-18.450012,465.65,-1.0,105.61340529030358,-1.0,-inf,-inf,-inf,-inf,-inf,-inf,65535.0,65535.0,6807.337,-5369.668,11404.454,-1.0,0.0,5786.0,65.0,65.0,48.0,65.0,14326.0166015625,14.0,0.0,-2245.9197,1850.0,-3461.1223,-611949.3161609999,20000164.0,-13.0,2.0,-2245.9197,1850.0,-3461.1223,-inf,-inf,-inf,1127.2908935546875,-1.0,-inf,-inf,-inf,-inf,-inf,-inf,1.0,5798.0,0.0,3320.0,0.47517306,-0.37481934,0.7960659,-202.35,151.65,114.950005,-611949.3161609999,20000164.0
0,0,12,1,7.0,0.7490556,-96.24999694824218,0.0,-1.0,-1.0,12.0,1.0,0.0,0.0,0.0,1.0,0.0,0.0,12.0,0.0,0.0,0.0,0.0,0.0,0.0,0.0,0.0,0.0,0.0,0.0,0.0,0.0,9439.0,-229.05002,173.25,70.85,7.0,-1.0,-inf,-1.0,0.0,0.0,0.0,0.0,0.0,-1.0,-1.0,-1.0,-1.0,-1.0,-1.0,7.0,-1.0,-1.0,-1.0,0.0,0.0,0.0,0.0,1.0,0.0,1.0,,-1.0,-1.0,-1.0,-inf,-inf,-inf,-1.0,-1.0,-1.0,-1.0,5.0,0.0,48.0,0.0,0.0,0.0,0.0,0.0,0.0,-1.0,-inf,-inf,-inf,0.0,0.0,0.0,0.0,0.0,0.0,-1.0,-inf,-inf,-inf,7693.0,0.0,5207.0,-1.0,-1.0,-1.0,-2245.9197,1850.0,-3461.1223,28,0.42857143,-inf,12.530295372009277,-inf,-inf,-inf,-inf,-inf,-inf,-inf,-1,-1.0,-inf,-inf,-inf,-inf,-inf,-inf,0.0,-1.0,-inf,-inf,-inf,-inf,-inf,-inf,14,12,0,1,1,0,1,0,0,12.530295372009277,-1.0,0.511998,-1.0,-inf,-inf,-inf,-inf,-inf,-inf,2.898887,11.781551,-4.7571826,0,13.03224,11,1,0.0,1.0,0.0,0.0,0.0,0.0,1.0,0.0,3,49,-1.0,0.22243966,0.90403116,-0.36503184,137.55002,30.75,364.55002,-1.0,-1.0,7.0,2.0,-13.0,-2245.9197,1850.0,-3461.1223,-611949.3161609999,20000164.0,8.084909439086914,-0.0,-1.0,-inf,-inf,-inf,-inf,-inf,-inf,0.0,0.0,0.0,0.0,0.0,-1.0,-inf,-inf,-inf,inf,inf,inf,inf,-inf,-inf,-inf,42.38159,30.927826,365.55682,-611788.626838,10.624283790588379,11.640841480831153,137.55002,31.649994,360.95,0.0,1.0,28.0,7.0,0.0,0.0,1.0,1.0,0.0,1.0,1.0,0.0,11.129834388854759,42.38159,30.927826,365.55682,-1.0,0.5110070919763932,-1.0,-inf,-inf,-inf,-inf,-inf,-inf,65535.0,65535.0,6.5441284,-1.1604015,9.54337,-1.0,0.0,62.0,134.0,134.0,48.0,65.0,11.629619598388672,14.0,-13.0,-2245.9197,1850.0,-3461.1223,-611949.3161609999,20000164.0,11.0,1.0,43.06479,31.89154,361.67728,-inf,-inf,-inf,8.084909439086914,-1.0,-inf,-inf,-inf,-inf,-inf,-inf,3.0,31.0,0.0,31.0,0.5627122,-0.09977983,0.820609,137.55002,31.649994,360.95,-611788.7852779999,20106642.0
0,0,12,2,7.0,0.7490556,-96.24999694824218,0.0,-1.0,-1.0,12.0,1.0,0.0,0.0,0.0,1.0,0.0,0.0,12.0,0.0,0.0,0.0,0.0,0.0,0.0,0.0,0.0,0.0,0.0,0.0,0.0,0.0,9439.0,-229.05002,173.25,70.85,7.0,-1.0,-inf,-1.0,0.0,0.0,0.0,0.0,0.0,-1.0,-1.0,-1.0,-1.0,-1.0,-1.0,7.0,-1.0,-1.0,-1.0,0.0,0.0,0.0,0.0,1.0,0.0,1.0,,-1.0,-1.0,-1.0,-inf,-inf,-inf,-1.0,-1.0,-1.0,-1.0,5.0,0.0,48.0,0.0,0.0,0.0,0.0,0.0,0.0,-1.0,-inf,-inf,-inf,0.0,0.0,0.0,0.0,0.0,0.0,-1.0,-inf,-inf,-inf,7693.0,0.0,5207.0,-1.0,-1.0,-1.0,-2245.9197,1850.0,-3461.1223,29,0.6469534,-inf,490.95294189453125,-inf,-inf,-inf,-inf,-inf,-inf,-inf,-1,-1.0,-inf,-inf,-inf,-inf,-inf,-inf,0.0,-1.0,-inf,-inf,-inf,-inf,-inf,-inf,18,12,0,0,1,0,0,0,1,490.95294189453125,-1.0,0.511998,-1.0,-inf,-inf,-inf,-inf,-inf,-inf,239.66971,-176.59663,391.0366,0,491.4647,11,1,0.0,1.0,0.0,0.0,0.0,0.0,1.0,0.0,3,1889,-1.0,0.48766413,-0.3593272,0.7956555,153.15,20.25,386.75003,-1.0,-1.0,7.0,3.0,-13.0,-2245.9197,1850.0,-3461.1223,-611949.3161609999,20000164.0,478.0882263183594,-0.0,-1.0,-inf,-inf,-inf,-inf,-inf,-inf,0.0,0.0,0.0,0.0,0.0,-1.0,-inf,-inf,-inf,inf,inf,inf,inf,-inf,-inf,-inf,75.93585,-2.9871216,425.6065,-611786.043494,474.99077463150024,603.8142968522103,151.05002,21.450012,382.85004,0.0,1.0,29.0,7.0,0.0,0.0,0.0,1.0,0.0,0.0,1.0,1.0,603.2970124728107,75.93585,-2.9871216,425.6065,-1.0,0.5172843793995875,-1.0,-inf,-inf,-inf,-inf,-inf,-inf,65535.0,65535.0,271.72366,-222.49289,491.17676,-1.0,0.0,1206.0,135.0,135.0,48.0,65.0,603.8140869140625,14.0,-13.0,-2245.9197,1850.0,-3461.1223,-611949.3161609999,20000164.0,11.0,1.0,56.33017,21.402222,383.54074,-inf,-inf,-inf,478.0882263183594,-1.0,-inf,-inf,-inf,-inf,-inf,-inf,3.0,1787.0,0.0,1715.0,0.45001212,-0.36847913,0.81345695,151.05002,21.450012,382.85004,-611787.8632349999,20106654.0
0,0,12,6,7.0,0.7490556,-96.24999694824218,0.0,-1.0,-1.0,12.0,1.0,0.0,0.0,0.0,1.0,0.0,0.0,12.0,0.0,0.0,0.0,0.0,0.0,0.0,0.0,0.0,0.0,0.0,0.0,0.0,0.0,9439.0,-229.05002,173.25,70.85,7.0,-1.0,-inf,-1.0,0.0,0.0,0.0,0.0,0.0,-1.0,-1.0,-1.0,-1.0,-1.0,-1.0,7.0,-1.0,-1.0,-1.0,0.0,0.0,0.0,0.0,1.0,0.0,1.0,,-1.0,-1.0,-1.0,-inf,-inf,-inf,-1.0,-1.0,-1.0,-1.0,5.0,0.0,48.0,0.0,0.0,0.0,0.0,0.0,0.0,-1.0,-inf,-inf,-inf,0.0,0.0,0.0,0.0,0.0,0.0,-1.0,-inf,-inf,-inf,7693.0,0.0,5207.0,-1.0,-1.0,-1.0,-2245.9197,1850.0,-3461.1223,27,0.22,-inf,4.5208001136779785,-inf,-inf,-inf,-inf,-inf,-inf,-inf,-1,-1.0,-inf,-inf,-inf,-inf,-inf,-inf,0.0,-1.0,-inf,-inf,-inf,-inf,-inf,-inf,33,12,0,1,1,0,1,0,0,4.5208001136779785,-1.0,0.511998,-1.0,-inf,-inf,-inf,-inf,-inf,-inf,2.508326,-0.06513846,4.3325477,0,5.0066867,11,1,0.0,1.0,0.0,0.0,0.0,0.0,1.0,0.0,3,16,-1.0,0.5009952,-0.013010293,0.8653523,122.25,43.649994,334.55002,-1.0,-1.0,7.0,1.0,-13.0,-2245.9197,1850.0,-3461.1223,-611949.3161609999,20000164.0,7.209891319274902,-0.0,-1.0,-inf,-inf,-inf,-inf,-inf,-inf,0.0,0.0,0.0,0.0,0.0,-1.0,-inf,-inf,-inf,inf,inf,inf,inf,-inf,-inf,-inf,29.4458,44.194,338.97815,-611789.724409,18.465325474739075,22.721327947143422,121.05002,45.149994,333.35004,0.0,1.0,27.0,7.0,0.0,0.0,1.0,1.0,0.0,1.0,1.0,0.0,22.210324960132162,29.4458,44.194,338.97815,-1.0,0.5110029870112608,-1.0,-inf,-inf,-inf,-inf,-inf,-inf,65535.0,65535.0,14.069312,-10.186175,14.638782,-1.0,0.0,136.0,133.0,133.0,48.0,65.0,22.7155818939209,14.0,-13.0,-2245.9197,1850.0,-3461.1223,-611949.3161609999,20000164.0,11.0,1.0,25.862915,45.44983,333.42258,-inf,-inf,-inf,7.209891319274902,-1.0,-inf,-inf,-inf,-inf,-inf,-inf,3.0,45.0,0.0,86.0,0.6193683,-0.44842237,0.6444379,121.05002,45.149994,333.35004,-611789.97783,20106627.0
0,0,12,7,7.0,0.7490556,-96.24999694824218,0.0,-1.0,-1.0,12.0,1.0,0.0,0.0,0.0,1.0,0.0,0.0,12.0,0.0,0.0,0.0,0.0,0.0,0.0,0.0,0.0,0.0,0.0,0.0,0.0,0.0,9439.0,-229.05002,173.25,70.85,7.0,-1.0,-inf,-1.0,0.0,0.0,0.0,0.0,0.0,-1.0,-1.0,-1.0,-1.0,-1.0,-1.0,7.0,-1.0,-1.0,-1.0,0.0,0.0,0.0,0.0,1.0,0.0,1.0,,-1.0,-1.0,-1.0,-inf,-inf,-inf,-1.0,-1.0,-1.0,-1.0,5.0,0.0,48.0,0.0,0.0,0.0,0.0,0.0,0.0,-1.0,-inf,-inf,-inf,0.0,0.0,0.0,0.0,0.0,0.0,-1.0,-inf,-inf,-inf,7693.0,0.0,5207.0,-1.0,-1.0,-1.0,-2245.9197,1850.0,-3461.1223,30,0.6857143,-inf,6.975059509277344,-inf,-inf,-inf,-inf,-inf,-inf,-inf,-1,-1.0,-inf,-inf,-inf,-inf,-inf,-inf,0.0,-1.0,-inf,-inf,-inf,-inf,-inf,-inf,42,12,0,1,1,0,1,0,0,6.975059509277344,-1.0,0.511998,-1.0,-inf,-inf,-inf,-inf,-inf,-inf,-5.2814865,5.282024,-0.00053733715,0,7.46953,11,1,0.0,1.0,0.0,0.0,0.0,0.0,1.0,0.0,3,27,-1.0,-0.70707077,0.7071427,-7.1937204e-05,186.15,-4.649994,441.35004,-1.0,-1.0,7.0,4.0,-13.0,-2245.9197,1850.0,-3461.1223,-611949.3161609999,20000164.0,8.77043628692627,-0.0,-1.0,-inf,-inf,-inf,-inf,-inf,-inf,0.0,0.0,0.0,0.0,0.0,-1.0,-inf,-inf,-inf,inf,inf,inf,inf,-inf,-inf,-inf,90.618866,-4.5714417,443.13376,-611785.309557,15.001583099365234,19.654701647987384,184.65,-4.649994,437.45,0.0,1.0,30.0,7.0,0.0,0.0,1.0,1.0,0.0,1.0,1.0,0.0,19.143728793408282,90.618866,-4.5714417,443.13376,-1.0,0.5109728545791021,-1.0,-inf,-inf,-inf,-inf,-inf,-inf,65535.0,65535.0,12.330742,-4.064115,14.74727,-1.0,0.0,101.0,136.0,136.0,48.0,65.0,19.64805793762207,14.0,-13.0,-2245.9197,1850.0,-3461.1223,-611949.3161609999,20000164.0,11.0,1.0,89.59097,-4.678253,438.185,-inf,-inf,-inf,8.77043628692627,-1.0,-inf,-inf,-inf,-inf,-inf,-inf,3.0,32.0,0.0,55.0,0.6275807,-0.20684564,0.75057137,184.65,-4.649994,437.45,-611785.5587299999,20106680.0
0,0,12,10,7.0,0.7490556,-96.24999694824218,0.0,-1.0,-1.0,12.0,1.0,0.0,0.0,0.0,1.0,0.0,0.0,12.0,0.0,0.0,0.0,0.0,0.0,0.0,0.0,0.0,0.0,0.0,0.0,0.0,0.0,9439.0,-229.05002,173.25,70.85,7.0,-1.0,-inf,-1.0,0.0,0.0,0.0,0.0,0.0,-1.0,-1.0,-1.0,-1.0,-1.0,-1.0,7.0,-1.0,-1.0,-1.0,0.0,0.0,0.0,0.0,1.0,0.0,1.0,,-1.0,-1.0,-1.0,-inf,-inf,-inf,-1.0,-1.0,-1.0,-1.0,5.0,0.0,48.0,0.0,0.0,0.0,0.0,0.0,0.0,-1.0,-inf,-inf,-inf,0.0,0.0,0.0,0.0,0.0,0.0,-1.0,-inf,-inf,-inf,7693.0,0.0,5207.0,-1.0,-1.0,-1.0,-2245.9197,1850.0,-3461.1223,14,0.00034494654,-inf,0.637356162071228,-inf,-inf,-inf,-inf,-inf,-inf,-inf,-1,-1.0,-inf,-inf,-inf,-inf,-inf,-inf,0.0,-1.0,-inf,-inf,-inf,-inf,-inf,-inf,46,12,0,1,1,0,1,0,0,0.637356162071228,-1.0,0.511998,-1.0,-inf,-inf,-inf,-inf,-inf,-inf,0.0,-1.0290155,0.0,0,1.0290155,11,1,0.0,1.0,0.0,0.0,0.0,0.0,1.0,0.0,3,2,-1.0,0.0,-1.0,0.0,141.45001,28.049988,366.95,-1.0,-1.0,7.0,0.0,-13.0,-2245.9197,1850.0,-3461.1223,-611949.3161609999,20000164.0,1127.2908935546875,-0.0,-1.0,-inf,-inf,-inf,-inf,-inf,-inf,0.0,0.0,0.0,0.0,0.0,-1.0,-inf,-inf,-inf,inf,inf,inf,inf,202.35,-18.450012,465.65,28487.717,-33833.035,50000.0,-609537.6690979999,992.1031168699265,14326.4059062759,-202.35,151.65,114.950005,0.0,1.0,14.0,7.0,1.0,0.0,0.0,1.0,1.0,0.0,1.0,1.0,14220.792500985597,202.35,-18.450012,465.65,-1.0,105.61340529030358,-1.0,-inf,-inf,-inf,-inf,-inf,-inf,65535.0,65535.0,6807.337,-5369.668,11404.454,-1.0,0.0,5786.0,65.0,65.0,48.0,65.0,14326.0166015625,14.0,0.0,-2245.9197,1850.0,-3461.1223,-611949.3161609999,20000164.0,-13.0,2.0,-2245.9197,1850.0,-3461.1223,-inf,-inf,-inf,1127.2908935546875,-1.0,-inf,-inf,-inf,-inf,-inf,-inf,1.0,5798.0,0.0,3320.0,0.47517306,-0.37481934,0.7960659,-202.35,151.65,114.950005,-611949.3161609999,20000164.0
0,0,12,11,7.0,0.7490556,-96.24999694824218,0.0,-1.0,-1.0,12.0,1.0,0.0,0.0,0.0,1.0,0.0,0.0,12.0,0.0,0.0,0.0,0.0,0.0,0.0,0.0,0.0,0.0,0.0,0.0,0.0,0.0,9439.0,-229.05002,173.25,70.85,7.0,-1.0,-inf,-1.0,0.0,0.0,0.0,0.0,0.0,-1.0,-1.0,-1.0,-1.0,-1.0,-1.0,7.0,-1.0,-1.0,-1.0,0.0,0.0,0.0,0.0,1.0,0.0,1.0,,-1.0,-1.0,-1.0,-inf,-inf,-inf,-1.0,-1.0,-1.0,-1.0,5.0,0.0,48.0,0.0,0.0,0.0,0.0,0.0,0.0,-1.0,-inf,-inf,-inf,0.0,0.0,0.0,0.0,0.0,0.0,-1.0,-inf,-inf,-inf,7693.0,0.0,5207.0,-1.0,-1.0,-1.0,-2245.9197,1850.0,-3461.1223,14,0.7257356,-inf,1295.209716796875,-96.24999694824218,-inf,-inf,-inf,-inf,-inf,-inf,-1,1709.5284816405847,-inf,-inf,1709.5284423828125,1688.129638671875,1917.0838623046875,1750.1256103515625,0.0,-1.0,0.4920816,-0.3757554,0.78527933,226.95001,-37.049988,504.95004,48,12,1,0,1,1,0,0,1,1492.19189453125,741.7679443359375,105.658,1492.1919033934212,-inf,-inf,1492.19189453125,1460.880126953125,911.6780395507812,1175.35791015625,759.62665,-617.7299,1258.3075,0,1594.3528,13,2,0.0,0.0,0.98562944,0.013066598,0.0013039318,0.0,0.013461751,0.9865383,1,7164,2.3874945640563965,0.4764483,-0.3874487,0.7892278,-229.05002,173.25,70.85,-1.0,-1.0,7.0,0.0,-13.0,-2245.9197,1850.0,-3461.1223,-611949.3161609999,20000164.0,1127.2908935546875,-0.0,-1.0,-inf,-inf,-inf,-inf,-inf,-inf,0.0,0.0,0.0,0.0,0.0,-1.0,-inf,-inf,-inf,inf,inf,inf,inf,202.35,-18.450012,465.65,28487.717,-33833.035,50000.0,-609537.6690979999,992.1031168699265,14326.4059062759,-202.35,151.65,114.950005,0.0,1.0,14.0,7.0,1.0,0.0,0.0,1.0,1.0,0.0,1.0,1.0,14220.792500985597,202.35,-18.450012,465.65,-1.0,105.61340529030358,-1.0,-inf,-inf,-inf,-inf,-inf,-inf,65535.0,65535.0,6807.337,-5369.668,11404.454,-1.0,0.0,5786.0,65.0,65.0,48.0,65.0,14326.0166015625,14.0,0.0,-2245.9197,1850.0,-3461.1223,-611949.3161609999,20000164.0,-13.0,2.0,-2245.9197,1850.0,-3461.1223,-inf,-inf,-inf,1127.2908935546875,-1.0,-inf,-inf,-inf,-inf,-inf,-inf,1.0,5798.0,0.0,3320.0,0.47517306,-0.37481934,0.7960659,-202.35,151.65,114.950005,-611949.3161609999,20000164.0
0,0,13,0,4.0,0.70940346,-inf,0.0,-1.0,-1.0,13.0,0.0,0.0,0.0,0.0,1.0,0.0,0.0,3.0,0.0,0.0,0.0,0.0,0.0,0.0,0.0,0.0,0.0,0.0,0.0,0.0,0.0,4874.0,233.85004,-179.25,138.05002,4.0,-1.0,-inf,-1.0,0.0,0.0,0.0,0.0,0.0,-1.0,-1.0,-1.0,-1.0,-1.0,-1.0,4.0,-1.0,-1.0,-1.0,0.0,0.0,0.0,0.0,1.0,0.0,1.0,,-1.0,-1.0,-1.0,-inf,-inf,-inf,-1.0,-1.0,-1.0,-1.0,3.0,0.0,16.0,0.0,0.0,0.0,0.0,0.0,0.0,-1.0,-inf,-inf,-inf,0.0,0.0,0.0,0.0,0.0,0.0,-1.0,-inf,-inf,-inf,3579.0,0.0,2014.0,-1.0,-1.0,-1.0,-314.80475,1850.0,893.8302,36,0.6785714,-inf,3.003528356552124,-inf,-inf,-inf,-inf,-inf,-inf,-inf,-1,-1.0,-inf,-inf,-inf,-inf,-inf,-inf,0.0,-1.0,-inf,-inf,-inf,-inf,-inf,-inf,24,13,0,1,1,0,1,0,0,3.003528356552124,-1.0,0.511998,-1.0,-inf,-inf,-inf,-inf,-inf,-inf,-2.459348,0.0,2.459348,0,3.4780433,11,1,0.0,1.0,0.0,0.0,0.0,0.0,1.0,0.0,3,20,-1.0,-0.70710677,0.0,0.70710677,189.75,-22.649994,187.55002,-1.0,-1.0,4.0,2.0,-13.0,-314.80475,1850.0,893.8302,-617012.00354,20000083.0,4.995335578918457,-0.0,-1.0,-inf,-inf,-inf,-inf,-inf,-inf,0.0,0.0,0.0,0.0,0.0,-1.0,-inf,-inf,-inf,inf,inf,inf,inf,-inf,-inf,-inf,93.9014,-22.000793,188.48444,-616943.4467249999,5.48732852935791,6.092669692004991,189.15,-21.75,187.55002,0.0,1.0,36.0,4.0,0.0,0.0,1.0,1.0,0.0,1.0,1.0,0.0,5.5816676461515256,93.9014,-22.000793,188.48444,-1.0,0.5110020458534651,-1.0,-inf,-inf,-inf,-inf,-inf,-inf,65535.0,65535.0,1.3262744,-5.8876276,0.66056126,-1.0,0.0,42.0,186.0,186.0,16.0,33.0,6.071202754974365,11.0,-13.0,-9223372000000.0,-9223372000000.0,-9223372000000.0,-9223372036854.775,20000083.0,11.0,1.0,94.17764,-21.633514,186.86569,-inf,-inf,-inf,4.995335578918457,-1.0,-inf,-inf,-inf,-inf,-inf,-inf,3.0,27.0,0.0,13.0,0.21845332,-0.969763,0.10880237,189.15,-21.75,187.55002,-616943.539641,20543791.0
0,0,13,1,4.0,0.70940346,-inf,0.0,-1.0,-1.0,13.0,0.0,0.0,0.0,0.0,1.0,0.0,0.0,3.0,0.0,0.0,0.0,0.0,0.0,0.0,0.0,0.0,0.0,0.0,0.0,0.0,0.0,4874.0,233.85004,-179.25,138.05002,4.0,-1.0,-inf,-1.0,0.0,0.0,0.0,0.0,0.0,-1.0,-1.0,-1.0,-1.0,-1.0,-1.0,4.0,-1.0,-1.0,-1.0,0.0,0.0,0.0,0.0,1.0,0.0,1.0,,-1.0,-1.0,-1.0,-inf,-inf,-inf,-1.0,-1.0,-1.0,-1.0,3.0,0.0,16.0,0.0,0.0,0.0,0.0,0.0,0.0,-1.0,-inf,-inf,-inf,0.0,0.0,0.0,0.0,0.0,0.0,-1.0,-inf,-inf,-inf,3579.0,0.0,2014.0,-1.0,-1.0,-1.0,-314.80475,1850.0,893.8302,35,0.6363636,-inf,1.5635321140289307,-inf,-inf,-inf,-inf,-inf,-inf,-inf,-1,-1.0,-inf,-inf,-inf,-inf,-inf,-inf,0.0,-1.0,-inf,-inf,-inf,-inf,-inf,-inf,27,13,0,1,1,0,1,0,0,1.5635321140289307,-1.0,0.511998,-1.0,-inf,-inf,-inf,-inf,-inf,-inf,0.0,-1.4222665,1.4222665,0,2.0113885,11,1,0.0,1.0,0.0,0.0,0.0,0.0,1.0,0.0,3,7,-1.0,0.0,-0.70710677,0.70710677,168.75,55.649994,213.05002,-1.0,-1.0,4.0,1.0,-13.0,-314.80475,1850.0,893.8302,-617012.00354,20000083.0,2.5733859539031982,-0.0,-1.0,-inf,-inf,-inf,-inf,-inf,-inf,0.0,0.0,0.0,0.0,0.0,-1.0,-inf,-inf,-inf,inf,inf,inf,inf,-inf,-inf,-inf,73.08807,55.67328,213.17407,-616946.353461,4.936897277832031,5.862580140943406,168.75,55.649994,212.75,0.0,1.0,35.0,4.0,0.0,0.0,1.0,1.0,0.0,1.0,1.0,0.0,5.3515816991462115,73.08807,55.67328,213.17407,-1.0,0.5109984417971942,-1.0,-inf,-inf,-inf,-inf,-inf,-inf,65535.0,65535.0,0.8719029,-5.774667,0.041650806,-1.0,0.0,35.0,185.0,185.0,16.0,33.0,5.840267181396484,11.0,-13.0,-9223372000000.0,-9223372000000.0,-9223372000000.0,-9223372036854.775,20000083.0,11.0,1.0,73.864075,56.831055,212.65881,-inf,-inf,-inf,2.5733859539031982,-1.0,-inf,-inf,-inf,-inf,-inf,-inf,3.0,11.0,0.0,12.0,0.1492916,-0.98876756,0.007131661,168.75,55.649994,212.75,-616946.425241,20543759.0
0,0,13,2,4.0,0.70940346,-inf,0.0,-1.0,-1.0,13.0,0.0,0.0,0.0,0.0,1.0,0.0,0.0,3.0,0.0,0.0,0.0,0.0,0.0,0.0,0.0,0.0,0.0,0.0,0.0,0.0,0.0,4874.0,233.85004,-179.25,138.05002,4.0,-1.0,-inf,-1.0,0.0,0.0,0.0,0.0,0.0,-1.0,-1.0,-1.0,-1.0,-1.0,-1.0,4.0,-1.0,-1.0,-1.0,0.0,0.0,0.0,0.0,1.0,0.0,1.0,,-1.0,-1.0,-1.0,-inf,-inf,-inf,-1.0,-1.0,-1.0,-1.0,3.0,0.0,16.0,0.0,0.0,0.0,0.0,0.0,0.0,-1.0,-inf,-inf,-inf,0.0,0.0,0.0,0.0,0.0,0.0,-1.0,-inf,-inf,-inf,3579.0,0.0,2014.0,-1.0,-1.0,-1.0,-314.80475,1850.0,893.8302,11,0.7066124,-inf,835.0707397460938,-inf,-inf,-inf,-inf,-inf,-inf,-inf,-1,948.2880009445378,-inf,-inf,948.2880249023438,948.9107666015625,1223.1051025390625,1068.356201171875,0.0,-1.0,-0.26183042,0.88639295,0.38177538,126.149994,199.05002,270.35,50,13,0,0,1,1,0,0,1,960.191650390625,418.9018859863281,105.658,960.1916487379924,-inf,-inf,960.191650390625,930.1737060546875,477.7880859375,676.1900024414062,-215.78131,913.31866,494.12485,0,1060.5997,13,2,0.0,0.0,0.98769176,0.011498861,0.00080939004,0.0,0.008432293,0.99156773,1,4847,3.922403573989868,-0.20345215,0.8611341,0.4658919,233.85004,-179.25,138.05002,-1.0,-1.0,4.0,0.0,-13.0,-314.80475,1850.0,893.8302,-617012.00354,20000083.0,596.5863037109375,-0.0,-1.0,-inf,-inf,-inf,-inf,-inf,-inf,0.0,0.0,0.0,0.0,0.0,-1.0,-inf,-inf,-inf,inf,inf,inf,inf,202.04996,-64.350006,175.84998,138.07047,-180.53296,137.71283,-615348.387121,591.95751953125,1226.4312482536604,126.149994,199.04996,270.35,0.0,1.0,11.0,4.0,1.0,0.0,0.0,1.0,1.0,0.0,1.0,1.0,1120.7726863997732,202.04996,-64.350006,175.84998,-1.0,105.65856185388732,-1.0,-inf,-inf,-inf,-inf,-inf,-inf,65535.0,65535.0,238.265,-1120.434,-425.238,-1.0,0.0,3541.0,33.0,33.0,16.0,33.0,1221.8714599609375,11.0,0.0,-314.80475,1850.0,893.8302,-617012.00354,20000083.0,-13.0,2.0,-314.80475,1850.0,893.8302,-inf,-inf,-inf,596.5863037109375,-1.0,-inf,-inf,-inf,-inf,-inf,-inf,1.0,3541.0,0.0,1989.0,0.19500005,-0.9169819,-0.3480219,126.149994,199.04996,270.35,-617012.00354,20000083.0
0,0,14,0,1.0,0.9815777,-inf,0.0,-1.0,-1.0,14.0,0.0,0.0,1.0,0.0,1.0,1.0,0.0,3.0,0.0,0.0,0.0,0.0,0.0,0.0,0.0,0.0,0.0,0.0,0.0,0.0,0.0,2102.0,176.55002,-5.549988,198.95001,1.0,-1.0,-inf,-1.0,0.0,0.0,0.0,0.0,0.0,-1.0,-1.0,-1.0,-1.0,-1.0,-1.0,1.0,-1.0,-1.0,-1.0,0.0,0.0,0.0,0.0,1.0,1.0,1.0,,-1.0,-1.0,-1.0,-inf,-inf,-inf,-1.0,-1.0,-1.0,-1.0,4.0,0.0,5.0,0.0,0.0,0.0,0.0,0.0,0.0,-1.0,-inf,-inf,-inf,0.0,0.0,0.0,0.0,0.0,0.0,-1.0,-inf,-inf,-inf,2093.0,0.0,1169.0,-1.0,-1.0,-1.0,1542.6814,1850.0,157.60458,44,0.71428573,-inf,9.795079231262207,-inf,-inf,-inf,-inf,-inf,-inf,-inf,-1,-1.0,-inf,-inf,-inf,-inf,-inf,-inf,0.0,-1.0,-inf,-inf,-inf,-inf,-inf,-inf,25,14,0,1,1,0,1,0,0,9.795079231262207,-1.0,0.511998,-1.0,-inf,-inf,-inf,-inf,-inf,-inf,0.0,-4.6033998,-9.207736,0,10.294353,11,1,0.0,1.0,0.0,0.0,0.0,0.0,1.0,0.0,3,24,-1.0,0.0,-0.4471772,-0.89444536,115.95001,-88.65001,200.15002,-1.0,-1.0,1.0,2.0,-13.0,1542.6814,1850.0,157.60458,158102.533874,20000022.0,12.064939498901367,-0.0,-1.0,-inf,-inf,-inf,-inf,-inf,-inf,0.0,0.0,0.0,0.0,0.0,-1.0,-inf,-inf,-inf,inf,inf,inf,inf,-inf,-inf,-inf,141.00064,-88.8817,200.03406,158182.413833,12.5770263671875,15.062083113167674,118.350006,-87.14998,201.05002,0.0,1.0,44.0,1.0,0.0,0.0,1.0,1.0,0.0,1.0,1.0,0.0,14.551095990231337,141.00064,-88.8817,200.03406,-1.0,0.5109871229363366,-1.0,-inf,-inf,-inf,-inf,-inf,-inf,65535.0,65535.0,-9.851144,-10.93902,-3.1461158,-1.0,0.0,38.0,239.0,239.0,5.0,22.0,15.053412437438965,8.0,-13.0,1542.6814,1850.0,157.60458,158102.533874,20000022.0,11.0,1.0,143.60321,-87.29784,201.06403,-inf,-inf,-inf,12.064939498901367,-1.0,-inf,-inf,-inf,-inf,-inf,-inf,3.0,24.0,0.0,34.0,-0.6544127,-0.7266804,-0.20899685,118.350006,-87.14998,201.05002,158182.262526,20743829.0
0,0,14,1,1.0,0.9815777,-inf,0.0,-1.0,-1.0,14.0,0.0,0.0,1.0,0.0,1.0,1.0,0.0,3.0,0.0,0.0,0.0,0.0,0.0,0.0,0.0,0.0,0.0,0.0,0.0,0.0,0.0,2102.0,176.55002,-5.549988,198.95001,1.0,-1.0,-inf,-1.0,0.0,0.0,0.0,0.0,0.0,-1.0,-1.0,-1.0,-1.0,-1.0,-1.0,1.0,-1.0,-1.0,-1.0,0.0,0.0,0.0,0.0,1.0,1.0,1.0,,-1.0,-1.0,-1.0,-inf,-inf,-inf,-1.0,-1.0,-1.0,-1.0,4.0,0.0,5.0,0.0,0.0,0.0,0.0,0.0,0.0,-1.0,-inf,-inf,-inf,0.0,0.0,0.0,0.0,0.0,0.0,-1.0,-inf,-inf,-inf,2093.0,0.0,1169.0,-1.0,-1.0,-1.0,1542.6814,1850.0,157.60458,45,0.6315789,-inf,4.378588676452637,-inf,-inf,-inf,-inf,-inf,-inf,-inf,-1,-1.0,-inf,-inf,-inf,-inf,-inf,-inf,0.0,-1.0,-inf,-inf,-inf,-inf,-inf,-inf,26,14,0,1,1,0,1,0,0,4.378588676452637,-1.0,0.511998,-1.0,-inf,-inf,-inf,-inf,-inf,-inf,0.0,-3.4392517,3.439077,0,4.863713,11,1,0.0,1.0,0.0,0.0,0.0,0.0,1.0,0.0,3,14,-1.0,0.0,-0.7071248,0.7070889,114.75,-92.850006,202.25003,-1.0,-1.0,1.0,3.0,-13.0,1542.6814,1850.0,157.60458,158102.533874,20000022.0,4.976492404937744,-0.0,-1.0,-inf,-inf,-inf,-inf,-inf,-inf,0.0,0.0,0.0,0.0,0.0,-1.0,-inf,-inf,-inf,inf,inf,inf,inf,-inf,-inf,-inf,139.53177,-94.09082,202.72116,158182.569522,8.779668807983398,9.346305924809354,115.649994,-91.04999,201.05002,0.0,1.0,45.0,1.0,0.0,0.0,1.0,1.0,0.0,1.0,1.0,0.0,8.835308110432134,139.53177,-94.09082,202.72116,-1.0,0.5109978143772199,-1.0,-inf,-inf,-inf,-inf,-inf,-inf,65535.0,65535.0,-6.3891273,-6.2626,2.6554108,-1.0,0.0,48.0,240.0,240.0,5.0,22.0,9.33232593536377,8.0,-13.0,-9223372000000.0,-9223372000000.0,-9223372000000.0,-9223372036854.775,20000022.0,11.0,1.0,140.92575,-91.13498,201.14447,-inf,-inf,-inf,4.976492404937744,-1.0,-inf,-inf,-inf,-inf,-inf,-inf,3.0,17.0,0.0,21.0,-0.68462324,-0.6710653,0.284539,115.649994,-91.04999,201.05002,158182.41863099998,20743831.0
0,0,14,2,1.0,0.9815777,-inf,0.0,-1.0,-1.0,14.0,0.0,0.0,1.0,0.0,1.0,1.0,0.0,3.0,0.0,0.0,0.0,0.0,0.0,0.0,0.0,0.0,0.0,0.0,0.0,0.0,0.0,2102.0,176.55002,-5.549988,198.95001,1.0,-1.0,-inf,-1.0,0.0,0.0,0.0,0.0,0.0,-1.0,-1.0,-1.0,-1.0,-1.0,-1.0,1.0,-1.0,-1.0,-1.0,0.0,0.0,0.0,0.0,1.0,1.0,1.0,,-1.0,-1.0,-1.0,-inf,-inf,-inf,-1.0,-1.0,-1.0,-1.0,4.0,0.0,5.0,0.0,0.0,0.0,0.0,0.0,0.0,-1.0,-inf,-inf,-inf,0.0,0.0,0.0,0.0,0.0,0.0,-1.0,-inf,-inf,-inf,2093.0,0.0,1169.0,-1.0,-1.0,-1.0,1542.6814,1850.0,157.60458,8,0.98165137,-inf,490.68310546875,-inf,-inf,-inf,-inf,-inf,-inf,-inf,-1,548.5620688406489,-inf,-inf,548.5620727539062,558.521484375,816.0332641601562,686.1109619140625,0.0,-1.0,-0.59690934,-0.8021916,0.013704846,37.350006,-199.65001,203.45001,51,14,0,0,1,1,1,0,1,1968.7340087890625,239.8114013671875,105.658,1968.7339919664057,-inf,-inf,1968.7340087890625,1936.8255615234375,1335.99560546875,1636.0308837890625,-1202.1638,-1686.3278,55.12777,0,2071.6995,13,2,0.0,0.0,0.9546607,0.043255728,0.002083488,0.0,0.010421053,0.98957896,1,2064,2.275155544281006,-0.58027905,-0.81398284,0.026609926,176.55002,-5.549988,198.95001,-1.0,-1.0,1.0,0.0,-13.0,1542.6814,1850.0,157.60458,158102.533874,20000022.0,541.3148803710938,-0.0,-1.0,-inf,-inf,-inf,-inf,-inf,-inf,0.0,0.0,0.0,0.0,0.0,-1.0,-inf,-inf,-inf,inf,inf,inf,inf,37.350006,-199.65,203.45001,-36320.668,-50000.0,1194.2756,160244.659178,527.0857543945312,11476.53401952127,176.54996,-5.549988,198.95001,0.0,1.0,8.0,1.0,1.0,0.0,0.0,1.0,1.0,1.0,1.0,1.0,11370.850050873978,37.350006,-199.65,203.45001,-1.0,105.68396864729208,-1.0,-inf,-inf,-inf,-inf,-inf,-inf,65535.0,65535.0,-6742.506,-9283.675,227.29,-1.0,0.0,2040.0,22.0,22.0,5.0,22.0,11476.0478515625,8.0,0.0,1542.6814,1850.0,157.60458,158102.533874,20000022.0,-13.0,2.0,1542.6814,1850.0,157.60458,-inf,-inf,-inf,541.3148803710938,-1.0,-inf,-inf,-inf,-inf,-inf,-inf,1.0,2040.0,0.0,1098.0,-0.5875286,-0.808961,0.019805599,176.54996,-5.549988,198.95001,158102.533874,20000022.0
0,0,15,0,3.0,0.9791667,-inf,0.0,-1.0,-1.0,15.0,0.0,0.0,1.0,0.0,1.0,1.0,0.0,2.0,0.0,0.0,0.0,0.0,0.0,0.0,0.0,0.0,0.0,0.0,0.0,0.0,0.0,473.0,82.350006,-141.15001,378.65002,3.0,-1.0,-inf,-1.0,0.0,0.0,0.0,0.0,0.0,-1.0,-1.0,-1.0,-1.0,-1.0,-1.0,3.0,-1.0,-1.0,-1.0,0.0,0.0,0.0,0.0,1.0,1.0,1.0,,-1.0,-1.0,-1.0,-inf,-inf,-inf,-1.0,-1.0,-1.0,-1.0,3.0,0.0,14.0,0.0,0.0,0.0,0.0,0.0,0.0,-1.0,-inf,-inf,-inf,0.0,0.0,0.0,0.0,0.0,0.0,-1.0,-inf,-inf,-inf,477.0,0.0,519.0,-1.0,-1.0,-1.0,2331.5374,1850.0,-121.148254,37,0.84090906,-inf,12.213251113891602,-inf,-inf,-inf,-inf,-inf,-inf,-inf,-1,-1.0,-inf,-inf,-inf,-inf,-inf,-inf,0.0,-1.0,-inf,-inf,-inf,-inf,-inf,-inf,37,15,0,1,1,0,1,0,0,12.213251113891602,-1.0,0.511998,-1.0,-inf,-inf,-inf,-inf,-inf,-inf,-11.755918,-4.5309105,-1.7143748,0,12.714945,11,1,0.0,1.0,0.0,0.0,0.0,0.0,1.0,0.0,3,40,-1.0,-0.9245748,-0.35634527,-0.13483147,42.149994,-181.65001,392.15002,-1.0,-1.0,3.0,1.0,-13.0,2331.5374,1850.0,-121.148254,761163.2777709999,20000072.0,13.3992280960083,-0.0,-1.0,-inf,-inf,-inf,-inf,-inf,-inf,0.0,0.0,0.0,0.0,0.0,-1.0,-inf,-inf,-inf,inf,inf,inf,inf,-inf,-inf,-inf,159.5322,-184.09566,391.09564,761264.214548,13.526762962341309,14.140412467905575,42.75,-180.75,392.45,0.0,1.0,37.0,3.0,0.0,0.0,1.0,1.0,0.0,1.0,1.0,0.0,13.629423492288122,159.5322,-184.09566,391.09564,-1.0,0.5109889756174526,-1.0,-inf,-inf,-inf,-inf,-inf,-inf,65535.0,65535.0,-10.692882,-9.232459,0.3378286,-1.0,0.0,52.0,198.0,198.0,14.0,31.0,14.131176948547363,10.0,-13.0,2331.5374,1850.0,-121.148254,761163.2777709999,20000072.0,11.0,1.0,161.82242,-180.91188,392.61768,-inf,-inf,-inf,13.3992280960083,-1.0,-inf,-inf,-inf,-inf,-inf,-inf,3.0,41.0,0.0,31.0,-0.7566873,-0.6533397,0.023906615,42.75,-180.75,392.45,761264.0043009999,20606131.0
0,0,15,1,3.0,0.9791667,-inf,0.0,-1.0,-1.0,15.0,0.0,0.0,1.0,0.0,1.0,1.0,0.0,2.0,0.0,0.0,0.0,0.0,0.0,0.0,0.0,0.0,0.0,0.0,0.0,0.0,0.0,473.0,82.350006,-141.15001,378.65002,3.0,-1.0,-inf,-1.0,0.0,0.0,0.0,0.0,0.0,-1.0,-1.0,-1.0,-1.0,-1.0,-1.0,3.0,-1.0,-1.0,-1.0,0.0,0.0,0.0,0.0,1.0,1.0,1.0,,-1.0,-1.0,-1.0,-inf,-inf,-inf,-1.0,-1.0,-1.0,-1.0,3.0,0.0,14.0,0.0,0.0,0.0,0.0,0.0,0.0,-1.0,-inf,-inf,-inf,0.0,0.0,0.0,0.0,0.0,0.0,-1.0,-inf,-inf,-inf,477.0,0.0,519.0,-1.0,-1.0,-1.0,2331.5374,1850.0,-121.148254,10,0.9678899,-inf,176.1458740234375,-inf,-inf,-inf,-inf,-inf,-inf,-inf,-1,221.48375113239757,-inf,-inf,221.48374938964844,233.7980499267578,414.6863098144531,331.31219482421875,0.0,-1.0,-0.69171864,-0.6705321,0.26816425,23.25,-199.65001,400.25003,62,15,0,0,1,1,1,0,1,391.6813049316406,86.31290435791016,105.658,391.6813000149634,-inf,-inf,391.6813049316406,366.06085205078125,118.39119720458984,199.0709686279297,-333.21854,-334.33163,115.63101,0,485.9864,13,2,0.0,0.0,0.9082462,0.07963452,0.012119216,0.0,0.017115412,0.9828846,1,433,2.373633623123169,-0.68565404,-0.6879445,0.23793055,82.350006,-141.15001,378.65002,-1.0,-1.0,3.0,0.0,-13.0,2331.5374,1850.0,-121.148254,761163.2777709999,20000072.0,182.6049346923828,-0.0,-1.0,-inf,-inf,-inf,-inf,-inf,-inf,0.0,0.0,0.0,0.0,0.0,-1.0,-inf,-inf,-inf,inf,inf,inf,inf,23.25,-199.65,400.25,-285.5011,-638.70184,573.26843,763661.652354,175.7861785888672,3950.322655576001,82.350006,-141.15,378.65,0.0,1.0,10.0,3.0,1.0,0.0,0.0,1.0,1.0,1.0,1.0,1.0,3844.662430528782,23.25,-199.65,400.25,-1.0,105.66022504721917,-1.0,-inf,-inf,-inf,-inf,-inf,-inf,65535.0,65535.0,-2872.162,-2637.697,622.194,-1.0,0.0,425.0,31.0,31.0,14.0,31.0,3948.909423828125,10.0,0.0,2331.5374,1850.0,-121.148254,761163.2777709999,20000072.0,-13.0,2.0,2331.5374,1850.0,-121.148254,-inf,-inf,-inf,182.6049346923828,-1.0,-inf,-inf,-inf,-inf,-inf,-inf,1.0,425.0,0.0,473.0,-0.72733045,-0.6679558,0.15756096,82.350006,-141.15,378.65,761163.2777709999,20000072.0
0,0,16,0,10.0,0.9244898,-inf,0.0,-1.0,-1.0,16.0,0.0,0.0,0.0,0.0,1.0,0.0,0.0,2.0,0.0,0.0,0.0,0.0,0.0,0.0,0.0,0.0,0.0,0.0,0.0,0.0,0.0,483.0,171.15,199.65,432.05002,10.0,-1.0,-inf,-1.0,0.0,0.0,0.0,0.0,0.0,-1.0,-1.0,-1.0,-1.0,-1.0,-1.0,10.0,-1.0,-1.0,-1.0,0.0,0.0,0.0,0.0,1.0,0.0,1.0,,-1.0,-1.0,-1.0,-inf,-inf,-inf,-1.0,-1.0,-1.0,-1.0,2.0,0.0,57.0,0.0,0.0,0.0,0.0,0.0,0.0,-1.0,-inf,-inf,-inf,0.0,0.0,0.0,0.0,0.0,0.0,-1.0,-inf,-inf,-inf,460.0,0.0,448.0,-1.0,-1.0,-1.0,-621.01324,1850.0,177.08942,18,0.72727275,-inf,22.690176010131836,-inf,-inf,-inf,-inf,-inf,-inf,-inf,-1,-1.0,-inf,-inf,-inf,-inf,-inf,-inf,0.0,-1.0,-inf,-inf,-inf,-inf,-inf,-inf,41,16,0,0,1,0,1,0,0,22.690176010131836,-1.0,0.511998,-1.0,-inf,-inf,-inf,-inf,-inf,-inf,12.742748,-19.229738,-2.4327261,0,23.196522,11,1,0.0,1.0,0.0,0.0,0.0,0.0,1.0,0.0,3,62,-1.0,0.5493387,-0.82899225,-0.104874596,193.65,157.65,436.25003,-1.0,-1.0,10.0,1.0,-13.0,-621.01324,1850.0,177.08942,-13889.662596999999,20000189.0,26.80717658996582,-0.0,-1.0,-inf,-inf,-inf,-inf,-inf,-inf,0.0,0.0,0.0,0.0,0.0,-1.0,-inf,-inf,-inf,inf,inf,inf,inf,-inf,-inf,-inf,196.73154,150.55563,436.87723,-13826.001634,34.5434455871582,41.963505764415174,190.65,163.04996,436.55,0.0,1.0,18.0,10.0,0.0,0.0,0.0,1.0,0.0,1.0,1.0,1.0,41.452374183283204,196.73154,150.55563,436.87723,-1.0,0.5111315811319671,-1.0,-inf,-inf,-inf,-inf,-inf,-inf,65535.0,65535.0,24.67022,-33.75536,3.553948,-1.0,0.0,122.0,90.0,90.0,57.0,74.0,41.960391998291016,17.0,-13.0,-621.01324,1850.0,177.08942,-13889.662596999999,20000189.0,11.0,1.0,188.32254,163.04163,436.62122,-inf,-inf,-inf,26.80717658996582,-1.0,-inf,-inf,-inf,-inf,-inf,-inf,3.0,71.0,0.0,109.0,0.58794063,-0.80445766,0.08469768,190.65,163.04996,436.55,-13826.562259,20054338.0
0,0,16,1,10.0,0.9244898,-inf,0.0,-1.0,-1.0,16.0,0.0,0.0,0.0,0.0,1.0,0.0,0.0,2.0,0.0,0.0,0.0,0.0,0.0,0.0,0.0,0.0,0.0,0.0,0.0,0.0,0.0,483.0,171.15,199.65,432.05002,10.0,-1.0,-inf,-1.0,0.0,0.0,0.0,0.0,0.0,-1.0,-1.0,-1.0,-1.0,-1.0,-1.0,10.0,-1.0,-1.0,-1.0,0.0,0.0,0.0,0.0,1.0,0.0,1.0,,-1.0,-1.0,-1.0,-inf,-inf,-inf,-1.0,-1.0,-1.0,-1.0,2.0,0.0,57.0,0.0,0.0,0.0,0.0,0.0,0.0,-1.0,-inf,-inf,-inf,0.0,0.0,0.0,0.0,0.0,0.0,-1.0,-inf,-inf,-inf,460.0,0.0,448.0,-1.0,-1.0,-1.0,-621.01324,1850.0,177.08942,17,0.90140843,-inf,149.03964233398438,-inf,-inf,-inf,-inf,-inf,-inf,-inf,-1,186.51633371289788,-inf,-inf,186.51632690429688,198.2534637451172,363.07501220703125,287.8517150878906,0.0,-1.0,0.46753377,-0.87716484,0.109517366,203.55002,138.75,439.55002,63,16,0,0,1,1,0,0,1,867.4276123046875,69.80241394042969,105.658,867.4275965339992,-inf,-inf,867.4276123046875,837.7793579101562,409.3504638671875,592.3473510742188,450.69577,-849.74585,102.65111,0,967.3324,13,2,0.0,0.0,0.8541754,0.1299057,0.015918914,0.0,0.010728673,0.98927134,1,421,2.00189471244812,0.46591613,-0.87844247,0.10611772,171.15,199.65,432.05002,-1.0,-1.0,10.0,0.0,-13.0,-621.01324,1850.0,177.08942,-13889.662596999999,20000189.0,149.04534912109375,-0.0,-1.0,-inf,-inf,-inf,-inf,-inf,-inf,0.0,0.0,0.0,0.0,0.0,-1.0,-inf,-inf,-inf,inf,inf,inf,inf,202.04996,142.05002,439.25,554.4175,-618.0632,508.46634,-12398.747746,135.02818298339844,2041.7311234511346,171.15,199.65,432.05,0.0,1.0,17.0,10.0,1.0,0.0,0.0,1.0,1.0,0.0,1.0,1.0,1936.0749335281955,202.04996,142.05002,439.25,-1.0,105.65618992293916,-1.0,-inf,-inf,-inf,-inf,-inf,-inf,65535.0,65535.0,865.346,-1822.998,292.159,-1.0,0.0,389.0,74.0,74.0,57.0,74.0,2038.9954833984375,17.0,0.0,-621.01324,1850.0,177.08942,-13889.662596999999,20000189.0,-13.0,2.0,-621.01324,1850.0,177.08942,-inf,-inf,-inf,149.04534912109375,-1.0,-inf,-inf,-inf,-inf,-inf,-inf,1.0,389.0,0.0,339.0,0.42439818,-0.89406675,0.14328575,171.15,199.65,432.05,-13889.662596999999,20000189.0
0,0,17,0,0.0,0.050345287,-inf,0.0,-1.0,-1.0,17.0,0.0,1.0,1.0,0.0,1.0,1.0,0.0,1.0,0.0,0.0,0.0,0.0,0.0,0.0,0.0,0.0,0.0,0.0,0.0,0.0,0.0,231.0,-83.25,147.15,287.45,0.0,0.29603603354945585,-inf,0.0,0.0,0.0,0.0,0.0,0.0,-1.0,1.6698049306869507,0.0,-1.0,-1.0,1.2825056812189444,0.0,0.34577533335813804,10.0,1000.0,0.0,0.0,1.0,0.0,1.0,1.0,1.0,0.0,0.0,4.0,0.0,-0.0037223538,0.013810329,1.6697437,0.3209684394278996,0.0,0.0,2000000201.0,8.0,0.0,0.0,0.0,0.0,0.0,0.0,0.0,0.0,14.0,-104.735245,120.35458,255.72675,0.0,0.0,0.0,0.0,0.0,0.0,0.0,-inf,-inf,-inf,4484.0,0.0,2234.0,1000180400.0,0.4196206415409814,0.0,-104.735245,120.35458,255.72675,6,0.9535865,-inf,116.24708557128906,-inf,-inf,-inf,-inf,-inf,-inf,-inf,-1,178.345964944114,-inf,-inf,78.20974731445312,85.73162078857422,178.34596252441406,137.4017791748047,0.0,-1.0,0.62757635,0.48428616,0.6096022,-70.05,157.05002,300.35,57,17,0,1,1,0,1,0,1,178.34596252441406,21.369871139526367,938.272,204.74685536271875,-inf,-inf,555.629638671875,527.9758911132812,204.74685668945312,324.76953125,383.1048,278.97324,376.6776,0,605.377,2212,4,0.0,0.0,0.0039634113,0.02417579,0.97186077,0.0,0.9949726,0.00502741,1,231,-1.0,0.6328367,0.4608256,0.62221986,-83.25,147.15,287.45,-1.0,-1.0,0.0,6.0,2212.0,-104.735245,120.35458,255.72675,979.739374,10000006.0,177.1419219970703,-0.0,-1.0,-inf,-inf,-inf,-inf,-inf,-inf,0.0,0.0,0.0,0.0,0.0,-1.0,-inf,-inf,-inf,inf,inf,inf,inf,-70.05,157.65,299.74997,-70.26906,158.42957,300.1777,984.2087409999999,177.14183044433594,1115.4796894423748,-82.95,147.75,287.45,0.0,1.0,6.0,0.0,0.0,0.0,1.0,1.0,0.0,1.0,1.0,1.0,177.20767394875634,-70.05,157.65,299.74997,-1.0,938.2720154936185,-1.0,-inf,-inf,-inf,-inf,-inf,-inf,65535.0,65535.0,383.99814,276.05884,374.5364,0.0,0.0,232.0,15.0,15.0,0.0,9.223372036854776e+18,603.2748413085938,6.0,2112.0,-101.9512,124.97208,262.4413,980.12995,10000009.0,2212.0,4.0,-83.89995,147.89914,287.42456,-inf,-inf,-inf,177.1419219970703,-1.0,-inf,-inf,-inf,-inf,-inf,-inf,1.0,232.0,0.0,120.0,0.6365227,0.45760044,0.62083876,-82.95,147.75,287.45,982.45593,10000830.0
0,1,0,0,3.0,0.96428573,-inf,0.0,-1.0,-1.0,0.0,0.0,0.0,1.0,0.0,1.0,0.0,0.0,2.0,0.0,0.0,0.0,0.0,0.0,0.0,0.0,0.0,0.0,0.0,0.0,0.0,0.0,385.0,28.649994,-154.95001,287.75003,3.0,-1.0,-inf,-1.0,0.0,0.0,0.0,0.0,0.0,-1.0,-1.0,-1.0,-1.0,-1.0,-1.0,3.0,-1.0,-1.0,-1.0,0.0,0.0,0.0,0.0,1.0,0.0,1.0,,-1.0,-1.0,-1.0,-inf,-inf,-inf,-1.0,-1.0,-1.0,-1.0,2.0,0.0,12.0,0.0,0.0,0.0,0.0,0.0,0.0,-1.0,-inf,-inf,-inf,0.0,0.0,0.0,0.0,0.0,0.0,-1.0,-inf,-inf,-inf,385.0,0.0,450.0,-1.0,-1.0,-1.0,1902.4165,1850.0,688.2583,19,0.70422536,-inf,22.358720779418945,-inf,-inf,-inf,-inf,-inf,-inf,-inf,-1,-1.0,-inf,-inf,-inf,-inf,-inf,-inf,0.0,-1.0,-inf,-inf,-inf,-inf,-inf,-inf,0,0,0,1,1,0,1,0,0,22.358720779418945,-1.0,0.511998,-1.0,-inf,-inf,-inf,-inf,-inf,-inf,-14.4083185,-17.00091,-5.116348,0,22.864986,11,1,0.0,1.0,0.0,0.0,0.0,0.0,1.0,0.0,3,52,-1.0,-0.6301477,-0.7435346,-0.22376342,13.350006,-173.25,283.25003,-1.0,-1.0,3.0,1.0,-13.0,1902.4165,1850.0,688.2583,1104942.761413,20000061.0,28.34988021850586,-0.0,-1.0,-inf,-inf,-inf,-inf,-inf,-inf,0.0,0.0,0.0,0.0,0.0,-1.0,-inf,-inf,-inf,inf,inf,inf,inf,-inf,-inf,-inf,182.58102,-176.03491,284.07333,1105032.498034,37.61473059654236,44.26949988431863,17.549988,-168.75,285.05,0.0,1.0,19.0,3.0,0.0,0.0,1.0,1.0,0.0,1.0,1.0,1.0,43.758467412381314,182.58102,-176.03491,284.07333,-1.0,0.5110324719373115,-1.0,-inf,-inf,-inf,-inf,-inf,-inf,65535.0,65535.0,-32.610962,-28.695963,-8.52023,-1.0,0.0,106.0,103.0,103.0,12.0,15.0,44.26655197143555,5.0,-13.0,1902.4165,1850.0,688.2583,1104942.761413,20000061.0,11.0,1.0,189.811,-168.38512,285.2065,-inf,-inf,-inf,28.34988021850586,-1.0,-inf,-inf,-inf,-inf,-inf,-inf,3.0,69.0,0.0,135.0,-0.73669535,-0.64825386,-0.19247559,17.549988,-168.75,285.05,1105032.091246,20405772.0
0,1,0,1,3.0,0.96428573,-inf,0.0,-1.0,-1.0,0.0,0.0,0.0,1.0,0.0,1.0,0.0,0.0,2.0,0.0,0.0,0.0,0.0,0.0,0.0,0.0,0.0,0.0,0.0,0.0,0.0,0.0,385.0,28.649994,-154.95001,287.75003,3.0,-1.0,-inf,-1.0,0.0,0.0,0.0,0.0,0.0,-1.0,-1.0,-1.0,-1.0,-1.0,-1.0,3.0,-1.0,-1.0,-1.0,0.0,0.0,0.0,0.0,1.0,0.0,1.0,,-1.0,-1.0,-1.0,-inf,-inf,-inf,-1.0,-1.0,-1.0,-1.0,2.0,0.0,12.0,0.0,0.0,0.0,0.0,0.0,0.0,-1.0,-inf,-inf,-inf,0.0,0.0,0.0,0.0,0.0,0.0,-1.0,-inf,-inf,-inf,385.0,0.0,450.0,-1.0,-1.0,-1.0,1902.4165,1850.0,688.2583,5,0.93731344,-inf,142.07815551757812,-inf,-inf,-inf,-inf,-inf,-inf,-inf,-1,165.19913265885307,-inf,-inf,165.19912719726562,176.4562225341797,330.14642333984375,260.41796875,0.0,-1.0,-0.6494254,-0.7469568,-0.14248571,-10.049988,-199.65001,279.35,18,0,0,0,1,1,0,0,1,633.282958984375,59.84175109863281,105.658,633.2829551154966,-inf,-inf,633.282958984375,604.976806640625,251.36007690429688,388.6988220214844,-471.62848,-548.58905,-107.17609,0,731.34814,13,2,0.0,0.0,0.9372146,0.05588897,0.006896438,0.0,0.058784895,0.9412151,1,333,1.8125674724578857,-0.64487547,-0.7501066,-0.14654592,28.649994,-154.95001,287.75003,-1.0,-1.0,3.0,0.0,-13.0,1902.4165,1850.0,688.2583,1104942.761413,20000061.0,147.0443572998047,-0.0,-1.0,-inf,-inf,-inf,-inf,-inf,-inf,0.0,0.0,0.0,0.0,0.0,-1.0,-inf,-inf,-inf,inf,inf,inf,inf,-10.049988,-199.65,279.35,-50000.0,-49873.793,-10067.574,1107426.73701,131.1370391845703,6813.558437951349,28.350006,-155.25,287.45,0.0,1.0,5.0,3.0,1.0,0.0,0.0,1.0,1.0,0.0,1.0,1.0,6707.867438438465,-10.049988,-199.65,279.35,-1.0,105.69099951288428,-1.0,-inf,-inf,-inf,-inf,-inf,-inf,65535.0,65535.0,-4358.379,-5133.11,-1033.987,-1.0,0.0,316.0,15.0,15.0,12.0,15.0,6812.73876953125,5.0,0.0,1902.4165,1850.0,688.2583,1104942.761413,20000061.0,-13.0,2.0,1902.4165,1850.0,688.2583,-inf,-inf,-inf,147.0443572998047,-1.0,-inf,-inf,-inf,-inf,-inf,-inf,1.0,316.0,0.0,315.0,-0.63973963,-0.7534576,-0.1517726,28.350006,-155.25,287.45,1104942.761413,20000061.0
0,1,1,0,0.0,0.9050086,-inf,0.0,4073.620375544605,6788.937099999938,1.0,0.0,1.0,0.0,1.0,1.0,1.0,0.0,3.0,0.0,0.0,0.0,0.0,0.0,0.0,0.0,0.0,0.0,0.0,0.0,0.0,0.0,554.0,169.95001,13.049988,473.45004,0.0,0.05556262996995627,-inf,1.0,0.0,0.0,0.0,0.0,0.0,-1.0,0.7963119745254517,0.0,-1.0,-1.0,1.207110150314564,0.0,0.40753602259326216,1.0,1006.0,0.0,1.0,0.0,0.0,1.0,1.0,1.0,0.0,0.0,5.0,0.0,0.023791943,0.0017641124,0.7959545,0.03386024135585167,0.0,0.0,2212.0,3.0,0.0,0.0,0.0,0.0,0.0,0.0,0.0,0.0,14.0,169.98157,13.212036,473.85812,0.0,0.0,0.0,0.0,0.0,0.0,0.0,-inf,-inf,-inf,549.0,0.0,441.0,1000180400.0,0.30135287179380876,0.0,169.98157,13.212036,473.85812,1,0.8915663,0.35004994,100.64097595214844,-inf,-inf,-inf,-inf,-inf,-inf,-inf,-1,-1.0,-inf,-inf,-inf,-inf,-inf,-inf,0.0,0.052106276,-inf,-inf,-inf,-inf,-inf,-inf,1,1,0,0,1,1,1,0,1,100.64097595214844,-1.0,0.0,-1.0,-inf,-inf,-inf,-inf,-inf,-inf,0.0,-90.01786,-45.004353,0,100.64098,22,0,0.9960972,0.0039027988,0.0,0.0,0.0,0.0,0.029835382,0.97016466,0,319,3.6959943771362305,0.0,-0.8944454,-0.44717723,190.05002,-32.549988,453.65002,0.7877592,53.4799919128418,0.0,1.0,111.0,169.98157,13.212036,473.85812,439.377893,10000005.0,107.40940856933594,-0.0,-1.0,-inf,-inf,-inf,-inf,-inf,-inf,0.0,0.0,0.0,0.0,0.0,-1.0,-inf,-inf,-inf,inf,inf,inf,inf,-inf,-inf,-inf,-9223372000000.0,-9223372000000.0,-9223372000000.0,-9223372036854.775,82.24303436279297,113.492845059029,189.94998,-32.582245,453.45,0.0,1.0,1.0,0.0,1.0,0.0,0.0,1.0,1.0,1.0,1.0,1.0,113.492845059029,-9223372000000.0,-9223372000000.0,-9223372000000.0,-1.0,0.0,-1.0,-inf,-inf,-inf,-inf,-inf,-inf,65535.0,65535.0,41.894207,-96.42381,-42.754524,0.0,0.0,309.0,1.0,1.0,0.0,1.0,113.49284362792969,1.0,111.0,169.98157,13.212036,473.85812,439.377893,10000005.0,22.0,0.0,169.98157,13.212036,473.85812,-inf,-inf,-inf,107.40940856933594,-1.0,-inf,-inf,-inf,-inf,-inf,-inf,0.0,309.0,0.0,282.0,0.36913523,-0.8496026,-0.3767156,189.94998,-32.582245,453.45,439.37789399999997,10000006.0
0,1,1,1,0.0,0.9050086,-inf,0.0,4073.620375544605,6788.937099999938,1.0,0.0,1.0,0.0,1.0,1.0,1.0,0.0,3.0,0.0,0.0,0.0,0.0,0.0,0.0,0.0,0.0,0.0,0.0,0.0,0.0,0.0,554.0,169.95001,13.049988,473.45004,0.0,0.05556262996995627,-inf,1.0,0.0,0.0,0.0,0.0,0.0,-1.0,0.7963119745254517,0.0,-1.0,-1.0,1.207110150314564,0.0,0.40753602259326216,1.0,1006.0,0.0,1.0,0.0,0.0,1.0,1.0,1.0,0.0,0.0,5.0,0.0,0.023791943,0.0017641124,0.7959545,0.03386024135585167,0.0,0.0,2212.0,3.0,0.0,0.0,0.0,0.0,0.0,0.0,0.0,0.0,14.0,169.98157,13.212036,473.85812,0.0,0.0,0.0,0.0,0.0,0.0,0.0,-inf,-inf,-inf,549.0,0.0,441.0,1000180400.0,0.30135287179380876,0.0,169.98157,13.212036,473.85812,2,0.91847825,0.10081869,51.29209518432617,-inf,-inf,-inf,-inf,-inf,-inf,-inf,-1,-1.0,-inf,-inf,-inf,-inf,-inf,-inf,0.0,0.13781203,-inf,-inf,-inf,-inf,-inf,-inf,4,1,0,0,1,1,1,0,1,51.29209518432617,-1.0,0.0,-1.0,-inf,-inf,-inf,-inf,-inf,-inf,-13.064826,-13.519229,47.72232,0,51.292095,22,0,0.99328464,0.0067153634,0.0,0.0,0.0,0.0,0.025772903,0.97422713,0,173,3.006040096282959,-0.25471422,-0.26357335,0.93040305,169.05002,10.649994,482.75003,0.86377376,9.357882499694824,0.0,2.0,111.0,169.98157,13.212036,473.85812,439.377893,10000005.0,56.33442306518555,-0.0,-1.0,-inf,-inf,-inf,-inf,-inf,-inf,0.0,0.0,0.0,0.0,0.0,-1.0,-inf,-inf,-inf,inf,inf,inf,inf,-inf,-inf,-inf,-9223372000000.0,-9223372000000.0,-9223372000000.0,-9223372036854.775,43.1350793838501,69.98999930693766,168.94998,10.317749,482.55002,0.0,1.0,2.0,0.0,1.0,0.0,0.0,1.0,1.0,1.0,1.0,1.0,69.97015969669,-9223372000000.0,-9223372000000.0,-9223372000000.0,-1.0,0.01983961024765885,-1.0,-inf,-inf,-inf,-inf,-inf,-inf,65535.0,65535.0,-7.5014715,-20.634274,66.45716,0.0,0.0,103.0,2.0,2.0,0.0,2.0,69.98999786376953,2.0,111.0,169.98157,13.212036,473.85812,439.377893,10000005.0,22.0,0.0,169.98157,13.212036,473.85812,-inf,-inf,-inf,56.33442306518555,-1.0,-inf,-inf,-inf,-inf,-inf,-inf,0.0,180.0,0.0,136.0,-0.107179195,-0.29481745,0.9495237,168.94998,10.317749,482.55002,439.37789399999997,10000007.0
0,1,1,2,0.0,0.9050086,-inf,0.0,4073.620375544605,6788.937099999938,1.0,0.0,1.0,0.0,1.0,1.0,1.0,0.0,3.0,0.0,0.0,0.0,0.0,0.0,0.0,0.0,0.0,0.0,0.0,0.0,0.0,0.0,554.0,169.95001,13.049988,473.45004,0.0,0.05556262996995627,-inf,1.0,0.0,0.0,0.0,0.0,0.0,-1.0,0.7963119745254517,0.0,-1.0,-1.0,1.207110150314564,0.0,0.40753602259326216,1.0,1006.0,0.0,1.0,0.0,0.0,1.0,1.0,1.0,0.0,0.0,5.0,0.0,0.023791943,0.0017641124,0.7959545,0.03386024135585167,0.0,0.0,2212.0,3.0,0.0,0.0,0.0,0.0,0.0,0.0,0.0,0.0,14.0,169.98157,13.212036,473.85812,0.0,0.0,0.0,0.0,0.0,0.0,0.0,-inf,-inf,-inf,549.0,0.0,441.0,1000180400.0,0.30135287179380876,0.0,169.98157,13.212036,473.85812,0,0.93650794,-inf,41.51480484008789,-inf,-inf,-inf,-inf,-inf,-inf,-inf,-1,82.20763613876106,-inf,-inf,33.02869415283203,36.88264846801758,82.20763397216797,62.49066162109375,0.0,-1.0,-0.24449222,0.92594194,0.28784552,168.75,18.149994,474.95004,20,1,0,1,1,1,1,0,1,82.20763397216797,5.542812824249268,938.272,-1.0,-inf,-inf,-inf,-inf,-inf,-inf,-78.056915,379.33768,105.04465,0,401.27838,2212,4,0.0,0.0,0.0006252026,0.002291575,0.99708325,0.0,0.044713914,0.9552861,1,62,7.923077583312988,-0.19452061,0.945323,0.261775,169.95001,13.049988,473.45004,-1.0,-1.0,0.0,0.0,2212.0,169.98157,13.212036,473.85812,439.377893,10000004.0,76.80030059814453,-0.0,-1.0,-inf,-inf,-inf,-inf,-inf,-inf,0.0,0.0,0.0,0.0,0.0,-1.0,-inf,-inf,-inf,inf,inf,inf,inf,169.07861,18.046509,474.8782,169.07861,18.046509,474.8782,439.969409,76.80030822753906,1015.0745175826274,169.85,13.317749,473.85,0.0,1.0,0.0,0.0,1.0,0.0,1.0,1.0,1.0,1.0,1.0,1.0,76.80250478697565,169.07861,18.046509,474.8782,-1.0,938.2720127956518,-1.0,-inf,-inf,-inf,-inf,-inf,-inf,65535.0,65535.0,-65.66567,372.64883,82.72104,0.0,0.0,60.0,0.0,0.0,0.0,0.0,387.3266296386719,0.0,0.0,169.98157,13.212036,473.85812,439.377893,10000004.0,2212.0,4.0,169.98157,13.212036,473.85812,-inf,-inf,-inf,76.80030059814453,-1.0,-inf,-inf,-inf,-inf,-inf,-inf,1.0,60.0,0.0,23.0,-0.16953565,0.96210486,0.2135692,169.85,13.317749,473.85,439.377893,10000004.0
0,1,2,0,6.0,0.9193435,-inf,0.0,-1.0,-1.0,2.0,0.0,0.0,0.0,0.0,1.0,1.0,0.0,7.0,0.0,0.0,0.0,0.0,0.0,0.0,0.0,0.0,0.0,0.0,0.0,0.0,0.0,4056.0,68.850006,-84.45,504.65005,6.0,-1.0,-inf,-1.0,0.0,0.0,0.0,0.0,0.0,-1.0,-1.0,-1.0,-1.0,-1.0,-1.0,6.0,-1.0,-1.0,-1.0,0.0,0.0,0.0,0.0,1.0,1.0,1.0,,-1.0,-1.0,-1.0,-inf,-inf,-inf,-1.0,-1.0,-1.0,-1.0,7.0,0.0,25.0,0.0,0.0,0.0,0.0,0.0,0.0,-1.0,-inf,-inf,-inf,0.0,0.0,0.0,0.0,0.0,0.0,-1.0,-inf,-inf,-inf,4130.0,0.0,1728.0,-1.0,-1.0,-1.0,-1032.2676,1850.0,4933.696,13,0.48,-inf,8.15439510345459,-inf,-inf,-inf,-inf,-inf,-inf,-inf,-1,-1.0,-inf,-inf,-inf,-inf,-inf,-inf,0.0,-1.0,-inf,-inf,-inf,-inf,-inf,-inf,2,2,0,1,1,0,1,0,0,8.15439510345459,-1.0,0.511998,-1.0,-inf,-inf,-inf,-inf,-inf,-inf,5.2631445,-0.9242549,-6.8036227,0,8.651256,11,1,0.0,1.0,0.0,0.0,0.0,0.0,1.0,0.0,3,40,-1.0,0.6083677,-0.10683477,-0.78643185,75.149994,-100.05,465.65005,-1.0,-1.0,6.0,1.0,-13.0,-1032.2676,1850.0,4933.696,-321664.130371,20000085.0,7.594254493713379,-0.0,-1.0,-inf,-inf,-inf,-inf,-inf,-inf,0.0,0.0,0.0,0.0,0.0,-1.0,-inf,-inf,-inf,inf,inf,inf,inf,-inf,-inf,-inf,25.957275,-99.89325,468.5626,-321497.745388,9.965595245361328,12.494930544803935,75.149994,-100.350006,465.65,0.0,1.0,13.0,6.0,0.0,0.0,1.0,1.0,0.0,1.0,1.0,0.0,11.983929604417394,25.957275,-99.89325,468.5626,-1.0,0.511000940386541,-1.0,-inf,-inf,-inf,-inf,-inf,-inf,65535.0,65535.0,0.16068435,-2.1026714,-12.305085,-1.0,0.0,69.0,88.0,88.0,25.0,28.0,12.484477043151855,8.0,-13.0,-1032.2676,1850.0,4933.696,-321664.130371,20000085.0,11.0,1.0,26.379456,-100.25592,471.494,-inf,-inf,-inf,7.594254493713379,-1.0,-inf,-inf,-inf,-inf,-inf,-inf,3.0,34.0,0.0,38.0,0.012870731,-0.16842286,-0.9856308,75.149994,-100.350006,465.65,-321497.884491,20341191.0
0,1,2,1,6.0,0.9193435,-inf,0.0,-1.0,-1.0,2.0,0.0,0.0,0.0,0.0,1.0,1.0,0.0,7.0,0.0,0.0,0.0,0.0,0.0,0.0,0.0,0.0,0.0,0.0,0.0,0.0,0.0,4056.0,68.850006,-84.45,504.65005,6.0,-1.0,-inf,-1.0,0.0,0.0,0.0,0.0,0.0,-1.0,-1.0,-1.0,-1.0,-1.0,-1.0,6.0,-1.0,-1.0,-1.0,0.0,0.0,0.0,0.0,1.0,1.0,1.0,,-1.0,-1.0,-1.0,-inf,-inf,-inf,-1.0,-1.0,-1.0,-1.0,7.0,0.0,25.0,0.0,0.0,0.0,0.0,0.0,0.0,-1.0,-inf,-inf,-inf,0.0,0.0,0.0,0.0,0.0,0.0,-1.0,-inf,-inf,-inf,4130.0,0.0,1728.0,-1.0,-1.0,-1.0,-1032.2676,1850.0,4933.696,18,0.56666666,-inf,14.797091484069824,-inf,-inf,-inf,-inf,-inf,-inf,-inf,-1,-1.0,-inf,-inf,-inf,-inf,-inf,-inf,0.0,-1.0,-inf,-inf,-inf,-inf,-inf,-inf,5,2,0,1,1,0,1,0,0,14.797091484069824,-1.0,0.511998,-1.0,-inf,-inf,-inf,-inf,-inf,-inf,-6.8424172,0.0,-13.685298,0,15.300525,11,1,0.0,1.0,0.0,0.0,0.0,0.0,1.0,0.0,3,36,-1.0,-0.44720146,0.0,-0.8944332,121.649994,-189.45001,249.35,-1.0,-1.0,6.0,6.0,-13.0,-1032.2676,1850.0,4933.696,-321664.130371,20000085.0,15.341893196105957,-0.0,-1.0,-inf,-inf,-inf,-inf,-inf,-inf,0.0,0.0,0.0,0.0,0.0,-1.0,-inf,-inf,-inf,inf,inf,inf,inf,-inf,-inf,-inf,69.15103,-194.20334,245.32172,-321489.508851,21.57186508178711,22.87481450441993,118.350006,-190.65,245.15,0.0,1.0,18.0,6.0,0.0,0.0,1.0,1.0,0.0,1.0,1.0,0.0,22.363829282738607,69.15103,-194.20334,245.32169,-1.0,0.5109852216813243,-1.0,-inf,-inf,-inf,-inf,-inf,-inf,65535.0,65535.0,1.1461645,-11.968851,-19.45325,-1.0,0.0,123.0,93.0,93.0,25.0,28.0,22.86910629272461,8.0,-13.0,-1032.2676,1850.0,4933.696,-321664.130371,20000085.0,11.0,1.0,71.18155,-190.35013,252.18073,-inf,-inf,-inf,15.341893196105957,-1.0,-inf,-inf,-inf,-inf,-inf,-inf,3.0,58.0,0.0,66.0,0.050118465,-0.5233633,-0.8506345,118.350006,-190.65,245.15,-321489.835274,20341272.0
0,1,2,2,6.0,0.9193435,-inf,0.0,-1.0,-1.0,2.0,0.0,0.0,0.0,0.0,1.0,1.0,0.0,7.0,0.0,0.0,0.0,0.0,0.0,0.0,0.0,0.0,0.0,0.0,0.0,0.0,0.0,4056.0,68.850006,-84.45,504.65005,6.0,-1.0,-inf,-1.0,0.0,0.0,0.0,0.0,0.0,-1.0,-1.0,-1.0,-1.0,-1.0,-1.0,6.0,-1.0,-1.0,-1.0,0.0,0.0,0.0,0.0,1.0,1.0,1.0,,-1.0,-1.0,-1.0,-inf,-inf,-inf,-1.0,-1.0,-1.0,-1.0,7.0,0.0,25.0,0.0,0.0,0.0,0.0,0.0,0.0,-1.0,-inf,-inf,-inf,0.0,0.0,0.0,0.0,0.0,0.0,-1.0,-inf,-inf,-inf,4130.0,0.0,1728.0,-1.0,-1.0,-1.0,-1032.2676,1850.0,4933.696,17,0.9230769,-inf,9.054909706115723,-inf,-inf,-inf,-inf,-inf,-inf,-inf,-1,-1.0,-inf,-inf,-inf,-inf,-inf,-inf,0.0,-1.0,-inf,-inf,-inf,-inf,-inf,-inf,6,2,0,1,1,0,1,0,0,9.054909706115723,-1.0,0.511998,-1.0,-inf,-inf,-inf,-inf,-inf,-inf,4.6338987,-4.6338987,-6.951083,0,9.553198,11,1,0.0,1.0,0.0,0.0,0.0,0.0,1.0,0.0,3,24,-1.0,0.48506257,-0.48506257,-0.72761846,118.350006,-182.55002,266.45,-1.0,-1.0,6.0,5.0,-13.0,-1032.2676,1850.0,4933.696,-321664.130371,20000085.0,9.404805183410645,-0.0,-1.0,-inf,-inf,-inf,-inf,-inf,-inf,0.0,0.0,0.0,0.0,0.0,-1.0,-inf,-inf,-inf,inf,inf,inf,inf,-inf,-inf,-inf,71.83029,-186.414,266.14816,-321490.195134,9.170348167419434,9.991677226020332,118.350006,-182.55002,266.45,0.0,1.0,17.0,6.0,0.0,0.0,1.0,1.0,0.0,1.0,1.0,0.0,9.480678906906238,71.83029,-186.414,266.14816,-1.0,0.5109983191140934,-1.0,-inf,-inf,-inf,-inf,-inf,-inf,65535.0,65535.0,4.6635594,-4.2457604,-7.7328663,-1.0,0.0,38.0,92.0,92.0,25.0,28.0,9.978601455688477,8.0,-13.0,-9223372000000.0,-9223372000000.0,-9223372000000.0,-9223372036854.775,20000085.0,11.0,1.0,68.260376,-184.51036,266.3507,-inf,-inf,-inf,9.404805183410645,-1.0,-inf,-inf,-inf,-inf,-inf,-inf,3.0,26.0,0.0,26.0,0.46735603,-0.42548653,-0.7749449,118.350006,-182.55002,266.45,-321490.35573899996,20341269.0
0,1,2,3,6.0,0.9193435,-inf,0.0,-1.0,-1.0,2.0,0.0,0.0,0.0,0.0,1.0,1.0,0.0,7.0,0.0,0.0,0.0,0.0,0.0,0.0,0.0,0.0,0.0,0.0,0.0,0.0,0.0,4056.0,68.850006,-84.45,504.65005,6.0,-1.0,-inf,-1.0,0.0,0.0,0.0,0.0,0.0,-1.0,-1.0,-1.0,-1.0,-1.0,-1.0,6.0,-1.0,-1.0,-1.0,0.0,0.0,0.0,0.0,1.0,1.0,1.0,,-1.0,-1.0,-1.0,-inf,-inf,-inf,-1.0,-1.0,-1.0,-1.0,7.0,0.0,25.0,0.0,0.0,0.0,0.0,0.0,0.0,-1.0,-inf,-inf,-inf,0.0,0.0,0.0,0.0,0.0,0.0,-1.0,-inf,-inf,-inf,4130.0,0.0,1728.0,-1.0,-1.0,-1.0,-1032.2676,1850.0,4933.696,16,0.8484849,-inf,9.212928771972656,-inf,-inf,-inf,-inf,-inf,-inf,-inf,-1,-1.0,-inf,-inf,-inf,-inf,-inf,-inf,0.0,-1.0,-inf,-inf,-inf,-inf,-inf,-inf,7,2,0,1,1,0,1,0,0,9.212928771972656,-1.0,0.511998,-1.0,-inf,-inf,-inf,-inf,-inf,-inf,-1.5909891,0.79545414,-9.547149,0,9.711439,11,1,0.0,1.0,0.0,0.0,0.0,0.0,1.0,0.0,3,28,-1.0,-0.1638263,0.081908986,-0.98308283,101.850006,-151.05,346.85004,-1.0,-1.0,6.0,4.0,-13.0,-1032.2676,1850.0,4933.696,-321664.130371,20000085.0,8.752176284790039,-0.0,-1.0,-inf,-inf,-inf,-inf,-inf,-inf,0.0,0.0,0.0,0.0,0.0,-1.0,-inf,-inf,-inf,inf,inf,inf,inf,-inf,-inf,-inf,52.935486,-154.31293,346.74924,-321493.179091,9.955537796020508,12.229529477133973,101.25,-149.85,347.75,0.0,1.0,16.0,6.0,0.0,0.0,1.0,1.0,0.0,1.0,1.0,0.0,11.7185218637691,52.935486,-154.31293,346.74924,-1.0,0.5110076133648724,-1.0,-inf,-inf,-inf,-inf,-inf,-inf,65535.0,65535.0,0.30917412,-7.186486,-9.877201,-1.0,0.0,54.0,91.0,91.0,25.0,28.0,12.21884822845459,8.0,-13.0,-1032.2676,1850.0,4933.696,-321664.130371,20000085.0,11.0,1.0,51.643005,-151.19003,347.73434,-inf,-inf,-inf,8.752176284790039,-1.0,-inf,-inf,-inf,-inf,-inf,-inf,3.0,33.0,0.0,33.0,0.025303049,-0.5881476,-0.8083578,101.25,-149.85,347.75,-321493.34122999996,20341235.0
0,1,2,4,6.0,0.9193435,-inf,0.0,-1.0,-1.0,2.0,0.0,0.0,0.0,0.0,1.0,1.0,0.0,7.0,0.0,0.0,0.0,0.0,0.0,0.0,0.0,0.0,0.0,0.0,0.0,0.0,0.0,4056.0,68.850006,-84.45,504.65005,6.0,-1.0,-inf,-1.0,0.0,0.0,0.0,0.0,0.0,-1.0,-1.0,-1.0,-1.0,-1.0,-1.0,6.0,-1.0,-1.0,-1.0,0.0,0.0,0.0,0.0,1.0,1.0,1.0,,-1.0,-1.0,-1.0,-inf,-inf,-inf,-1.0,-1.0,-1.0,-1.0,7.0,0.0,25.0,0.0,0.0,0.0,0.0,0.0,0.0,-1.0,-inf,-inf,-inf,0.0,0.0,0.0,0.0,0.0,0.0,-1.0,-inf,-inf,-inf,4130.0,0.0,1728.0,-1.0,-1.0,-1.0,-1032.2676,1850.0,4933.696,15,0.71794873,-inf,13.067821502685547,-inf,-inf,-inf,-inf,-inf,-inf,-inf,-1,-1.0,-inf,-inf,-inf,-inf,-inf,-inf,0.0,-1.0,-inf,-inf,-inf,-inf,-inf,-inf,8,2,0,1,1,0,1,0,0,13.067821502685547,-1.0,0.511998,-1.0,-inf,-inf,-inf,-inf,-inf,-inf,0.0,3.2910907,-13.165032,0,13.570165,11,1,0.0,1.0,0.0,0.0,0.0,0.0,1.0,0.0,3,66,-1.0,0.0,0.24252403,-0.9701454,95.55002,-141.75,374.15002,-1.0,-1.0,6.0,3.0,-13.0,-1032.2676,1850.0,4933.696,-321664.130371,20000085.0,15.161614418029785,-0.0,-1.0,-inf,-inf,-inf,-inf,-inf,-inf,0.0,0.0,0.0,0.0,0.0,-1.0,-inf,-inf,-inf,inf,inf,inf,inf,-inf,-inf,-inf,46.18036,-143.57698,374.203,-321494.143569,16.48431396484375,17.652167445703917,95.55002,-138.15,375.65,0.0,1.0,15.0,6.0,0.0,0.0,1.0,1.0,0.0,1.0,1.0,0.0,17.141163623634913,46.18036,-143.57698,374.203,-1.0,0.5110038220690034,-1.0,-inf,-inf,-inf,-inf,-inf,-inf,65535.0,65535.0,2.540448,-10.267045,-14.123448,-1.0,0.0,92.0,90.0,90.0,25.0,28.0,17.6447696685791,8.0,-13.0,-1032.2676,1850.0,4933.696,-321664.130371,20000085.0,11.0,1.0,46.06195,-139.81772,375.42584,-inf,-inf,-inf,15.161614418029785,-1.0,-inf,-inf,-inf,-inf,-inf,-inf,3.0,68.0,0.0,47.0,0.14397739,-0.58187467,-0.80043256,95.55002,-138.15,375.65,-321494.357049,20341228.0
0,1,2,5,6.0,0.9193435,-inf,0.0,-1.0,-1.0,2.0,0.0,0.0,0.0,0.0,1.0,1.0,0.0,7.0,0.0,0.0,0.0,0.0,0.0,0.0,0.0,0.0,0.0,0.0,0.0,0.0,0.0,4056.0,68.850006,-84.45,504.65005,6.0,-1.0,-inf,-1.0,0.0,0.0,0.0,0.0,0.0,-1.0,-1.0,-1.0,-1.0,-1.0,-1.0,6.0,-1.0,-1.0,-1.0,0.0,0.0,0.0,0.0,1.0,1.0,1.0,,-1.0,-1.0,-1.0,-inf,-inf,-inf,-1.0,-1.0,-1.0,-1.0,7.0,0.0,25.0,0.0,0.0,0.0,0.0,0.0,0.0,-1.0,-inf,-inf,-inf,0.0,0.0,0.0,0.0,0.0,0.0,-1.0,-inf,-inf,-inf,4130.0,0.0,1728.0,-1.0,-1.0,-1.0,-1032.2676,1850.0,4933.696,14,0.8,-inf,3.4413321018218994,-inf,-inf,-inf,-inf,-inf,-inf,-inf,-1,-1.0,-inf,-inf,-inf,-inf,-inf,-inf,0.0,-1.0,-inf,-inf,-inf,-inf,-inf,-inf,9,2,0,1,1,0,1,0,0,3.4413321018218994,-1.0,0.511998,-1.0,-inf,-inf,-inf,-inf,-inf,-inf,0.0,-3.5062933,1.752879,0,3.9200356,11,1,0.0,1.0,0.0,0.0,0.0,0.0,1.0,0.0,3,12,-1.0,0.0,-0.8944545,0.447159,83.55002,-115.05,434.75003,-1.0,-1.0,6.0,2.0,-13.0,-1032.2676,1850.0,4933.696,-321664.130371,20000085.0,3.60270094871521,-0.0,-1.0,-inf,-inf,-inf,-inf,-inf,-inf,0.0,0.0,0.0,0.0,0.0,-1.0,-inf,-inf,-inf,inf,inf,inf,inf,-inf,-inf,-inf,33.89435,-116.73279,436.0318,-321496.492263,4.598040580749512,5.134563776199049,83.25,-115.04999,434.15,0.0,1.0,14.0,6.0,0.0,0.0,1.0,1.0,0.0,1.0,1.0,0.0,4.623562615715441,33.89435,-116.73279,436.0318,-1.0,0.5110011604836082,-1.0,-inf,-inf,-inf,-inf,-inf,-inf,65535.0,65535.0,0.9219609,-3.7417753,-3.3543599,-1.0,0.0,29.0,89.0,89.0,25.0,28.0,5.109072685241699,8.0,-13.0,-9223372000000.0,-9223372000000.0,-9223372000000.0,-9223372036854.775,20000085.0,11.0,1.0,33.753418,-114.92905,435.98883,-inf,-inf,-inf,3.60270094871521,-1.0,-inf,-inf,-inf,-inf,-inf,-inf,3.0,15.0,0.0,12.0,0.18045563,-0.73237854,-0.65654963,83.25,-115.04999,434.15,-321496.579546,20341205.0
0,1,2,6,6.0,0.9193435,-inf,0.0,-1.0,-1.0,2.0,0.0,0.0,0.0,0.0,1.0,1.0,0.0,7.0,0.0,0.0,0.0,0.0,0.0,0.0,0.0,0.0,0.0,0.0,0.0,0.0,0.0,4056.0,68.850006,-84.45,504.65005,6.0,-1.0,-inf,-1.0,0.0,0.0,0.0,0.0,0.0,-1.0,-1.0,-1.0,-1.0,-1.0,-1.0,6.0,-1.0,-1.0,-1.0,0.0,0.0,0.0,0.0,1.0,1.0,1.0,,-1.0,-1.0,-1.0,-inf,-inf,-inf,-1.0,-1.0,-1.0,-1.0,7.0,0.0,25.0,0.0,0.0,0.0,0.0,0.0,0.0,-1.0,-inf,-inf,-inf,0.0,0.0,0.0,0.0,0.0,0.0,-1.0,-inf,-inf,-inf,4130.0,0.0,1728.0,-1.0,-1.0,-1.0,-1032.2676,1850.0,4933.696,8,0.9201785,-inf,638.2943725585938,-inf,-inf,-inf,-inf,-inf,-inf,-inf,-1,710.2657693433484,-inf,-inf,710.2657470703125,716.9075317382812,987.0481567382812,844.55810546875,0.0,-1.0,0.18734738,-0.37354046,-0.9084979,127.649994,-199.95001,221.75003,17,2,0,0,1,1,1,0,1,873.953857421875,313.3542175292969,105.658,873.9538442420544,-inf,-inf,873.953857421875,844.27734375,414.0704345703125,598.1987915039062,183.72041,-376.02228,-879.3918,0,973.8973,13,2,0.0,0.0,0.990913,0.008275003,0.0008120507,0.0,0.04141093,0.9585891,1,3850,1.7047145366668701,0.18864456,-0.3861006,-0.9029616,68.850006,-84.45,504.65005,-1.0,-1.0,6.0,0.0,-13.0,-1032.2676,1850.0,4933.696,-321664.130371,20000085.0,722.7774658203125,-0.0,-1.0,-inf,-inf,-inf,-inf,-inf,-inf,0.0,0.0,0.0,0.0,0.0,-1.0,-inf,-inf,-inf,inf,inf,inf,inf,127.649994,-199.95,221.75,12610.338,-24938.006,-50000.0,-319572.53627,696.8646795749664,14989.631196464343,68.850006,-84.75,504.65,0.0,1.0,8.0,6.0,1.0,0.0,0.0,1.0,1.0,1.0,1.0,1.0,14883.936324228102,127.649994,-199.95,221.75,-1.0,105.6948722362407,-1.0,-inf,-inf,-inf,-inf,-inf,-inf,65535.0,65535.0,3262.974,-5894.343,-13389.832,-1.0,0.0,3883.0,28.0,28.0,25.0,28.0,14989.2587890625,8.0,0.0,-1032.2676,1850.0,4933.696,-321664.130371,20000085.0,-13.0,2.0,-1032.2676,1850.0,4933.696,-inf,-inf,-inf,722.7774658203125,-1.0,-inf,-inf,-inf,-inf,-inf,-inf,1.0,3896.0,0.0,1506.0,0.21768749,-0.39323777,-0.89329517,68.850006,-84.75,504.65,-321664.130371,20000085.0
0,1,3,0,1.0,0.91866666,-inf,0.0,-1.0,-1.0,3.0,0.0,0.0,0.0,0.0,1.0,1.0,0.0,2.0,0.0,0.0,0.0,0.0,0.0,0.0,0.0,0.0,0.0,0.0,0.0,0.0,0.0,735.0,158.55002,199.95001,464.15005,1.0,-1.0,-inf,-1.0,0.0,0.0,0.0,0.0,0.0,-1.0,-1.0,-1.0,-1.0,-1.0,-1.0,1.0,-1.0,-1.0,-1.0,0.0,0.0,0.0,0.0,1.0,1.0,1.0,,-1.0,-1.0,-1.0,-inf,-inf,-inf,-1.0,-1.0,-1.0,-1.0,1.0,0.0,1.0,0.0,0.0,0.0,0.0,0.0,0.0,-1.0,-inf,-inf,-inf,0.0,0.0,0.0,0.0,0.0,0.0,-1.0,-inf,-inf,-inf,704.0,0.0,432.0,-1.0,-1.0,-1.0,1454.5151,1850.0,-1170.8224,20,0.9268293,0.34397978,9.580217361450195,-inf,-inf,-inf,-inf,-inf,-inf,-inf,-1,-1.0,-inf,-inf,-inf,-inf,-inf,-inf,0.0,0.32406193,-inf,-inf,-inf,-inf,-inf,-inf,3,3,0,1,1,1,1,0,0,9.580217361450195,-1.0,0.0,-1.0,-inf,-inf,-inf,-inf,-inf,-inf,4.1705556,-6.495031,5.6746454,0,9.580217,22,0,0.6433006,0.35669944,0.0,0.0,0.0,0.0,0.40705857,0.5929414,0,39,2.9225497245788574,0.43532997,-0.6779628,0.5923295,171.15,188.55002,474.05002,0.8294516,19.176530838012695,,,,,,,,,,,,,,,,,,,,,,,,,,,,,,,,,,,,,,,,,,,,,,,,,,,,,,,,,,,,,,,,,,,,,,,,,,,,,,,,,,,,,,,,,,,,,,,,,,,,,,,,,,,,,,,,,,,
0,1,3,1,1.0,0.91866666,-inf,0.0,-1.0,-1.0,3.0,0.0,0.0,0.0,0.0,1.0,1.0,0.0,2.0,0.0,0.0,0.0,0.0,0.0,0.0,0.0,0.0,0.0,0.0,0.0,0.0,0.0,735.0,158.55002,199.95001,464.15005,1.0,-1.0,-inf,-1.0,0.0,0.0,0.0,0.0,0.0,-1.0,-1.0,-1.0,-1.0,-1.0,-1.0,1.0,-1.0,-1.0,-1.0,0.0,0.0,0.0,0.0,1.0,1.0,1.0,,-1.0,-1.0,-1.0,-inf,-inf,-inf,-1.0,-1.0,-1.0,-1.0,1.0,0.0,1.0,0.0,0.0,0.0,0.0,0.0,0.0,-1.0,-inf,-inf,-inf,0.0,0.0,0.0,0.0,0.0,0.0,-1.0,-inf,-inf,-inf,704.0,0.0,432.0,-1.0,-1.0,-1.0,1454.5151,1850.0,-1170.8224,3,0.9690577,-inf,143.58197021484375,-inf,-inf,-inf,-inf,-inf,-inf,-inf,-1,188.5000977267814,-inf,-inf,188.50009155273438,200.27513122558594,366.0737609863281,290.3640441894531,0.0,-1.0,-0.51249033,-0.63735956,0.575436,121.350006,156.45001,504.95004,19,3,0,0,1,1,1,0,1,4175.955078125,70.7336654663086,105.658,4175.955097172356,-inf,-inf,4175.955078125,4143.01416015625,3443.66845703125,3815.0078125,-2349.8472,-2561.8713,2497.2144,0,4280.309,13,2,0.0,0.0,0.86431336,0.118935645,0.016750967,0.0,0.058492407,0.94150764,1,696,1.474539041519165,-0.5489901,-0.5985248,0.58341914,158.55002,199.95001,464.15005,-1.0,-1.0,1.0,0.0,-13.0,1454.5151,1850.0,-1170.8224,-270995.480529,20000007.0,154.83676147460938,-0.0,-1.0,-inf,-inf,-inf,-inf,-inf,-inf,0.0,0.0,0.0,0.0,0.0,-1.0,-inf,-inf,-inf,inf,inf,inf,inf,121.350006,156.45001,504.95004,-34890.836,-50000.0,43703.07,-268401.77017599996,154.8367919921875,7736.142250651679,147.15,188.85,475.85,0.0,1.0,3.0,1.0,1.0,0.0,0.0,1.0,1.0,1.0,1.0,1.0,7630.496984226598,121.350006,156.45001,504.95004,-1.0,105.64526642508136,-1.0,-inf,-inf,-inf,-inf,-inf,-inf,65535.0,65535.0,-3859.631,-4755.217,4725.24,-1.0,0.0,704.0,4.0,4.0,1.0,4.0,7735.4208984375,3.0,0.0,1454.5151,1850.0,-1170.8224,-270995.480529,20000007.0,-13.0,2.0,1454.5151,1850.0,-1170.8224,-inf,-inf,-inf,154.83676147460938,-1.0,-inf,-inf,-inf,-inf,-inf,-inf,1.0,704.0,0.0,432.0,-0.49895555,-0.6147328,0.61085755,147.15,188.85,475.85,-270995.480529,20000007.0
0,1,4,0,9.0,0.968,-inf,0.0,-1.0,-1.0,4.0,0.0,0.0,1.0,0.0,1.0,0.0,0.0,2.0,0.0,0.0,0.0,0.0,0.0,0.0,0.0,0.0,0.0,0.0,0.0,0.0,0.0,123.0,-33.149994,-13.649994,21.950005,9.0,-1.0,-inf,-1.0,0.0,0.0,0.0,0.0,0.0,-1.0,-1.0,-1.0,-1.0,-1.0,-1.0,9.0,-1.0,-1.0,-1.0,0.0,0.0,0.0,0.0,1.0,0.0,1.0,,-1.0,-1.0,-1.0,-inf,-inf,-inf,-1.0,-1.0,-1.0,-1.0,2.0,0.0,37.0,0.0,0.0,0.0,0.0,0.0,0.0,-1.0,-inf,-inf,-inf,0.0,0.0,0.0,0.0,0.0,0.0,-1.0,-inf,-inf,-inf,123.0,0.0,1391.0,-1.0,-1.0,-1.0,2033.73,1850.0,-149.67233,12,0.083333336,-inf,0.44700658321380615,-inf,-inf,-inf,-inf,-inf,-inf,-inf,-1,-1.0,-inf,-inf,-inf,-inf,-inf,-inf,0.0,-1.0,-inf,-inf,-inf,-inf,-inf,-inf,10,4,0,0,1,0,0,0,0,0.44700658321380615,-1.0,0.511998,-1.0,-inf,-inf,-inf,-inf,-inf,-inf,0.81089324,0.0,0.0,0,0.81089324,11,1,0.0,1.0,0.0,0.0,0.0,0.0,1.0,0.0,3,1,-1.0,1.0,0.0,0.0,-23.549988,-3.149994,19.849998,-1.0,-1.0,9.0,1.0,13.0,2033.73,1850.0,-149.67233,1378534.1494749999,20000140.0,5.795659065246582,-0.0,-1.0,-inf,-inf,-inf,-inf,-inf,-inf,0.0,0.0,0.0,0.0,0.0,-1.0,-inf,-inf,-inf,inf,inf,inf,inf,-inf,-inf,-inf,191.40622,-3.0964966,20.257607,1378621.554689,6.898463249206543,7.924118842199613,-21.75,-1.9500122,20.44999,0.0,1.0,12.0,9.0,0.0,0.0,0.0,1.0,0.0,0.0,1.0,0.0,7.413117106692178,191.40622,-3.0964966,20.257607,-1.0,0.5110017355074351,-1.0,-inf,-inf,-inf,-inf,-inf,-inf,65535.0,65535.0,-3.4583788,-7.0761905,-0.70546526,-1.0,0.0,22.0,62.0,62.0,37.0,40.0,7.907625198364258,11.0,13.0,-9223372000000.0,-9223372000000.0,-9223372000000.0,-9223372036854.775,20000140.0,11.0,1.0,193.82788,-1.7425537,20.578316,-inf,-inf,-inf,5.795659065246582,-1.0,-inf,-inf,-inf,-inf,-inf,-inf,3.0,12.0,0.0,18.0,-0.43734732,-0.8948566,-0.08921329,-21.75,-1.9500122,20.44999,1378621.430701,20209153.0
0,1,4,1,9.0,0.968,-inf,0.0,-1.0,-1.0,4.0,0.0,0.0,1.0,0.0,1.0,0.0,0.0,2.0,0.0,0.0,0.0,0.0,0.0,0.0,0.0,0.0,0.0,0.0,0.0,0.0,0.0,123.0,-33.149994,-13.649994,21.950005,9.0,-1.0,-inf,-1.0,0.0,0.0,0.0,0.0,0.0,-1.0,-1.0,-1.0,-1.0,-1.0,-1.0,9.0,-1.0,-1.0,-1.0,0.0,0.0,0.0,0.0,1.0,0.0,1.0,,-1.0,-1.0,-1.0,-inf,-inf,-inf,-1.0,-1.0,-1.0,-1.0,2.0,0.0,37.0,0.0,0.0,0.0,0.0,0.0,0.0,-1.0,-inf,-inf,-inf,0.0,0.0,0.0,0.0,0.0,0.0,-1.0,-inf,-inf,-inf,123.0,0.0,1391.0,-1.0,-1.0,-1.0,2033.73,1850.0,-149.67233,11,0.90983605,-inf,59.190269470214844,-inf,-inf,-inf,-inf,-inf,-inf,-inf,-1,92.89059132491467,-inf,-inf,92.89059448242188,101.29978942871094,206.47508239746094,159.7681121826172,0.0,-1.0,0.6950418,0.71622133,-0.06280075,-14.25,5.850006,19.849998,14,4,0,0,1,1,0,0,1,547.3047485351562,27.423511505126953,105.658,547.3047646450086,-inf,-inf,547.3047485351562,519.7300415039062,199.95079040527344,318.0580139160156,446.3275,461.0454,-58.529335,0,644.35767,13,2,0.0,0.0,0.79700494,0.17612231,0.026872776,0.0,0.112686776,0.88731325,1,122,1.6662224531173706,0.69267046,0.7155117,-0.09083362,-33.149994,-13.649994,21.950005,-1.0,-1.0,9.0,0.0,13.0,2033.73,1850.0,-149.67233,1378534.1494749999,20000140.0,64.7395248413086,-0.0,-1.0,-inf,-inf,-inf,-inf,-inf,-inf,0.0,0.0,0.0,0.0,0.0,-1.0,-inf,-inf,-inf,inf,inf,inf,inf,-33.149994,-13.649994,21.94999,-47009.79,-50000.0,5418.332,1380975.115995,62.27876281738281,6104.726405979718,-14.25,5.850006,19.849998,0.0,1.0,11.0,9.0,1.0,0.0,0.0,1.0,1.0,0.0,1.0,1.0,5999.083176825907,-33.149994,-13.649994,21.94999,-1.0,105.64322915381136,-1.0,-inf,-inf,-inf,-inf,-inf,-inf,65535.0,65535.0,-4325.694,-4288.431,392.749,-1.0,0.0,111.0,40.0,40.0,37.0,40.0,6103.81201171875,11.0,0.0,2033.73,1850.0,-149.67233,1378534.1494749999,20000140.0,13.0,2.0,2033.73,1850.0,-149.67233,-inf,-inf,-inf,64.7395248413086,-1.0,-inf,-inf,-inf,-inf,-inf,-inf,1.0,111.0,0.0,1373.0,-0.70868725,-0.7025824,0.06434487,-14.25,5.850006,19.849998,1378534.1494749999,20000140.0
0,1,5,0,8.0,0.9371069,-inf,0.0,-1.0,-1.0,5.0,0.0,0.0,0.0,0.0,1.0,0.0,0.0,1.0,0.0,0.0,0.0,0.0,0.0,0.0,0.0,0.0,0.0,0.0,0.0,0.0,0.0,154.0,-33.450012,-194.85,14.75,8.0,-1.0,-inf,-1.0,0.0,0.0,0.0,0.0,0.0,-1.0,-1.0,-1.0,-1.0,-1.0,-1.0,8.0,-1.0,-1.0,-1.0,0.0,0.0,0.0,0.0,1.0,0.0,1.0,,-1.0,-1.0,-1.0,-inf,-inf,-inf,-1.0,-1.0,-1.0,-1.0,1.0,0.0,36.0,0.0,0.0,0.0,0.0,0.0,0.0,-1.0,-inf,-inf,-inf,0.0,0.0,0.0,0.0,0.0,0.0,-1.0,-inf,-inf,-inf,154.0,0.0,179.0,-1.0,-1.0,-1.0,2005.1411,1850.0,-4444.1113,10,0.9371069,-inf,24.964862823486328,-inf,-inf,-inf,-inf,-inf,-inf,-inf,-1,53.470088464192635,-inf,-inf,53.470088958740234,59.18798828125,127.76680755615234,97.68517303466797,0.0,-1.0,0.3817695,0.3446886,-0.85757905,-28.950012,-191.25,4.25,11,5,0,0,1,1,0,0,0,24.964862823486328,12.012094497680664,105.658,-1.0,-inf,-inf,-inf,-inf,-inf,-inf,28.342607,19.768642,-68.5902,0,76.803116,13,2,0.0,0.0,0.7366557,0.17349105,0.0898532,0.0,0.36425486,0.63574517,1,154,2.0835647583007812,0.3690294,0.25739375,-0.8930654,-33.450012,-194.85,14.75,-1.0,-1.0,8.0,0.0,13.0,2005.1411,1850.0,-4444.1113,631209.13385,20000137.0,31.250701904296875,-0.0,-1.0,-inf,-inf,-inf,-inf,-inf,-inf,0.0,0.0,0.0,0.0,0.0,-1.0,-inf,-inf,-inf,inf,inf,inf,inf,-33.450012,-194.54999,15.050003,-19753.021,-22553.951,50000.0,633327.868686,31.25070571899414,19443.139892288236,-28.950012,-191.25,4.25,0.0,1.0,10.0,8.0,1.0,0.0,0.0,1.0,1.0,0.0,1.0,1.0,19337.4191701462,-33.450012,-194.54999,15.050003,-1.0,105.72072214203479,-1.0,-inf,-inf,-inf,-inf,-inf,-inf,65535.0,65535.0,-7164.626,-7588.565,16404.46,-1.0,0.0,154.0,39.0,39.0,36.0,39.0,19442.8515625,10.0,0.0,2005.1411,1850.0,-4444.1113,631209.13385,20000137.0,13.0,2.0,2005.1411,1850.0,-4444.1113,-inf,-inf,-inf,31.250701904296875,-1.0,-inf,-inf,-inf,-inf,-inf,-inf,1.0,154.0,0.0,179.0,-0.36849666,-0.39030102,0.8437271,-28.950012,-191.25,4.25,631209.13385,20000137.0
0,1,6,0,4.0,0.9726444,-inf,0.0,-1.0,-1.0,6.0,0.0,0.0,0.0,0.0,1.0,1.0,0.0,1.0,0.0,0.0,0.0,0.0,0.0,0.0,0.0,0.0,0.0,0.0,0.0,0.0,0.0,1301.0,41.25,-181.65001,57.950005,4.0,-1.0,-inf,-1.0,0.0,0.0,0.0,0.0,0.0,-1.0,-1.0,-1.0,-1.0,-1.0,-1.0,4.0,-1.0,-1.0,-1.0,0.0,0.0,0.0,0.0,1.0,1.0,1.0,,-1.0,-1.0,-1.0,-inf,-inf,-inf,-1.0,-1.0,-1.0,-1.0,1.0,0.0,13.0,0.0,0.0,0.0,0.0,0.0,0.0,-1.0,-inf,-inf,-inf,0.0,0.0,0.0,0.0,0.0,0.0,-1.0,-inf,-inf,-inf,1295.0,0.0,725.0,-1.0,-1.0,-1.0,1728.365,1850.0,-1560.2875,6,0.9726444,-inf,288.30548095703125,-inf,-inf,-inf,-inf,-inf,-inf,-inf,-1,321.3563473845761,-inf,-inf,321.3563537597656,334.0408935546875,549.50830078125,447.3672790527344,0.0,-1.0,0.53086734,0.6932768,-0.48738807,103.350006,-79.05,5.1500015,12,6,0,0,1,1,1,0,1,319.37939453125,133.69989013671875,105.658,319.3793928600029,-inf,-inf,319.37939453125,295.14019775390625,86.34867095947266,149.13723754882812,111.04439,372.58118,-135.44595,0,411.6955,13,2,0.0,0.0,0.67325866,0.120216236,0.20652507,0.0,0.102658495,0.89734155,1,1301,4.465498447418213,0.26972458,0.9049921,-0.32899547,41.25,-181.65001,57.950005,-1.0,-1.0,4.0,0.0,13.0,1728.365,1850.0,-1560.2875,202068.498718,20000064.0,316.70904541015625,-0.0,-1.0,-inf,-inf,-inf,-inf,-inf,-inf,0.0,0.0,0.0,0.0,0.0,-1.0,-inf,-inf,-inf,inf,inf,inf,inf,42.75,-176.55,56.15,72.79489,-183.02237,57.868385,202172.48315,316.7090759277344,2939.117810220787,103.350006,-79.04999,5.1499977,0.0,1.0,6.0,4.0,1.0,0.0,0.0,1.0,1.0,1.0,1.0,1.0,2833.4603336418245,42.75,-176.55,56.15,-1.0,105.65747657896252,-1.0,-inf,-inf,-inf,-inf,-inf,-inf,65535.0,65535.0,-1545.233,-1973.662,1531.066,-1.0,0.0,1295.0,16.0,16.0,13.0,16.0,2937.218017578125,6.0,0.0,1728.365,1850.0,-1560.2875,202068.498718,20000064.0,13.0,2.0,1728.365,1850.0,-1560.2875,-inf,-inf,-inf,316.70904541015625,-1.0,-inf,-inf,-inf,-inf,-inf,-inf,1.0,1295.0,0.0,725.0,-0.5260873,-0.67194945,0.521264,103.350006,-79.04999,5.1499977,202068.498718,20000064.0
0,1,7,0,2.0,0.9493243,-inf,0.0,-1.0,-1.0,7.0,0.0,0.0,0.0,0.0,1.0,0.0,0.0,1.0,0.0,0.0,0.0,0.0,0.0,0.0,0.0,0.0,0.0,0.0,0.0,0.0,0.0,285.0,-33.149994,-88.05,13.550003,2.0,-1.0,-inf,-1.0,0.0,0.0,0.0,0.0,0.0,-1.0,-1.0,-1.0,-1.0,-1.0,-1.0,2.0,-1.0,-1.0,-1.0,0.0,0.0,0.0,0.0,1.0,0.0,1.0,,-1.0,-1.0,-1.0,-inf,-inf,-inf,-1.0,-1.0,-1.0,-1.0,1.0,0.0,6.0,0.0,0.0,0.0,0.0,0.0,0.0,-1.0,-inf,-inf,-inf,0.0,0.0,0.0,0.0,0.0,0.0,-1.0,-inf,-inf,-inf,292.0,0.0,831.0,-1.0,-1.0,-1.0,455.87152,1850.0,-719.9757,4,0.9493243,-inf,60.83876037597656,-inf,-inf,-inf,-inf,-inf,-inf,-inf,-1,104.33966401451246,-inf,-inf,104.33966064453125,113.34325408935547,227.56002807617188,176.654296875,0.0,-1.0,0.370905,0.8933945,-0.25352657,-21.149994,-59.550003,4.8500023,13,7,0,0,1,1,0,0,1,431.5413513183594,32.314537048339844,105.658,431.54135128383115,-inf,-inf,431.5413513183594,405.3146667480469,137.72702026367188,228.22085571289062,198.24919,463.40298,-152.88704,0,526.7063,13,2,0.0,0.0,0.85126674,0.08505453,0.06367876,0.0,0.3381078,0.6618922,1,285,2.561544418334961,0.37639418,0.8798129,-0.29027,-33.149994,-88.05,13.550003,-1.0,-1.0,2.0,0.0,13.0,455.87152,1850.0,-719.9757,1228250.334106,20000033.0,68.96235656738281,-0.0,-1.0,-inf,-inf,-inf,-inf,-inf,-inf,0.0,0.0,0.0,0.0,0.0,-1.0,-inf,-inf,-inf,inf,inf,inf,inf,-33.149994,-88.64998,13.550003,121.03192,-211.14015,49.069527,1228325.84707,68.96233367919922,1001.8856707594094,-21.149994,-59.550003,4.8499947,0.0,1.0,4.0,2.0,1.0,0.0,0.0,1.0,1.0,0.0,1.0,1.0,896.2275084006415,-33.149994,-88.64998,13.550003,-1.0,105.65816235876792,-1.0,-inf,-inf,-inf,-inf,-inf,-inf,65535.0,65535.0,-137.18,-921.221,353.758,-1.0,0.0,292.0,9.0,9.0,6.0,9.0,996.2987670898438,4.0,0.0,455.87152,1850.0,-719.9757,1228250.334106,20000033.0,13.0,2.0,455.87152,1850.0,-719.9757,-inf,-inf,-inf,68.96235656738281,-1.0,-inf,-inf,-inf,-inf,-inf,-inf,1.0,292.0,0.0,831.0,-0.13768962,-0.92464334,0.3550722,-21.149994,-59.550003,4.8499947,1228250.334106,20000033.0
0,1,8,0,7.0,0.96349615,-inf,0.0,-1.0,-1.0,8.0,0.0,0.0,1.0,0.0,1.0,0.0,0.0,1.0,0.0,0.0,0.0,0.0,0.0,0.0,0.0,0.0,0.0,0.0,0.0,0.0,0.0,1907.0,33.450012,-15.450012,120.950005,7.0,-1.0,-inf,-1.0,0.0,0.0,0.0,0.0,0.0,-1.0,-1.0,-1.0,-1.0,-1.0,-1.0,7.0,-1.0,-1.0,-1.0,0.0,0.0,0.0,0.0,1.0,0.0,1.0,,-1.0,-1.0,-1.0,-inf,-inf,-inf,-1.0,-1.0,-1.0,-1.0,1.0,0.0,35.0,0.0,0.0,0.0,0.0,0.0,0.0,-1.0,-inf,-inf,-inf,0.0,0.0,0.0,0.0,0.0,0.0,-1.0,-inf,-inf,-inf,1912.0,0.0,997.0,-1.0,-1.0,-1.0,-1765.863,1850.0,1138.5308,9,0.96349615,-inf,364.81072998046875,-inf,-inf,-inf,-inf,-inf,-inf,-inf,-1,427.83192944221537,-inf,-inf,427.8319396972656,439.73236083984375,679.595703125,562.5122680664062,0.0,-1.0,-0.52480257,0.7046825,0.47749844,-45.149994,126.75,201.35,15,8,0,0,1,1,0,0,1,443.62261962890625,183.8662567138672,105.658,443.622612102962,-inf,-inf,443.62261962890625,417.2292175292969,143.80929565429688,237.2556610107422,-217.68971,462.27884,171.62473,0,539.0228,13,2,0.0,0.0,0.93143517,0.052818626,0.015746212,0.0,0.10559976,0.89440024,1,1907,2.31589412689209,-0.40385994,0.85762393,0.31839976,33.450012,-15.450012,120.950005,-1.0,-1.0,7.0,0.0,13.0,-1765.863,1850.0,1138.5308,999312.252014,20000120.0,390.6758117675781,-0.0,-1.0,-inf,-inf,-inf,-inf,-inf,-inf,0.0,0.0,0.0,0.0,0.0,-1.0,-inf,-inf,-inf,inf,inf,inf,inf,11.850006,29.549988,138.95001,-118.302216,-21.59491,117.51864,999403.314592,390.6759338378906,2013.1397874638592,-45.149994,126.75,201.35,0.0,1.0,9.0,7.0,1.0,0.0,0.0,1.0,1.0,0.0,1.0,1.0,1907.4808840527785,11.850006,29.549988,138.95001,-1.0,105.65890341108067,-1.0,-inf,-inf,-inf,-inf,-inf,-inf,65535.0,65535.0,1254.167,-1377.172,-756.327,-1.0,0.0,1912.0,38.0,38.0,35.0,38.0,2010.365234375,9.0,0.0,-1765.863,1850.0,1138.5308,999312.252014,20000120.0,13.0,2.0,-1765.863,1850.0,1138.5308,-inf,-inf,-inf,390.6758117675781,-1.0,-inf,-inf,-inf,-inf,-inf,-inf,1.0,1912.0,0.0,997.0,0.62385035,-0.6850357,-0.37621373,-45.149994,126.75,201.35,999312.252014,20000120.0
0,1,9,0,5.0,0.9461078,-inf,0.0,-1.0,-1.0,9.0,0.0,0.0,1.0,0.0,1.0,0.0,0.0,1.0,0.0,0.0,0.0,0.0,0.0,0.0,0.0,0.0,0.0,0.0,0.0,0.0,0.0,334.0,33.450012,-36.149994,208.55002,5.0,-1.0,-inf,-1.0,0.0,0.0,0.0,0.0,0.0,-1.0,-1.0,-1.0,-1.0,-1.0,-1.0,5.0,-1.0,-1.0,-1.0,0.0,0.0,0.0,0.0,1.0,0.0,1.0,,-1.0,-1.0,-1.0,-inf,-inf,-inf,-1.0,-1.0,-1.0,-1.0,1.0,0.0,14.0,0.0,0.0,0.0,0.0,0.0,0.0,-1.0,-inf,-inf,-inf,0.0,0.0,0.0,0.0,0.0,0.0,-1.0,-inf,-inf,-inf,316.0,0.0,1281.0,-1.0,-1.0,-1.0,123.12686,1850.0,67.19914,7,0.9461078,-inf,111.63114929199219,-inf,-inf,-inf,-inf,-inf,-inf,-inf,-1,161.7855823563958,-inf,-inf,161.78558349609375,172.95083618164062,324.7420349121094,255.94322204589844,0.0,-1.0,-0.3018132,-0.9480645,0.10041156,16.350006,-91.350006,214.55002,16,9,0,0,1,1,0,0,1,814.0728149414062,58.25547409057617,105.658,814.0728240939591,-inf,-inf,814.0728149414062,784.6707763671875,371.34454345703125,544.8114013671875,-261.8352,-869.923,97.0439,0,913.6417,13,2,0.0,0.0,0.7726888,0.10709855,0.120212674,0.0,0.3671924,0.6328076,1,334,1.9249377250671387,-0.2865841,-0.9521489,0.10621658,33.450012,-36.149994,208.55002,-1.0,-1.0,5.0,0.0,-13.0,123.12686,1850.0,67.19914,1393298.8551629998,20000069.0,119.47689819335938,-0.0,-1.0,-inf,-inf,-inf,-inf,-inf,-inf,0.0,0.0,0.0,0.0,0.0,-1.0,-inf,-inf,-inf,inf,inf,inf,inf,16.350006,-91.350006,214.55002,-355.45282,-514.57837,297.19382,1393799.9456479999,119.47689056396484,1453.5466707295752,33.149994,-36.149994,209.15,0.0,1.0,7.0,5.0,1.0,0.0,0.0,1.0,1.0,0.0,1.0,1.0,1347.8871988918247,16.350006,-91.350006,214.55002,-1.0,105.65947183775052,-1.0,-inf,-inf,-inf,-inf,-inf,-inf,65535.0,65535.0,-219.914,-1429.638,96.991,-1.0,0.0,316.0,17.0,17.0,14.0,17.0,1449.7012939453125,7.0,0.0,123.12686,1850.0,67.19914,1393298.8551629998,20000069.0,-13.0,2.0,123.12686,1850.0,67.19914,-inf,-inf,-inf,119.47689819335938,-1.0,-inf,-inf,-inf,-inf,-inf,-inf,1.0,316.0,0.0,1281.0,-0.15169609,-0.98616034,0.06690413,33.149994,-36.149994,209.15,1393298.8551629998,20000069.0
0,2,0,0,0.0,0.89836067,-inf,0.0,8251.387865033488,11823.114099999953,0.0,0.0,1.0,1.0,1.0,1.0,1.0,0.0,6.0,0.0,0.0,0.0,0.0,0.0,0.0,0.0,0.0,0.0,0.0,0.0,0.0,0.0,1456.0,160.05002,-159.45001,83.450005,0.0,0.1962952878997822,-inf,1.0,0.0,0.0,0.0,0.0,0.0,-1.0,0.7558214664459229,0.0,-1.0,-1.0,1.330144066803803,0.0,0.7782152366533297,1.0,1006.0,0.0,1.0,1.0,0.0,1.0,1.0,1.0,0.0,0.0,4.0,0.0,0.01804749,-0.012603698,0.7555008,0.21681375574872525,0.0,2.0,2212.0,4.0,0.0,0.0,0.0,0.0,0.0,0.0,0.0,0.0,14.0,158.73843,-158.77925,85.0938,0.0,0.0,0.0,0.0,0.0,0.0,0.0,-inf,-inf,-inf,1439.0,0.0,938.0,1000180400.0,1.4259217019657107,0.0,158.73843,-158.77925,85.0938,2,0.19512194,-inf,17.193174362182617,-inf,-inf,-inf,-inf,-inf,-inf,-inf,-1,-1.0,-inf,-inf,-inf,-inf,-inf,-inf,0.0,-1.0,-inf,-inf,-inf,-inf,-inf,-inf,0,0,0,1,1,0,1,0,0,17.193174362182617,-1.0,0.511998,-1.0,-inf,-inf,-inf,-inf,-inf,-inf,7.405545,-12.082278,-10.601295,0,17.697767,11,1,0.0,1.0,0.0,0.0,0.0,0.0,1.0,0.0,2,53,-1.0,0.41844517,-0.6827007,-0.5990188,159.15,-159.15001,85.25001,-1.0,-1.0,0.0,2.0,111.0,158.73843,-158.77925,85.0938,1240.881531,10000012.0,96.47834014892578,-0.0,-1.0,-inf,-inf,-inf,-inf,-inf,-inf,0.0,0.0,0.0,0.0,0.0,-1.0,-inf,-inf,-inf,inf,inf,inf,inf,-inf,-inf,-inf,-9223372000000.0,-9223372000000.0,-9223372000000.0,-9223372036854.775,74.10219478607178,103.98512402953962,158.75,-158.88225,85.05001,0.0,1.0,2.0,0.0,1.0,0.0,0.0,1.0,1.0,1.0,1.0,1.0,103.98512402953962,-9223372000000.0,-9223372000000.0,-9223372000000.0,-1.0,0.0,-1.0,-inf,-inf,-inf,-inf,-inf,-inf,65535.0,65535.0,67.307396,-77.247795,17.75945,2.0,0.0,0.0,2.0,2.0,0.0,2.0,103.98512268066406,2.0,111.0,158.73843,-158.77925,85.0938,1240.881531,10000012.0,22.0,0.0,158.73843,-158.77925,85.0938,-inf,-inf,-inf,96.47834014892578,-1.0,-inf,-inf,-inf,-inf,-inf,-inf,4.0,241.0,0.0,261.0,0.6472791,-0.74287355,0.17078838,158.75,-158.88225,85.05001,1240.881531,10000014.0
0,2,0,1,0.0,0.89836067,-inf,0.0,8251.387865033488,11823.114099999953,0.0,0.0,1.0,1.0,1.0,1.0,1.0,0.0,6.0,0.0,0.0,0.0,0.0,0.0,0.0,0.0,0.0,0.0,0.0,0.0,0.0,0.0,1456.0,160.05002,-159.45001,83.450005,0.0,0.1962952878997822,-inf,1.0,0.0,0.0,0.0,0.0,0.0,-1.0,0.7558214664459229,0.0,-1.0,-1.0,1.330144066803803,0.0,0.7782152366533297,1.0,1006.0,0.0,1.0,1.0,0.0,1.0,1.0,1.0,0.0,0.0,4.0,0.0,0.01804749,-0.012603698,0.7555008,0.21681375574872525,0.0,2.0,2212.0,4.0,0.0,0.0,0.0,0.0,0.0,0.0,0.0,0.0,14.0,158.73843,-158.77925,85.0938,0.0,0.0,0.0,0.0,0.0,0.0,0.0,-inf,-inf,-inf,1439.0,0.0,938.0,1000180400.0,1.4259217019657107,0.0,158.73843,-158.77925,85.0938,2,0.71146244,-0.0065220743,71.19719696044922,-inf,-inf,-inf,-inf,-inf,-inf,-inf,-1,-1.0,-inf,-inf,-inf,-inf,-inf,-inf,0.0,0.05195236,-inf,-inf,-inf,-inf,-inf,-inf,1,0,0,0,1,1,1,0,1,71.19719696044922,-1.0,0.0,-1.0,-inf,-inf,-inf,-inf,-inf,-inf,45.99411,-51.387196,17.69009,0,71.197205,22,0,0.9991367,0.0008632959,0.0,0.0,0.0,0.0,0.017179206,0.9828208,0,192,4.241090774536133,0.6460101,-0.72175866,0.2484661,166.95001,-168.15001,87.35,0.87887317,11.549015998840332,0.0,2.0,111.0,158.73843,-158.77925,85.0938,1240.881531,10000012.0,96.47834014892578,-0.0,-1.0,-inf,-inf,-inf,-inf,-inf,-inf,0.0,0.0,0.0,0.0,0.0,-1.0,-inf,-inf,-inf,inf,inf,inf,inf,-inf,-inf,-inf,-9223372000000.0,-9223372000000.0,-9223372000000.0,-9223372036854.775,74.10219478607178,103.98512402953962,158.75,-158.88225,85.05001,0.0,1.0,2.0,0.0,1.0,0.0,0.0,1.0,1.0,1.0,1.0,1.0,103.98512402953962,-9223372000000.0,-9223372000000.0,-9223372000000.0,-1.0,0.0,-1.0,-inf,-inf,-inf,-inf,-inf,-inf,65535.0,65535.0,67.307396,-77.247795,17.75945,2.0,0.0,0.0,2.0,2.0,0.0,2.0,103.98512268066406,2.0,111.0,158.73843,-158.77925,85.0938,1240.881531,10000012.0,22.0,0.0,158.73843,-158.77925,85.0938,-inf,-inf,-inf,96.47834014892578,-1.0,-inf,-inf,-inf,-inf,-inf,-inf,4.0,241.0,0.0,261.0,0.6472791,-0.74287355,0.17078838,158.75,-158.88225,85.05001,1240.881531,10000014.0
0,2,0,2,0.0,0.89836067,-inf,0.0,8251.387865033488,11823.114099999953,0.0,0.0,1.0,1.0,1.0,1.0,1.0,0.0,6.0,0.0,0.0,0.0,0.0,0.0,0.0,0.0,0.0,0.0,0.0,0.0,0.0,0.0,1456.0,160.05002,-159.45001,83.450005,0.0,0.1962952878997822,-inf,1.0,0.0,0.0,0.0,0.0,0.0,-1.0,0.7558214664459229,0.0,-1.0,-1.0,1.330144066803803,0.0,0.7782152366533297,1.0,1006.0,0.0,1.0,1.0,0.0,1.0,1.0,1.0,0.0,0.0,4.0,0.0,0.01804749,-0.012603698,0.7555008,0.21681375574872525,0.0,2.0,2212.0,4.0,0.0,0.0,0.0,0.0,0.0,0.0,0.0,0.0,14.0,158.73843,-158.77925,85.0938,0.0,0.0,0.0,0.0,0.0,0.0,0.0,-inf,-inf,-inf,1439.0,0.0,938.0,1000180400.0,1.4259217019657107,0.0,158.73843,-158.77925,85.0938,1,0.8426295,0.1176987,121.07189178466797,-inf,-inf,-inf,-inf,-inf,-inf,-inf,-1,-1.0,-inf,-inf,-inf,-inf,-inf,-inf,0.0,0.040958498,-inf,-inf,-inf,-inf,-inf,-inf,2,0,0,1,1,1,1,0,1,121.07189178466797,-1.0,0.0,-1.0,-inf,-inf,-inf,-inf,-inf,-inf,-16.721554,-50.102417,108.94283,0,121.07189,22,0,0.9985738,0.0014262124,0.0,0.0,0.0,0.0,0.014991163,0.98500884,0,466,4.71097469329834,-0.1381126,-0.4138237,0.8998194,156.75,-162.75,95.75001,0.6980146,13.155611038208008,0.0,1.0,111.0,158.73843,-158.77925,85.0938,1240.881531,10000012.0,138.13748168945312,-0.0,-1.0,-inf,-inf,-inf,-inf,-inf,-inf,0.0,0.0,0.0,0.0,0.0,-1.0,-inf,-inf,-inf,inf,inf,inf,inf,-inf,-inf,-inf,-9223372000000.0,-9223372000000.0,-9223372000000.0,-9223372036854.775,105.7714204788208,135.7415300956383,156.75,-163.65,96.049995,0.0,1.0,1.0,0.0,1.0,0.0,1.0,1.0,1.0,1.0,1.0,1.0,135.70583758834877,-9223372000000.0,-9223372000000.0,-9223372000000.0,-1.0,0.035692507289524576,-1.0,-inf,-inf,-inf,-inf,-inf,-inf,65535.0,65535.0,-18.569256,-52.522987,123.7832,2.0,0.0,358.0,1.0,1.0,0.0,1.0,135.7415313720703,1.0,111.0,158.73843,-158.77925,85.0938,1240.881531,10000012.0,22.0,0.0,158.73843,-158.77925,85.0938,-inf,-inf,-inf,138.13748168945312,-1.0,-inf,-inf,-inf,-inf,-inf,-inf,0.0,459.0,0.0,398.0,-0.13679864,-0.3869338,0.9119037,156.75,-163.65,96.049995,1240.881531,10000013.0
0,2,0,3,0.0,0.89836067,-inf,0.0,8251.387865033488,11823.114099999953,0.0,0.0,1.0,1.0,1.0,1.0,1.0,0.0,6.0,0.0,0.0,0.0,0.0,0.0,0.0,0.0,0.0,0.0,0.0,0.0,0.0,0.0,1456.0,160.05002,-159.45001,83.450005,0.0,0.1962952878997822,-inf,1.0,0.0,0.0,0.0,0.0,0.0,-1.0,0.7558214664459229,0.0,-1.0,-1.0,1.330144066803803,0.0,0.7782152366533297,1.0,1006.0,0.0,1.0,1.0,0.0,1.0,1.0,1.0,0.0,0.0,4.0,0.0,0.01804749,-0.012603698,0.7555008,0.21681375574872525,0.0,2.0,2212.0,4.0,0.0,0.0,0.0,0.0,0.0,0.0,0.0,0.0,14.0,158.73843,-158.77925,85.0938,0.0,0.0,0.0,0.0,0.0,0.0,0.0,-inf,-inf,-inf,1439.0,0.0,938.0,1000180400.0,1.4259217019657107,0.0,158.73843,-158.77925,85.0938,0,0.6211096,-inf,121.67140197753906,-inf,-inf,-inf,-inf,-inf,-inf,-inf,-1,252.9348916051042,-inf,-inf,118.59899139404297,128.27342224121094,252.9348907470703,197.14956665039062,0.0,-1.0,-0.3186321,0.33941528,0.8850259,146.85,-145.65001,116.75001,27,0,0,1,1,1,1,0,1,252.9348907470703,38.581153869628906,938.272,423.51018858339137,-inf,-inf,886.9446411132812,857.212890625,423.51019287109375,609.8688354492188,-267.89035,276.12393,624.9878,0,733.907,2212,4,0.0,0.0,0.0058870856,0.011114987,0.98299795,0.0,0.078608446,0.9213916,1,477,1.3380593061447144,-0.36501947,0.3762383,0.8515899,160.05002,-159.45001,83.450005,-1.0,-1.0,0.0,0.0,2212.0,158.73843,-158.77925,85.0938,1240.881531,10000011.0,253.850830078125,-0.0,-1.0,-inf,-inf,-inf,-inf,-inf,-inf,0.0,0.0,0.0,0.0,0.0,-1.0,-inf,-inf,-inf,inf,inf,inf,inf,143.85,-137.55,133.55002,144.31754,-137.62679,133.6687,1244.13097,255.68431091308594,1271.27902277232,158.75,-158.88225,85.05001,0.0,1.0,0.0,0.0,1.0,0.0,1.0,1.0,1.0,1.0,1.0,1.0,333.0070519445941,143.85,-137.55,133.55002,-1.0,938.271970827726,-1.0,-inf,-inf,-inf,-inf,-inf,-inf,65535.0,65535.0,-270.90158,342.91928,738.11566,2.0,0.0,727.0,0.0,0.0,0.0,0.0,857.7855834960938,0.0,0.0,158.73843,-158.77925,85.0938,1240.881531,10000011.0,2212.0,4.0,158.73843,-158.77925,85.0938,-inf,-inf,-inf,253.850830078125,-1.0,-inf,-inf,-inf,-inf,-inf,-inf,1.0,721.0,0.0,268.0,-0.31581503,0.39977273,0.8604897,158.75,-158.88225,85.05001,1240.881531,10000011.0
0,2,0,4,0.0,0.89836067,-inf,0.0,8251.387865033488,11823.114099999953,0.0,0.0,1.0,1.0,1.0,1.0,1.0,0.0,6.0,0.0,0.0,0.0,0.0,0.0,0.0,0.0,0.0,0.0,0.0,0.0,0.0,0.0,1456.0,160.05002,-159.45001,83.450005,0.0,0.1962952878997822,-inf,1.0,0.0,0.0,0.0,0.0,0.0,-1.0,0.7558214664459229,0.0,-1.0,-1.0,1.330144066803803,0.0,0.7782152366533297,1.0,1006.0,0.0,1.0,1.0,0.0,1.0,1.0,1.0,0.0,0.0,4.0,0.0,0.01804749,-0.012603698,0.7555008,0.21681375574872525,0.0,2.0,2212.0,4.0,0.0,0.0,0.0,0.0,0.0,0.0,0.0,0.0,14.0,158.73843,-158.77925,85.0938,0.0,0.0,0.0,0.0,0.0,0.0,0.0,-inf,-inf,-inf,1439.0,0.0,938.0,1000180400.0,1.4259217019657107,0.0,158.73843,-158.77925,85.0938,0,0.32784638,-inf,84.77891540527344,-inf,-inf,-inf,-inf,-inf,-inf,-inf,-1,164.92809640577778,-inf,-inf,71.4283218383789,78.50434875488281,164.9281005859375,126.79560089111328,0.0,-1.0,-0.16736928,0.3519355,0.92093915,143.85,-138.15001,133.55002,28,0,0,1,1,0,1,0,1,164.9281005859375,18.685367584228516,938.272,437.7225538658819,-inf,-inf,906.35498046875,876.5433959960938,437.7225646972656,627.35986328125,-90.90727,245.24335,517.96497,0,580.25525,2212,4,0.0,0.0,6.832546e-05,0.005407323,0.99452436,0.0,0.9452152,0.054784793,1,247,-1.0,-0.15666774,0.4226474,0.89265025,146.85,-145.35,116.75001,-1.0,-1.0,0.0,0.0,2212.0,158.73843,-158.77925,85.0938,1240.881531,10000011.0,253.850830078125,-0.0,-1.0,-inf,-inf,-inf,-inf,-inf,-inf,0.0,0.0,0.0,0.0,0.0,-1.0,-inf,-inf,-inf,inf,inf,inf,inf,143.85,-137.55,133.55002,144.31754,-137.62679,133.6687,1244.13097,255.68431091308594,1271.27902277232,158.75,-158.88225,85.05001,0.0,1.0,0.0,0.0,1.0,0.0,1.0,1.0,1.0,1.0,1.0,1.0,333.0070519445941,143.85,-137.55,133.55002,-1.0,938.271970827726,-1.0,-inf,-inf,-inf,-inf,-inf,-inf,65535.0,65535.0,-270.90158,342.91928,738.11566,2.0,0.0,727.0,0.0,0.0,0.0,0.0,857.7855834960938,0.0,0.0,158.73843,-158.77925,85.0938,1240.881531,10000011.0,2212.0,4.0,158.73843,-158.77925,85.0938,-inf,-inf,-inf,253.850830078125,-1.0,-inf,-inf,-inf,-inf,-inf,-inf,1.0,721.0,0.0,268.0,-0.31581503,0.39977273,0.8604897,158.75,-158.88225,85.05001,1240.881531,10000011.0
0,2,0,5,0.0,0.89836067,-inf,0.0,8251.387865033488,11823.114099999953,0.0,0.0,1.0,1.0,1.0,1.0,1.0,0.0,6.0,0.0,0.0,0.0,0.0,0.0,0.0,0.0,0.0,0.0,0.0,0.0,0.0,0.0,1456.0,160.05002,-159.45001,83.450005,0.0,0.1962952878997822,-inf,1.0,0.0,0.0,0.0,0.0,0.0,-1.0,0.7558214664459229,0.0,-1.0,-1.0,1.330144066803803,0.0,0.7782152366533297,1.0,1006.0,0.0,1.0,1.0,0.0,1.0,1.0,1.0,0.0,0.0,4.0,0.0,0.01804749,-0.012603698,0.7555008,0.21681375574872525,0.0,2.0,2212.0,4.0,0.0,0.0,0.0,0.0,0.0,0.0,0.0,0.0,14.0,158.73843,-158.77925,85.0938,0.0,0.0,0.0,0.0,0.0,0.0,0.0,-inf,-inf,-inf,1439.0,0.0,938.0,1000180400.0,1.4259217019657107,0.0,158.73843,-158.77925,85.0938,3,0.85714287,-inf,20.25614356994629,-inf,-inf,-inf,-inf,-inf,-inf,-inf,-1,48.84333206930195,-inf,-inf,19.13593864440918,21.48748779296875,48.84333038330078,37.055694580078125,0.0,-1.0,-0.56613815,-0.7925977,0.22644296,142.35,-138.45001,134.15,30,0,0,1,1,0,1,0,0,48.84333038330078,2.2045340538024902,938.272,-1.0,-inf,-inf,-inf,-inf,-inf,-inf,-241.4939,-162.45767,96.594696,0,306.6632,2212,4,0.0,0.0,0.002814966,0.022487912,0.9746971,0.0,0.97476816,0.025231898,1,21,-1.0,-0.78748894,-0.5297592,0.31498623,143.85,-136.95001,133.55002,-1.0,-1.0,0.0,3.0,2212.0,158.73843,-158.77925,85.0938,1240.881531,10000011.0,53.602909088134766,-0.0,-1.0,-inf,-inf,-inf,-inf,-inf,-inf,0.0,0.0,0.0,0.0,0.0,-1.0,-inf,-inf,-inf,inf,inf,inf,inf,142.5599,-138.32286,134.22931,142.5599,-138.32286,134.22931,1244.426132,45.79706954956055,984.0729107984113,143.85,-137.55,133.55002,0.0,1.0,3.0,0.0,0.0,0.0,1.0,1.0,0.0,1.0,1.0,0.0,45.80090282057654,142.5599,-138.32286,134.22931,-1.0,938.2720079778347,-1.0,-inf,-inf,-inf,-inf,-inf,-inf,65535.0,65535.0,-273.78574,-85.30766,76.21745,2.0,0.0,18.0,9.0,9.0,0.0,0.0,296.7239990234375,0.0,2212.0,158.73843,-158.77925,85.0938,1240.881531,10000011.0,2212.0,4.0,144.31754,-137.62679,133.6687,-inf,-inf,-inf,53.602909088134766,-1.0,-inf,-inf,-inf,-inf,-inf,-inf,1.0,18.0,0.0,11.0,-0.922695,-0.28749835,0.25686312,143.85,-137.55,133.55002,1244.13097,10000802.0
0,2,1,0,5.0,0.96641415,-inf,0.0,-1.0,-1.0,1.0,0.0,0.0,1.0,0.0,1.0,0.0,0.0,6.0,0.0,0.0,0.0,0.0,0.0,0.0,0.0,0.0,0.0,0.0,0.0,0.0,0.0,3889.0,33.149994,143.55002,128.15,5.0,-1.0,-inf,-1.0,0.0,0.0,0.0,0.0,0.0,-1.0,-1.0,-1.0,-1.0,-1.0,-1.0,5.0,-1.0,-1.0,-1.0,0.0,0.0,0.0,0.0,1.0,0.0,1.0,,-1.0,-1.0,-1.0,-inf,-inf,-inf,-1.0,-1.0,-1.0,-1.0,6.0,0.0,14.0,0.0,0.0,0.0,0.0,0.0,0.0,-1.0,-inf,-inf,-inf,0.0,0.0,0.0,0.0,0.0,0.0,-1.0,-inf,-inf,-inf,3898.0,0.0,2302.0,-1.0,-1.0,-1.0,495.28577,1850.0,-277.56778,14,0.94871795,-inf,8.162290573120117,-inf,-inf,-inf,-inf,-inf,-inf,-inf,-1,-1.0,-inf,-inf,-inf,-inf,-inf,-inf,0.0,-1.0,-inf,-inf,-inf,-inf,-inf,-inf,3,1,0,1,1,0,1,0,0,8.162290573120117,-1.0,0.0,-1.0,-inf,-inf,-inf,-inf,-inf,-inf,0.0,-5.771317,5.7719045,0,8.162291,22,0,0.5235655,0.4764345,0.0,0.0,0.0,0.0,0.9587744,0.04122564,0,38,-1.0,0.0,-0.70707077,0.7071427,-22.049988,-4.350006,160.55002,-1.0,-1.0,5.0,3.0,-13.0,495.28577,1850.0,-277.56778,561903.773681,20000040.0,8.907617568969727,-0.0,-1.0,-inf,-inf,-inf,-inf,-inf,-inf,0.0,0.0,0.0,0.0,0.0,-1.0,-inf,-inf,-inf,inf,inf,inf,inf,-inf,-inf,-inf,-107.37918,0.17721558,160.4534,561970.430322,6.8205342292785645,18.33231664292058,-105.73628,1.3506165,159.32083,0.0,1.0,14.0,5.0,0.0,0.0,1.0,1.0,0.0,1.0,1.0,0.0,17.821317745410944,-107.37918,0.17721558,160.4534,-1.0,0.5109988975096363,-1.0,-inf,-inf,-inf,-inf,-inf,-inf,65535.0,65535.0,-9.406817,-15.280818,3.7176728,-1.0,0.0,0.0,120.0,120.0,14.0,29.0,18.325193405151367,7.0,-13.0,495.28577,1850.0,-277.56778,561903.773681,20000040.0,11.0,1.0,-105.73628,1.3506165,159.32083,-inf,-inf,-inf,8.907617568969727,-1.0,-inf,-inf,-inf,-inf,-inf,-inf,4.0,38.0,0.0,46.0,-0.51332706,-0.8338694,0.20287223,-105.73628,1.3506165,159.32083,561970.321002,20406599.0
0,2,1,1,5.0,0.96641415,-inf,0.0,-1.0,-1.0,1.0,0.0,0.0,1.0,0.0,1.0,0.0,0.0,6.0,0.0,0.0,0.0,0.0,0.0,0.0,0.0,0.0,0.0,0.0,0.0,0.0,0.0,3889.0,33.149994,143.55002,128.15,5.0,-1.0,-inf,-1.0,0.0,0.0,0.0,0.0,0.0,-1.0,-1.0,-1.0,-1.0,-1.0,-1.0,5.0,-1.0,-1.0,-1.0,0.0,0.0,0.0,0.0,1.0,0.0,1.0,,-1.0,-1.0,-1.0,-inf,-inf,-inf,-1.0,-1.0,-1.0,-1.0,6.0,0.0,14.0,0.0,0.0,0.0,0.0,0.0,0.0,-1.0,-inf,-inf,-inf,0.0,0.0,0.0,0.0,0.0,0.0,-1.0,-inf,-inf,-inf,3898.0,0.0,2302.0,-1.0,-1.0,-1.0,495.28577,1850.0,-277.56778,12,0.7380952,-inf,12.411274909973145,-inf,-inf,-inf,-inf,-inf,-inf,-inf,-1,-1.0,-inf,-inf,-inf,-inf,-inf,-inf,0.0,-1.0,-inf,-inf,-inf,-inf,-inf,-inf,15,1,0,0,1,0,0,0,0,12.411274909973145,-1.0,0.511998,-1.0,-inf,-inf,-inf,-inf,-inf,-inf,-3.085882,-12.343707,2.2043297,0,12.913127,11,1,0.0,1.0,0.0,0.0,0.0,0.0,1.0,0.0,3,64,-1.0,-0.23897249,-0.9559038,0.17070456,24.75,118.05002,134.75,-1.0,-1.0,5.0,1.0,-13.0,495.28577,1850.0,-277.56778,561903.773681,20000040.0,15.959200859069824,-0.0,-1.0,-inf,-inf,-inf,-inf,-inf,-inf,0.0,0.0,0.0,0.0,0.0,-1.0,-inf,-inf,-inf,inf,inf,inf,inf,-inf,-inf,-inf,-64.214905,112.878815,136.30234,561966.3082099999,22.93888282775879,24.92887111682763,23.850006,118.05002,134.15,0.0,1.0,12.0,5.0,0.0,0.0,0.0,1.0,0.0,0.0,1.0,0.0,24.41787683172961,-64.214905,112.878815,136.30234,-1.0,0.5109942850980178,-1.0,-inf,-inf,-inf,-inf,-inf,-inf,65535.0,65535.0,-3.7362316,-24.044134,5.3951573,-1.0,0.0,188.0,118.0,118.0,14.0,29.0,24.923633575439453,7.0,-13.0,495.28577,1850.0,-277.56778,561903.773681,20000040.0,11.0,1.0,-62.550003,123.03812,132.72028,-inf,-inf,-inf,15.959200859069824,-1.0,-inf,-inf,-inf,-inf,-inf,-inf,3.0,82.0,0.0,74.0,-0.14990717,-0.9647122,0.21646753,23.850006,118.05002,134.15,561965.9137329999,20406554.0
0,2,1,2,5.0,0.96641415,-inf,0.0,-1.0,-1.0,1.0,0.0,0.0,1.0,0.0,1.0,0.0,0.0,6.0,0.0,0.0,0.0,0.0,0.0,0.0,0.0,0.0,0.0,0.0,0.0,0.0,0.0,3889.0,33.149994,143.55002,128.15,5.0,-1.0,-inf,-1.0,0.0,0.0,0.0,0.0,0.0,-1.0,-1.0,-1.0,-1.0,-1.0,-1.0,5.0,-1.0,-1.0,-1.0,0.0,0.0,0.0,0.0,1.0,0.0,1.0,,-1.0,-1.0,-1.0,-inf,-inf,-inf,-1.0,-1.0,-1.0,-1.0,6.0,0.0,14.0,0.0,0.0,0.0,0.0,0.0,0.0,-1.0,-inf,-inf,-inf,0.0,0.0,0.0,0.0,0.0,0.0,-1.0,-inf,-inf,-inf,3898.0,0.0,2302.0,-1.0,-1.0,-1.0,495.28577,1850.0,-277.56778,13,0.75,-inf,6.481595039367676,-inf,-inf,-inf,-inf,-inf,-inf,-inf,-1,-1.0,-inf,-inf,-inf,-inf,-inf,-inf,0.0,-1.0,-inf,-inf,-inf,-inf,-inf,-inf,16,1,0,1,1,0,1,0,0,6.481595039367676,-1.0,0.511998,-1.0,-inf,-inf,-inf,-inf,-inf,-inf,0.0,4.9319468,4.9319468,0,6.974826,11,1,0.0,1.0,0.0,0.0,0.0,0.0,1.0,0.0,3,34,-1.0,0.0,0.70710677,0.70710677,-0.1499939,53.549988,147.65,-1.0,-1.0,5.0,2.0,-13.0,495.28577,1850.0,-277.56778,561903.773681,20000040.0,9.47865104675293,-0.0,-1.0,-inf,-inf,-inf,-inf,-inf,-inf,0.0,0.0,0.0,0.0,0.0,-1.0,-inf,-inf,-inf,inf,inf,inf,inf,-inf,-inf,-inf,-87.509125,53.704163,148.28088,561968.523175,9.46521282196045,11.118427503168784,-0.1499939,54.450012,147.35,0.0,1.0,13.0,5.0,0.0,0.0,1.0,1.0,0.0,1.0,1.0,0.0,10.60743275851883,-87.509125,53.704163,148.28088,-1.0,0.5109947446499551,-1.0,-inf,-inf,-inf,-inf,-inf,-inf,65535.0,65535.0,-6.0661335,-8.597749,3.5551453,-1.0,0.0,49.0,119.0,119.0,14.0,29.0,11.10667896270752,7.0,-13.0,495.28577,1850.0,-277.56778,561903.773681,20000040.0,11.0,1.0,-87.30844,55.261078,146.46039,-inf,-inf,-inf,9.47865104675293,-1.0,-inf,-inf,-inf,-inf,-inf,-inf,3.0,36.0,0.0,35.0,-0.5461699,-0.77410614,0.32009074,-0.1499939,54.450012,147.35,561968.368457,20406576.0
0,2,1,3,5.0,0.96641415,-inf,0.0,-1.0,-1.0,1.0,0.0,0.0,1.0,0.0,1.0,0.0,0.0,6.0,0.0,0.0,0.0,0.0,0.0,0.0,0.0,0.0,0.0,0.0,0.0,0.0,0.0,3889.0,33.149994,143.55002,128.15,5.0,-1.0,-inf,-1.0,0.0,0.0,0.0,0.0,0.0,-1.0,-1.0,-1.0,-1.0,-1.0,-1.0,5.0,-1.0,-1.0,-1.0,0.0,0.0,0.0,0.0,1.0,0.0,1.0,,-1.0,-1.0,-1.0,-inf,-inf,-inf,-1.0,-1.0,-1.0,-1.0,6.0,0.0,14.0,0.0,0.0,0.0,0.0,0.0,0.0,-1.0,-inf,-inf,-inf,0.0,0.0,0.0,0.0,0.0,0.0,-1.0,-inf,-inf,-inf,3898.0,0.0,2302.0,-1.0,-1.0,-1.0,495.28577,1850.0,-277.56778,15,0.77922076,-inf,15.214190483093262,-inf,-inf,-inf,-inf,-inf,-inf,-inf,-1,-1.0,-inf,-inf,-inf,-inf,-inf,-inf,0.0,-1.0,-inf,-inf,-inf,-inf,-inf,-inf,17,1,0,1,1,0,1,0,0,15.214190483093262,-1.0,0.511998,-1.0,-inf,-inf,-inf,-inf,-inf,-inf,-3.3961658,-15.173124,-2.3006995,0,15.717852,11,1,0.0,1.0,0.0,0.0,0.0,0.0,1.0,0.0,3,65,-1.0,-0.2160706,-0.9653434,-0.14637493,-24.75,-19.950012,163.55002,-1.0,-1.0,5.0,4.0,-13.0,495.28577,1850.0,-277.56778,561903.773681,20000040.0,17.9888916015625,-0.0,-1.0,-inf,-inf,-inf,-inf,-inf,-inf,0.0,0.0,0.0,0.0,0.0,-1.0,-inf,-inf,-inf,inf,inf,inf,inf,-inf,-inf,-inf,-115.951965,-23.065735,164.0206,561971.3201199999,19.1025447845459,22.681186386249674,-27.450012,-22.649994,163.25,0.0,1.0,15.0,5.0,0.0,0.0,1.0,1.0,0.0,1.0,1.0,0.0,22.170201039574973,-115.951965,-23.065735,164.0206,-1.0,0.5109853466747027,-1.0,-inf,-inf,-inf,-inf,-inf,-inf,65535.0,65535.0,-3.8723116,-22.220991,2.3254743,-1.0,0.0,109.0,121.0,121.0,14.0,29.0,22.675430297851562,7.0,-13.0,495.28577,1850.0,-277.56778,561903.773681,20000040.0,11.0,1.0,-111.90039,-17.007538,163.77582,-inf,-inf,-inf,17.9888916015625,-1.0,-inf,-inf,-inf,-inf,-inf,-inf,3.0,72.0,0.0,58.0,-0.17077126,-0.97995895,0.102554806,-27.450012,-22.649994,163.25,561970.985489,20406607.0
0,2,1,4,5.0,0.96641415,-inf,0.0,-1.0,-1.0,1.0,0.0,0.0,1.0,0.0,1.0,0.0,0.0,6.0,0.0,0.0,0.0,0.0,0.0,0.0,0.0,0.0,0.0,0.0,0.0,0.0,0.0,3889.0,33.149994,143.55002,128.15,5.0,-1.0,-inf,-1.0,0.0,0.0,0.0,0.0,0.0,-1.0,-1.0,-1.0,-1.0,-1.0,-1.0,5.0,-1.0,-1.0,-1.0,0.0,0.0,0.0,0.0,1.0,0.0,1.0,,-1.0,-1.0,-1.0,-inf,-inf,-inf,-1.0,-1.0,-1.0,-1.0,6.0,0.0,14.0,0.0,0.0,0.0,0.0,0.0,0.0,-1.0,-inf,-inf,-inf,0.0,0.0,0.0,0.0,0.0,0.0,-1.0,-inf,-inf,-inf,3898.0,0.0,2302.0,-1.0,-1.0,-1.0,495.28577,1850.0,-277.56778,16,0.8095238,-inf,7.442134857177734,-inf,-inf,-inf,-inf,-inf,-inf,-inf,-1,-1.0,-inf,-inf,-inf,-inf,-inf,-inf,0.0,-1.0,-inf,-inf,-inf,-inf,-inf,-inf,18,1,0,1,1,0,1,0,0,7.442134857177734,-1.0,0.511998,-1.0,-inf,-inf,-inf,-inf,-inf,-inf,-3.0197492,-6.447541,3.5094757,0,7.937638,11,1,0.0,1.0,0.0,0.0,0.0,0.0,1.0,0.0,3,38,-1.0,-0.38043424,-0.81227463,0.442131,-36.75,-55.65001,174.65,-1.0,-1.0,5.0,5.0,-13.0,495.28577,1850.0,-277.56778,561903.773681,20000040.0,9.40196704864502,-0.0,-1.0,-inf,-inf,-inf,-inf,-inf,-inf,0.0,0.0,0.0,0.0,0.0,-1.0,-inf,-inf,-inf,inf,inf,inf,inf,-inf,-inf,-inf,-125.8732,-57.978928,176.60968,561972.546572,12.507445335388184,14.114158460475668,-37.950012,-56.850006,174.65,0.0,1.0,16.0,5.0,0.0,0.0,1.0,1.0,0.0,1.0,1.0,0.0,13.603159391598384,-125.8732,-57.978928,176.60968,-1.0,0.5109990688772839,-1.0,-inf,-inf,-inf,-inf,-inf,-inf,65535.0,65535.0,-1.0654192,-13.224162,4.789026,-1.0,0.0,82.0,122.0,122.0,14.0,29.0,14.104905128479004,7.0,-13.0,495.28577,1850.0,-277.56778,561903.773681,20000040.0,11.0,1.0,-124.81337,-55.434647,173.71259,-inf,-inf,-inf,9.40196704864502,-1.0,-inf,-inf,-inf,-inf,-inf,-inf,3.0,38.0,0.0,42.0,-0.075535364,-0.9375577,0.3395291,-37.950012,-56.850006,174.65,561972.381694,20406626.0
0,2,1,5,5.0,0.96641415,-inf,0.0,-1.0,-1.0,1.0,0.0,0.0,1.0,0.0,1.0,0.0,0.0,6.0,0.0,0.0,0.0,0.0,0.0,0.0,0.0,0.0,0.0,0.0,0.0,0.0,0.0,3889.0,33.149994,143.55002,128.15,5.0,-1.0,-inf,-1.0,0.0,0.0,0.0,0.0,0.0,-1.0,-1.0,-1.0,-1.0,-1.0,-1.0,5.0,-1.0,-1.0,-1.0,0.0,0.0,0.0,0.0,1.0,0.0,1.0,,-1.0,-1.0,-1.0,-inf,-inf,-inf,-1.0,-1.0,-1.0,-1.0,6.0,0.0,14.0,0.0,0.0,0.0,0.0,0.0,0.0,-1.0,-inf,-inf,-inf,0.0,0.0,0.0,0.0,0.0,0.0,-1.0,-inf,-inf,-inf,3898.0,0.0,2302.0,-1.0,-1.0,-1.0,495.28577,1850.0,-277.56778,7,0.9633324,-inf,775.68505859375,-inf,-inf,-inf,-inf,-inf,-inf,-inf,-1,845.3368282150735,-inf,-inf,845.3368530273438,848.5906982421875,1122.621826171875,972.5135498046875,0.0,-1.0,-0.2819277,-0.93732035,0.20481047,-85.05,-199.95001,205.55002,29,1,0,0,1,1,0,0,1,1387.04541015625,373.564208984375,105.658,1387.0454096182732,-inf,-inf,1387.04541015625,1355.9163818359375,821.6581420898438,1074.990234375,-484.71036,-1375.8236,298.60538,0,1488.9594,13,2,0.0,0.0,0.9985098,0.0012643223,0.00022586643,0.0,0.002356921,0.99764305,1,3650,2.342233896255493,-0.32553634,-0.9240169,0.20054635,33.149994,143.55002,128.15,-1.0,-1.0,5.0,0.0,-13.0,495.28577,1850.0,-277.56778,561903.773681,20000040.0,822.856689453125,-0.0,-1.0,-inf,-inf,-inf,-inf,-inf,-inf,0.0,0.0,0.0,0.0,0.0,-1.0,-inf,-inf,-inf,inf,inf,inf,inf,-85.04999,-199.95,205.55002,-248.0204,-668.10156,314.955,564799.605555,799.29443359375,2242.5186875972813,33.149994,143.55002,128.15,0.0,1.0,7.0,5.0,1.0,0.0,0.0,1.0,1.0,0.0,1.0,1.0,2136.8585521486016,-85.04999,-199.95,205.55002,-1.0,105.66013544867987,-1.0,-inf,-inf,-inf,-inf,-inf,-inf,65535.0,65535.0,-659.225,-2083.919,490.337,-1.0,0.0,3632.0,29.0,29.0,14.0,29.0,2240.028076171875,7.0,0.0,495.28577,1850.0,-277.56778,561903.773681,20000040.0,-13.0,2.0,495.28577,1850.0,-277.56778,-inf,-inf,-inf,822.856689453125,-1.0,-inf,-inf,-inf,-inf,-inf,-inf,1.0,3632.0,0.0,2047.0,-0.29429317,-0.9303093,0.2188977,33.149994,143.55002,128.15,561903.773681,20000040.0
0,2,3,1,8.0,0.43333334,-inf,0.0,-1.0,-1.0,3.0,0.0,1.0,0.0,0.0,1.0,1.0,0.0,2.0,0.0,0.0,0.0,0.0,0.0,0.0,0.0,0.0,0.0,0.0,0.0,0.0,0.0,30.0,184.53357,27.416107,297.9168,8.0,-1.0,-inf,-1.0,0.0,0.0,0.0,0.0,0.0,-1.0,-1.0,-1.0,-1.0,-1.0,-1.0,8.0,-1.0,-1.0,-1.0,0.0,1.0,0.0,0.0,1.0,1.0,1.0,,-1.0,-1.0,-1.0,-inf,-inf,-inf,-1.0,-1.0,-1.0,-1.0,1.0,0.0,68.0,0.0,0.0,0.0,0.0,0.0,0.0,-1.0,-inf,-inf,-inf,0.0,0.0,0.0,0.0,0.0,0.0,-1.0,-inf,-inf,-inf,13.0,0.0,9.0,-1.0,-1.0,-1.0,-9223372000000.0,-9223372000000.0,-9223372000000.0,26,0.9285714,-inf,3.0104455947875977,-inf,-inf,-inf,-inf,-inf,-inf,-inf,-1,-1.0,-inf,-inf,-inf,-inf,-inf,-inf,0.0,-1.0,-inf,-inf,-inf,-inf,-inf,-inf,8,3,0,1,1,0,1,0,0,3.0104455947875977,-1.0,0.511998,-1.0,-inf,-inf,-inf,-inf,-inf,-inf,0.0,3.1171734,1.5584282,0,3.485035,11,1,0.27801263,0.72198737,0.0,0.0,0.0,0.0,0.9480236,0.05197641,0,14,-1.0,0.0,0.8944454,0.44717723,188.55002,163.95001,367.85004,-1.0,-1.0,8.0,0.0,0.0,-9223372000000.0,-9223372000000.0,-9223372000000.0,-9223372036854.775,4294967295.0,3.5757393836975098,-0.0,-1.0,-inf,-inf,-inf,-inf,-inf,-inf,0.0,0.0,0.0,0.0,0.0,-1.0,-inf,-inf,-inf,inf,inf,inf,inf,-inf,-inf,-inf,-9223372000000.0,-9223372000000.0,-9223372000000.0,-9223372036854.775,2.7379322052001953,3.0798482974927097,-9223372000000.0,-9223372000000.0,-9223372000000.0,0.0,1.0,26.0,8.0,0.0,0.0,1.0,1.0,0.0,1.0,1.0,0.0,3.079151285950209,-9223372000000.0,-9223372000000.0,-9223372000000.0,-1.0,0.0006970115425008552,-1.0,-inf,-inf,-inf,-inf,-inf,-inf,65535.0,65535.0,-1.5222448,0.49161255,2.6318345,-1.0,0.0,0.0,161.0,161.0,68.0,161.0,3.079848289489746,26.0,2112.0,-9223372000000.0,-9223372000000.0,-9223372000000.0,-9223372036854.775,20224703.0,22.0,0.0,196.79996,153.5769,311.7712,-inf,-inf,-inf,3.5757393836975098,-1.0,-inf,-inf,-inf,-inf,-inf,-inf,4.0,13.0,0.0,9.0,-0.4942597,0.15962233,0.8545338,-9223372000000.0,-9223372000000.0,-9223372000000.0,-156153.85551199998,20224753.0
0,2,4,0,1.0,0.84615386,-inf,0.0,-1.0,-1.0,4.0,0.0,1.0,1.0,0.0,1.0,1.0,0.0,1.0,0.0,0.0,0.0,0.0,0.0,0.0,0.0,0.0,0.0,0.0,0.0,0.0,0.0,11.0,103.95001,-140.55,287.45,1.0,0.03854927913659601,-inf,0.0,0.0,0.0,0.0,0.0,0.0,-1.0,2.117140531539917,0.0,-1.0,-1.0,2.007960640541959,1.0,0.8241805542057583,2.0,1091.0,0.0,1.0,0.0,0.0,1.0,1.0,1.0,0.0,0.0,5.0,0.0,0.15582114,0.05422489,2.110702,0.12631249612366613,0.0,0.0,2212.0,1.0,0.0,1.0,0.0,0.0,0.0,0.0,0.0,0.0,14.0,484.4375,160.92145,-167.41258,0.0,0.0,0.0,0.0,0.0,0.0,1.0,-inf,-inf,-inf,13.0,0.0,4.0,1000080160.0,0.3113181681531728,0.0,484.4375,160.92145,-167.41258,25,0.84615386,-inf,3.5863771438598633,-inf,-inf,-inf,-inf,-inf,-inf,-inf,-1,-1.0,-inf,-inf,-inf,-inf,-inf,-inf,0.0,-1.0,-inf,-inf,-inf,-inf,-inf,-inf,6,4,0,1,1,0,1,0,0,3.5863771438598633,-1.0,0.511998,-1.0,-inf,-inf,-inf,-inf,-inf,-inf,0.0,-2.875359,-2.875213,0,4.0662684,11,1,0.24871339,0.7512866,0.0,0.0,0.0,0.0,0.9389977,0.061002355,0,11,-1.0,0.0,-0.7071248,-0.7070889,103.95001,-140.55,287.45,-1.0,-1.0,1.0,0.0,0.0,-9223372000000.0,-9223372000000.0,-9223372000000.0,-9223372036854.775,4294967295.0,4.001272678375244,-0.0,-1.0,-inf,-inf,-inf,-inf,-inf,-inf,0.0,0.0,0.0,0.0,0.0,-1.0,-inf,-inf,-inf,inf,inf,inf,inf,-inf,-inf,-inf,-9223372000000.0,-9223372000000.0,-9223372000000.0,-9223372036854.775,3.0637619495391846,4.473001443177548,-9223372000000.0,-9223372000000.0,-9223372000000.0,0.0,1.0,25.0,1.0,0.0,0.0,1.0,1.0,0.0,1.0,1.0,0.0,4.473001443177548,-9223372000000.0,-9223372000000.0,-9223372000000.0,-1.0,0.0,-1.0,-inf,-inf,-inf,-inf,-inf,-inf,65535.0,65535.0,-3.1808014,-2.641375,-1.7068633,0.0,0.0,0.0,160.0,160.0,1.0,160.0,4.473001480102539,25.0,2112.0,-9223372000000.0,-9223372000000.0,-9223372000000.0,-9223372036854.775,10010617.0,22.0,0.0,112.83542,-134.04715,291.05353,-inf,-inf,-inf,4.001272678375244,-1.0,-inf,-inf,-inf,-inf,-inf,-inf,4.0,13.0,0.0,4.0,-0.7111112,-0.59051514,-0.3815924,-9223372000000.0,-9223372000000.0,-9223372000000.0,1231.407403,10011093.0
0,2,5,0,2.0,0.94065446,-inf,0.0,-1.0,-1.0,5.0,0.0,0.0,1.0,0.0,1.0,0.0,0.0,7.0,0.0,0.0,0.0,0.0,0.0,0.0,0.0,0.0,0.0,0.0,0.0,0.0,0.0,1750.0,-89.55,7.350006,407.15002,2.0,-1.0,-inf,-1.0,0.0,0.0,0.0,0.0,0.0,-1.0,-1.0,-1.0,-1.0,-1.0,-1.0,2.0,-1.0,-1.0,-1.0,0.0,0.0,0.0,0.0,1.0,0.0,1.0,,-1.0,-1.0,-1.0,-inf,-inf,-inf,-1.0,-1.0,-1.0,-1.0,7.0,0.0,3.0,0.0,0.0,0.0,0.0,0.0,0.0,-1.0,-inf,-inf,-inf,0.0,0.0,0.0,0.0,0.0,0.0,-1.0,-inf,-inf,-inf,1749.0,0.0,2207.0,-1.0,-1.0,-1.0,1496.1128,1850.0,-334.18015,20,0.78571427,-inf,48.75336456298828,-inf,-inf,-inf,-inf,-inf,-inf,-inf,-1,-1.0,-inf,-inf,-inf,-inf,-inf,-inf,0.0,-1.0,-inf,-inf,-inf,-inf,-inf,-inf,7,5,0,0,1,0,0,0,1,48.75336456298828,-1.0,0.511998,-1.0,-inf,-inf,-inf,-inf,-inf,-inf,31.15678,38.111656,1.8896191,0,49.262703,11,1,0.0,1.0,0.0,0.0,0.0,0.0,1.0,0.0,3,160,-1.0,0.63246185,0.7736412,0.038358007,20.850006,128.55002,361.55002,-1.0,-1.0,2.0,2.0,13.0,1496.1128,1850.0,-334.18015,715665.500244,20000008.0,53.31727600097656,-0.0,-1.0,-inf,-inf,-inf,-inf,-inf,-inf,0.0,0.0,0.0,0.0,0.0,-1.0,-inf,-inf,-inf,inf,inf,inf,inf,-inf,-inf,-inf,-91.11003,128.17853,361.88306,715747.078301,53.32021951675415,64.23619915546796,20.549988,128.55002,361.25,0.0,1.0,20.0,2.0,0.0,0.0,0.0,1.0,0.0,0.0,1.0,1.0,63.725355120127816,-91.11003,128.17853,361.88306,-1.0,0.5108440353401428,-1.0,-inf,-inf,-inf,-inf,-inf,-inf,65535.0,65535.0,-47.31701,-39.75015,17.522972,-1.0,0.0,157.0,148.0,148.0,3.0,18.0,64.23416900634766,4.0,13.0,1496.1128,1850.0,-334.18015,715665.500244,20000008.0,11.0,1.0,-82.45291,137.23676,358.21283,-inf,-inf,-inf,53.31727600097656,-1.0,-inf,-inf,-inf,-inf,-inf,-inf,3.0,140.0,0.0,170.0,-0.736633,-0.6188318,0.2727983,20.549988,128.55002,361.25,715746.574082,20539007.0
0,2,5,1,2.0,0.94065446,-inf,0.0,-1.0,-1.0,5.0,0.0,0.0,1.0,0.0,1.0,0.0,0.0,7.0,0.0,0.0,0.0,0.0,0.0,0.0,0.0,0.0,0.0,0.0,0.0,0.0,0.0,1750.0,-89.55,7.350006,407.15002,2.0,-1.0,-inf,-1.0,0.0,0.0,0.0,0.0,0.0,-1.0,-1.0,-1.0,-1.0,-1.0,-1.0,2.0,-1.0,-1.0,-1.0,0.0,0.0,0.0,0.0,1.0,0.0,1.0,,-1.0,-1.0,-1.0,-inf,-inf,-inf,-1.0,-1.0,-1.0,-1.0,7.0,0.0,3.0,0.0,0.0,0.0,0.0,0.0,0.0,-1.0,-inf,-inf,-inf,0.0,0.0,0.0,0.0,0.0,0.0,-1.0,-inf,-inf,-inf,1749.0,0.0,2207.0,-1.0,-1.0,-1.0,1496.1128,1850.0,-334.18015,19,0.9375,-inf,5.352170944213867,-inf,-inf,-inf,-inf,-inf,-inf,-inf,-1,-1.0,-inf,-inf,-inf,-inf,-inf,-inf,0.0,-1.0,-inf,-inf,-inf,-inf,-inf,-inf,9,5,0,1,1,0,1,0,0,5.352170944213867,-1.0,0.0,-1.0,-inf,-inf,-inf,-inf,-inf,-inf,-2.4365888,-4.7513404,-0.36542577,0,5.3521714,22,0,0.5198852,0.48011476,0.0,0.0,0.0,0.0,0.9336636,0.06633636,0,16,-1.0,-0.45525244,-0.8877408,-0.068276174,-1.3500061,98.25,369.95,-1.0,-1.0,2.0,1.0,13.0,1496.1128,1850.0,-334.18015,715665.500244,20000008.0,5.225935459136963,-0.0,-1.0,-inf,-inf,-inf,-inf,-inf,-inf,0.0,0.0,0.0,0.0,0.0,-1.0,-inf,-inf,-inf,inf,inf,inf,inf,-inf,-inf,-inf,-73.52545,142.68454,359.39304,715746.4123269999,4.001482009887695,91.8499995985107,-66.088974,155.12753,351.4466,0.0,1.0,19.0,2.0,0.0,0.0,1.0,1.0,0.0,1.0,1.0,0.0,91.33883090432289,-73.52545,142.68454,359.39304,-1.0,0.511168694187811,-1.0,-inf,-inf,-inf,-inf,-inf,-inf,65535.0,65535.0,-65.2758,-62.074127,17.945307,-1.0,0.0,0.0,147.0,147.0,3.0,18.0,91.84857940673828,4.0,13.0,1496.1128,1850.0,-334.18015,715665.500244,20000008.0,11.0,1.0,-66.088974,155.12753,351.4466,-inf,-inf,-inf,5.225935459136963,-1.0,-inf,-inf,-inf,-inf,-inf,-inf,4.0,15.0,0.0,294.0,-0.7106893,-0.6758311,0.19537926,-66.088974,155.12753,351.4466,715745.734201,20538994.0
0,2,5,2,2.0,0.94065446,-inf,0.0,-1.0,-1.0,5.0,0.0,0.0,1.0,0.0,1.0,0.0,0.0,7.0,0.0,0.0,0.0,0.0,0.0,0.0,0.0,0.0,0.0,0.0,0.0,0.0,0.0,1750.0,-89.55,7.350006,407.15002,2.0,-1.0,-inf,-1.0,0.0,0.0,0.0,0.0,0.0,-1.0,-1.0,-1.0,-1.0,-1.0,-1.0,2.0,-1.0,-1.0,-1.0,0.0,0.0,0.0,0.0,1.0,0.0,1.0,,-1.0,-1.0,-1.0,-inf,-inf,-inf,-1.0,-1.0,-1.0,-1.0,7.0,0.0,3.0,0.0,0.0,0.0,0.0,0.0,0.0,-1.0,-inf,-inf,-inf,0.0,0.0,0.0,0.0,0.0,0.0,-1.0,-inf,-inf,-inf,1749.0,0.0,2207.0,-1.0,-1.0,-1.0,1496.1128,1850.0,-334.18015,21,0.90789473,-inf,24.630329132080078,-inf,-inf,-inf,-inf,-inf,-inf,-inf,-1,-1.0,-inf,-inf,-inf,-inf,-inf,-inf,0.0,-1.0,-inf,-inf,-inf,-inf,-inf,-inf,19,5,0,1,1,0,1,0,0,24.630329132080078,-1.0,0.511998,-1.0,-inf,-inf,-inf,-inf,-inf,-inf,-22.609266,-9.420703,5.652077,0,25.137114,11,1,0.0,1.0,0.0,0.0,0.0,0.0,1.0,0.0,3,71,-1.0,-0.89943767,-0.37477267,0.22484988,0.4500122,104.55002,369.35004,-1.0,-1.0,2.0,3.0,13.0,1496.1128,1850.0,-334.18015,715665.500244,20000008.0,26.206235885620117,-0.0,-1.0,-inf,-inf,-inf,-inf,-inf,-inf,0.0,0.0,0.0,0.0,0.0,-1.0,-inf,-inf,-inf,inf,inf,inf,inf,-inf,-inf,-inf,-119.7621,104.48526,367.09253,715748.456506,28.562122344970703,31.567036104640323,-7.649994,104.55002,368.15,0.0,1.0,21.0,2.0,0.0,0.0,1.0,1.0,0.0,1.0,1.0,1.0,31.056003168192525,-119.7621,104.48526,367.09253,-1.0,0.5110329364477976,-1.0,-inf,-inf,-inf,-inf,-inf,-inf,65535.0,65535.0,-20.231102,-24.0121,3.2153084,-1.0,0.0,107.0,149.0,149.0,3.0,18.0,31.562898635864258,4.0,13.0,1496.1128,1850.0,-334.18015,715665.500244,20000008.0,11.0,1.0,-109.93112,107.42102,369.51312,-inf,-inf,-inf,26.206235885620117,-1.0,-inf,-inf,-inf,-inf,-inf,-inf,3.0,74.0,0.0,84.0,-0.6409773,-0.7607698,0.10186987,-7.649994,104.55002,368.15,715747.978513,20539023.0
0,2,5,3,2.0,0.94065446,-inf,0.0,-1.0,-1.0,5.0,0.0,0.0,1.0,0.0,1.0,0.0,0.0,7.0,0.0,0.0,0.0,0.0,0.0,0.0,0.0,0.0,0.0,0.0,0.0,0.0,0.0,1750.0,-89.55,7.350006,407.15002,2.0,-1.0,-inf,-1.0,0.0,0.0,0.0,0.0,0.0,-1.0,-1.0,-1.0,-1.0,-1.0,-1.0,2.0,-1.0,-1.0,-1.0,0.0,0.0,0.0,0.0,1.0,0.0,1.0,,-1.0,-1.0,-1.0,-inf,-inf,-inf,-1.0,-1.0,-1.0,-1.0,7.0,0.0,3.0,0.0,0.0,0.0,0.0,0.0,0.0,-1.0,-inf,-inf,-inf,0.0,0.0,0.0,0.0,0.0,0.0,-1.0,-inf,-inf,-inf,1749.0,0.0,2207.0,-1.0,-1.0,-1.0,1496.1128,1850.0,-334.18015,22,0.9375,-inf,15.470576286315918,-inf,-inf,-inf,-inf,-inf,-inf,-inf,-1,-1.0,-inf,-inf,-inf,-inf,-inf,-inf,0.0,-1.0,-inf,-inf,-inf,-inf,-inf,-inf,20,5,0,1,1,0,1,0,0,15.470576286315918,-1.0,0.511998,-1.0,-inf,-inf,-inf,-inf,-inf,-inf,-11.378438,-9.490611,-5.9699216,0,15.974371,11,1,0.0,1.0,0.0,0.0,0.0,0.0,1.0,0.0,3,60,-1.0,-0.7122933,-0.59411484,-0.37371874,-30.450012,71.25,381.65002,-1.0,-1.0,2.0,4.0,13.0,1496.1128,1850.0,-334.18015,715665.500244,20000008.0,14.734855651855469,-0.0,-1.0,-inf,-inf,-inf,-inf,-inf,-inf,0.0,0.0,0.0,0.0,0.0,-1.0,-inf,-inf,-inf,inf,inf,inf,inf,-inf,-inf,-inf,-144.40353,68.246216,381.07034,715749.816193,19.28746223449707,20.39693805213369,-32.25,71.25,381.05,0.0,1.0,22.0,2.0,0.0,0.0,1.0,1.0,0.0,1.0,1.0,0.0,19.8859335475046,-144.40353,68.246216,381.07034,-1.0,0.5110045046290931,-1.0,-inf,-inf,-inf,-inf,-inf,-inf,65535.0,65535.0,-15.6114435,-12.979409,1.895184,-1.0,0.0,96.0,150.0,150.0,3.0,18.0,20.390535354614258,4.0,13.0,1496.1128,1850.0,-334.18015,715665.500244,20000008.0,11.0,1.0,-139.67447,74.97479,381.72714,-inf,-inf,-inf,14.734855651855469,-1.0,-inf,-inf,-inf,-inf,-inf,-inf,3.0,64.0,0.0,58.0,-0.7656221,-0.6365409,0.0929443,-32.25,71.25,381.05,715749.502669,20539036.0
0,2,5,4,2.0,0.94065446,-inf,0.0,-1.0,-1.0,5.0,0.0,0.0,1.0,0.0,1.0,0.0,0.0,7.0,0.0,0.0,0.0,0.0,0.0,0.0,0.0,0.0,0.0,0.0,0.0,0.0,0.0,1750.0,-89.55,7.350006,407.15002,2.0,-1.0,-inf,-1.0,0.0,0.0,0.0,0.0,0.0,-1.0,-1.0,-1.0,-1.0,-1.0,-1.0,2.0,-1.0,-1.0,-1.0,0.0,0.0,0.0,0.0,1.0,0.0,1.0,,-1.0,-1.0,-1.0,-inf,-inf,-inf,-1.0,-1.0,-1.0,-1.0,7.0,0.0,3.0,0.0,0.0,0.0,0.0,0.0,0.0,-1.0,-inf,-inf,-inf,0.0,0.0,0.0,0.0,0.0,0.0,-1.0,-inf,-inf,-inf,1749.0,0.0,2207.0,-1.0,-1.0,-1.0,1496.1128,1850.0,-334.18015,23,0.7821229,-inf,37.07004165649414,-inf,-inf,-inf,-inf,-inf,-inf,-inf,-1,-1.0,-inf,-inf,-inf,-inf,-inf,-inf,0.0,-1.0,-inf,-inf,-inf,-inf,-inf,-inf,21,5,0,1,1,0,1,0,1,37.07004165649414,-1.0,0.511998,-1.0,-inf,-inf,-inf,-inf,-inf,-inf,12.55838,2.4892824,-35.330414,0,37.578552,11,1,0.0,1.0,0.0,0.0,0.0,0.0,1.0,0.0,3,159,-1.0,0.3341901,0.066242106,-0.94017494,-55.350006,43.049988,399.65002,-1.0,-1.0,2.0,5.0,13.0,1496.1128,1850.0,-334.18015,715665.500244,20000008.0,42.14288330078125,-0.0,-1.0,-inf,-inf,-inf,-inf,-inf,-inf,0.0,0.0,0.0,0.0,0.0,-1.0,-inf,-inf,-inf,inf,inf,inf,inf,-inf,-inf,-inf,-167.33711,42.911163,399.5227,715751.235433,53.352073669433594,57.8250223464538,-55.350006,42.75,399.05,0.0,1.0,23.0,2.0,0.0,0.0,1.0,1.0,0.0,1.0,1.0,1.0,57.31386137400334,-167.33711,42.911163,399.5227,-1.0,0.51116097245046,-1.0,-inf,-inf,-inf,-inf,-inf,-inf,65535.0,65535.0,-35.343735,-44.87147,8.991296,-1.0,0.0,243.0,151.0,151.0,3.0,18.0,57.82276153564453,4.0,13.0,1496.1128,1850.0,-334.18015,715665.500244,20000008.0,11.0,1.0,-161.11165,51.485962,390.40836,-inf,-inf,-inf,42.14288330078125,-1.0,-inf,-inf,-inf,-inf,-inf,-inf,3.0,160.0,0.0,146.0,-0.6112426,-0.7760174,0.15549752,-55.350006,42.75,399.05,715750.602587,20539048.0
0,2,5,5,2.0,0.94065446,-inf,0.0,-1.0,-1.0,5.0,0.0,0.0,1.0,0.0,1.0,0.0,0.0,7.0,0.0,0.0,0.0,0.0,0.0,0.0,0.0,0.0,0.0,0.0,0.0,0.0,0.0,1750.0,-89.55,7.350006,407.15002,2.0,-1.0,-inf,-1.0,0.0,0.0,0.0,0.0,0.0,-1.0,-1.0,-1.0,-1.0,-1.0,-1.0,2.0,-1.0,-1.0,-1.0,0.0,0.0,0.0,0.0,1.0,0.0,1.0,,-1.0,-1.0,-1.0,-inf,-inf,-inf,-1.0,-1.0,-1.0,-1.0,7.0,0.0,3.0,0.0,0.0,0.0,0.0,0.0,0.0,-1.0,-inf,-inf,-inf,0.0,0.0,0.0,0.0,0.0,0.0,-1.0,-inf,-inf,-inf,1749.0,0.0,2207.0,-1.0,-1.0,-1.0,1496.1128,1850.0,-334.18015,24,0.125,-inf,0.31546905636787415,-inf,-inf,-inf,-inf,-inf,-inf,-inf,-1,-1.0,-inf,-inf,-inf,-inf,-inf,-inf,0.0,-1.0,-inf,-inf,-inf,-inf,-inf,-inf,24,5,0,1,1,0,1,0,0,0.31546905636787415,-1.0,0.511998,-1.0,-inf,-inf,-inf,-inf,-inf,-inf,0.0,0.0,-0.650046,0,0.650046,11,1,0.0,1.0,0.0,0.0,0.0,0.0,1.0,0.0,3,2,-1.0,0.0,0.0,-1.0,-76.350006,20.850006,400.55002,-1.0,-1.0,2.0,6.0,13.0,1496.1128,1850.0,-334.18015,715665.500244,20000008.0,3.685502052307129,-0.0,-1.0,-inf,-inf,-inf,-inf,-inf,-inf,0.0,0.0,0.0,0.0,0.0,-1.0,-inf,-inf,-inf,inf,inf,inf,inf,-inf,-inf,-inf,-188.20845,20.891663,400.571,715752.026065,8.384931564331055,10.916821582172062,-76.65001,22.049988,400.55,0.0,1.0,24.0,2.0,0.0,0.0,1.0,1.0,0.0,1.0,1.0,0.0,10.40582729543366,-188.20845,20.891663,400.571,-1.0,0.5109942867384025,-1.0,-inf,-inf,-inf,-inf,-inf,-inf,65535.0,65535.0,-5.4404283,-9.434102,0.56154966,-1.0,0.0,40.0,152.0,152.0,3.0,18.0,10.904855728149414,4.0,13.0,1496.1128,1850.0,-334.18015,715665.500244,20000008.0,11.0,1.0,-186.04753,23.985779,400.6026,-inf,-inf,-inf,3.685502052307129,-1.0,-inf,-inf,-inf,-inf,-inf,-inf,3.0,16.0,0.0,27.0,-0.4988996,-0.8651286,0.051495377,-76.65001,22.049988,400.55,715751.887126,20539059.0
0,2,5,6,2.0,0.94065446,-inf,0.0,-1.0,-1.0,5.0,0.0,0.0,1.0,0.0,1.0,0.0,0.0,7.0,0.0,0.0,0.0,0.0,0.0,0.0,0.0,0.0,0.0,0.0,0.0,0.0,0.0,1750.0,-89.55,7.350006,407.15002,2.0,-1.0,-inf,-1.0,0.0,0.0,0.0,0.0,0.0,-1.0,-1.0,-1.0,-1.0,-1.0,-1.0,2.0,-1.0,-1.0,-1.0,0.0,0.0,0.0,0.0,1.0,0.0,1.0,,-1.0,-1.0,-1.0,-inf,-inf,-inf,-1.0,-1.0,-1.0,-1.0,7.0,0.0,3.0,0.0,0.0,0.0,0.0,0.0,0.0,-1.0,-inf,-inf,-inf,0.0,0.0,0.0,0.0,0.0,0.0,-1.0,-inf,-inf,-inf,1749.0,0.0,2207.0,-1.0,-1.0,-1.0,1496.1128,1850.0,-334.18015,4,0.94385433,-inf,435.9801025390625,-inf,-inf,-inf,-inf,-inf,-inf,-inf,-1,439.008238162049,-inf,-inf,439.00823974609375,450.7470397949219,692.6148681640625,574.19677734375,0.0,-1.0,0.6597693,0.69695204,-0.28100246,33.450012,140.25,356.15002,31,5,0,0,1,1,0,0,1,1242.641357421875,189.07852172851562,105.658,1242.6413419207643,-inf,-inf,1242.641357421875,1211.809814453125,700.9661865234375,938.2672729492188,875.7142,948.53973,-374.359,0,1344.1531,13,2,0.0,0.0,0.7730396,0.13934852,0.08761193,0.0,0.027129333,0.97287065,1,1282,1.7833044528961182,0.65149885,0.70567834,-0.2785092,-89.55,7.350006,407.15002,-1.0,-1.0,2.0,0.0,13.0,1496.1128,1850.0,-334.18015,715665.500244,20000008.0,465.15380859375,-0.0,-1.0,-inf,-inf,-inf,-inf,-inf,-inf,0.0,0.0,0.0,0.0,0.0,-1.0,-inf,-inf,-inf,inf,inf,inf,inf,-89.54999,7.350006,407.15,-1052.5211,-991.78754,788.4543,715798.905717,408.91192626953125,5190.873086029462,33.149994,140.55002,356.75,0.0,1.0,4.0,2.0,1.0,0.0,0.0,1.0,1.0,0.0,1.0,1.0,5085.2161162403,-89.54999,7.350006,407.15,-1.0,105.65696978916195,-1.0,-inf,-inf,-inf,-inf,-inf,-inf,65535.0,65535.0,-3365.586,-3658.951,1489.6,-1.0,0.0,1280.0,18.0,18.0,3.0,18.0,5189.7978515625,4.0,0.0,1496.1128,1850.0,-334.18015,715665.500244,20000008.0,13.0,2.0,1496.1128,1850.0,-334.18015,-inf,-inf,-inf,465.15380859375,-1.0,-inf,-inf,-inf,-inf,-inf,-inf,1.0,1280.0,0.0,1428.0,-0.6485004,-0.70502764,0.28702468,33.149994,140.55002,356.75,715665.500244,20000008.0
0,2,7,0,7.0,0.9158416,-inf,0.0,-1.0,-1.0,7.0,0.0,0.0,0.0,0.0,1.0,0.0,0.0,2.0,0.0,0.0,0.0,0.0,0.0,0.0,0.0,0.0,0.0,0.0,0.0,0.0,0.0,390.0,-33.450012,94.05002,496.25003,7.0,-1.0,-inf,-1.0,0.0,0.0,0.0,0.0,0.0,-1.0,-1.0,-1.0,-1.0,-1.0,-1.0,7.0,-1.0,-1.0,-1.0,0.0,0.0,0.0,0.0,1.0,0.0,1.0,,-1.0,-1.0,-1.0,-inf,-inf,-inf,-1.0,-1.0,-1.0,-1.0,2.0,0.0,37.0,0.0,0.0,0.0,0.0,0.0,0.0,-1.0,-inf,-inf,-inf,0.0,0.0,0.0,0.0,0.0,0.0,-1.0,-inf,-inf,-inf,384.0,0.0,1299.0,-1.0,-1.0,-1.0,-1744.1692,1850.0,790.9451,10,0.8894472,-inf,85.76141357421875,-inf,-inf,-inf,-inf,-inf,-inf,-inf,-1,-1.0,-inf,-inf,-inf,-inf,-inf,-inf,0.0,-1.0,-inf,-inf,-inf,-inf,-inf,-inf,11,7,0,0,1,0,0,0,1,85.76141357421875,-1.0,0.511998,-1.0,-inf,-inf,-inf,-inf,-inf,-inf,63.324505,-58.452282,-4.0220914,0,86.27189,11,1,0.0,1.0,0.0,0.0,0.0,0.0,1.0,0.0,3,189,-1.0,0.7340109,-0.67753565,-0.046621114,-31.350006,94.649994,497.45004,-1.0,-1.0,7.0,1.0,-13.0,-1744.1692,1850.0,790.9451,1257896.3525999999,20000152.0,91.66746520996094,-0.0,-1.0,-inf,-inf,-inf,-inf,-inf,-inf,0.0,0.0,0.0,0.0,0.0,-1.0,-inf,-inf,-inf,inf,inf,inf,inf,-inf,-inf,-inf,159.54733,97.00177,495.78024,1257983.2852379999,70.1894760131836,166.15752748689414,148.6737,107.01135,498.53952,0.0,1.0,10.0,7.0,0.0,0.0,0.0,1.0,0.0,0.0,1.0,1.0,165.64621490345746,159.54733,97.00177,495.78024,-1.0,0.5113125834366656,-1.0,-inf,-inf,-inf,-inf,-inf,-inf,65535.0,65535.0,120.04377,-114.76833,-5.0779185,-1.0,0.0,0.0,66.0,66.0,37.0,52.0,166.15673828125,9.0,-13.0,-1744.1692,1850.0,790.9451,1257896.3525999999,20000152.0,11.0,1.0,148.6737,107.01135,498.53952,-inf,-inf,-inf,91.66746520996094,-1.0,-inf,-inf,-inf,-inf,-inf,-inf,4.0,187.0,0.0,444.0,0.7224731,-0.6907233,-0.030561015,148.6737,107.01135,498.53952,1257982.73649,20064885.0
0,2,7,1,7.0,0.9158416,-inf,0.0,-1.0,-1.0,7.0,0.0,0.0,0.0,0.0,1.0,0.0,0.0,2.0,0.0,0.0,0.0,0.0,0.0,0.0,0.0,0.0,0.0,0.0,0.0,0.0,0.0,390.0,-33.450012,94.05002,496.25003,7.0,-1.0,-inf,-1.0,0.0,0.0,0.0,0.0,0.0,-1.0,-1.0,-1.0,-1.0,-1.0,-1.0,7.0,-1.0,-1.0,-1.0,0.0,0.0,0.0,0.0,1.0,0.0,1.0,,-1.0,-1.0,-1.0,-inf,-inf,-inf,-1.0,-1.0,-1.0,-1.0,2.0,0.0,37.0,0.0,0.0,0.0,0.0,0.0,0.0,-1.0,-inf,-inf,-inf,0.0,0.0,0.0,0.0,0.0,0.0,-1.0,-inf,-inf,-inf,384.0,0.0,1299.0,-1.0,-1.0,-1.0,-1744.1692,1850.0,790.9451,9,0.9414634,-inf,102.44926452636719,-inf,-inf,-inf,-inf,-inf,-inf,-inf,-1,148.63965233282013,-inf,-inf,148.6396484375,159.41647338867188,303.57733154296875,238.49046325683594,0.0,-1.0,0.7313549,-0.6740342,-0.10391292,4.649994,58.950012,490.85,34,7,0,0,1,1,0,0,1,1109.4248046875,52.17998123168945,105.658,1109.4248365880244,-inf,-inf,1109.4248046875,1078.9300537109375,593.2687377929688,813.6024780273438,885.64386,-815.60645,-125.235,0,1210.4803,13,2,0.0,0.0,0.7561218,0.16672418,0.077153996,0.0,0.06066396,0.93933606,1,201,0.5272404551506042,0.7316466,-0.6737874,-0.103458926,-33.450012,94.05002,496.25003,-1.0,-1.0,7.0,0.0,-13.0,-1744.1692,1850.0,790.9451,1257896.3525999999,20000152.0,116.53134155273438,-0.0,-1.0,-inf,-inf,-inf,-inf,-inf,-inf,0.0,0.0,0.0,0.0,0.0,-1.0,-inf,-inf,-inf,inf,inf,inf,inf,4.649994,58.950012,490.85,50000.0,-46653.4,-5899.399,1260272.7488489999,116.53130340576172,16593.54651563978,-8.549988,72.75,492.35,0.0,1.0,9.0,7.0,1.0,0.0,0.0,1.0,1.0,0.0,1.0,1.0,16487.896306453567,4.649994,58.950012,490.85,-1.0,105.65020918621191,-1.0,-inf,-inf,-inf,-inf,-inf,-inf,65535.0,65535.0,12120.373,-11175.15,-1883.402,-1.0,0.0,197.0,52.0,52.0,37.0,52.0,16593.2109375,9.0,0.0,-1744.1692,1850.0,790.9451,1257896.3525999999,20000152.0,-13.0,2.0,-1744.1692,1850.0,790.9451,-inf,-inf,-inf,116.53134155273438,-1.0,-inf,-inf,-inf,-inf,-inf,-inf,1.0,197.0,0.0,855.0,0.7304417,-0.6734773,-0.11350437,-8.549988,72.75,492.35,1257896.3525999999,20000152.0
0,2,8,0,3.0,0.93987864,-inf,0.0,-1.0,-1.0,8.0,0.0,0.0,1.0,0.0,1.0,1.0,0.0,3.0,0.0,0.0,0.0,0.0,0.0,0.0,0.0,0.0,0.0,0.0,0.0,0.0,0.0,1789.0,-70.95,93.149994,54.65,3.0,-1.0,-inf,-1.0,0.0,0.0,0.0,0.0,0.0,-1.0,-1.0,-1.0,-1.0,-1.0,-1.0,3.0,-1.0,-1.0,-1.0,0.0,0.0,0.0,0.0,1.0,1.0,1.0,,-1.0,-1.0,-1.0,-inf,-inf,-inf,-1.0,-1.0,-1.0,-1.0,3.0,0.0,5.0,0.0,0.0,0.0,0.0,0.0,0.0,-1.0,-inf,-inf,-inf,0.0,0.0,0.0,0.0,0.0,0.0,-1.0,-inf,-inf,-inf,1728.0,0.0,999.0,-1.0,-1.0,-1.0,-874.936,1850.0,585.4876,18,0.75,-inf,12.705010414123535,-inf,-inf,-inf,-inf,-inf,-inf,-inf,-1,-1.0,-inf,-inf,-inf,-inf,-inf,-inf,0.0,-1.0,-inf,-inf,-inf,-inf,-inf,-inf,12,8,0,1,1,0,1,0,0,12.705010414123535,-1.0,0.511998,-1.0,-inf,-inf,-inf,-inf,-inf,-inf,-3.5365782,-7.957307,-9.929806,0,13.2070875,11,1,0.0,1.0,0.0,0.0,0.0,0.0,1.0,0.0,3,46,-1.0,-0.2677788,-0.60250276,-0.7518543,-28.350006,-9.450012,20.450005,-1.0,-1.0,3.0,2.0,-13.0,-874.936,1850.0,585.4876,833563.042602,20000015.0,15.628469467163086,-0.0,-1.0,-inf,-inf,-inf,-inf,-inf,-inf,0.0,0.0,0.0,0.0,0.0,-1.0,-inf,-inf,-inf,inf,inf,inf,inf,-inf,-inf,-inf,-159.00961,-9.6223755,18.561806,833632.3509079999,19.869937896728516,26.666886561932255,-29.25,-6.450012,22.25,0.0,1.0,18.0,3.0,0.0,0.0,1.0,1.0,0.0,1.0,1.0,0.0,26.155863498826857,-159.00961,-9.6223755,18.561806,-1.0,0.5110230631053992,-1.0,-inf,-inf,-inf,-inf,-inf,-inf,65535.0,65535.0,10.039462,-21.302801,-12.5004635,-1.0,0.0,109.0,135.0,135.0,5.0,20.0,26.661989212036133,5.0,-13.0,-874.936,1850.0,585.4876,833563.042602,20000015.0,11.0,1.0,-159.6008,-6.615906,22.234795,-inf,-inf,-inf,15.628469467163086,-1.0,-inf,-inf,-inf,-inf,-inf,-inf,3.0,52.0,0.0,52.0,0.37654588,-0.7989952,-0.46884963,-29.25,-6.450012,22.25,833632.0486829999,20518198.0
0,2,8,1,3.0,0.93987864,-inf,0.0,-1.0,-1.0,8.0,0.0,0.0,1.0,0.0,1.0,1.0,0.0,3.0,0.0,0.0,0.0,0.0,0.0,0.0,0.0,0.0,0.0,0.0,0.0,0.0,0.0,1789.0,-70.95,93.149994,54.65,3.0,-1.0,-inf,-1.0,0.0,0.0,0.0,0.0,0.0,-1.0,-1.0,-1.0,-1.0,-1.0,-1.0,3.0,-1.0,-1.0,-1.0,0.0,0.0,0.0,0.0,1.0,1.0,1.0,,-1.0,-1.0,-1.0,-inf,-inf,-inf,-1.0,-1.0,-1.0,-1.0,3.0,0.0,5.0,0.0,0.0,0.0,0.0,0.0,0.0,-1.0,-inf,-inf,-inf,0.0,0.0,0.0,0.0,0.0,0.0,-1.0,-inf,-inf,-inf,1728.0,0.0,999.0,-1.0,-1.0,-1.0,-874.936,1850.0,585.4876,17,0.36363637,-inf,1.2946078777313232,-inf,-inf,-inf,-inf,-inf,-inf,-inf,-1,-1.0,-inf,-inf,-inf,-inf,-inf,-inf,0.0,-1.0,-inf,-inf,-inf,-inf,-inf,-inf,14,8,0,1,1,0,1,0,0,1.2946078777313232,-1.0,0.511998,-1.0,-inf,-inf,-inf,-inf,-inf,-inf,0.5774975,-1.1550244,-1.1550317,0,1.7325366,11,1,0.0,1.0,0.0,0.0,0.0,0.0,1.0,0.0,3,4,-1.0,0.33332485,-0.6666667,-0.6666709,-64.95,78.75,49.25,-1.0,-1.0,3.0,1.0,-13.0,-874.936,1850.0,585.4876,833563.042602,20000015.0,3.590289354324341,-0.0,-1.0,-inf,-inf,-inf,-inf,-inf,-inf,0.0,0.0,0.0,0.0,0.0,-1.0,-inf,-inf,-inf,inf,inf,inf,inf,-inf,-inf,-inf,-194.82242,78.717804,48.993347,833628.900607,5.415318965911865,6.048240543325008,-65.25,78.75,50.15,0.0,1.0,17.0,3.0,0.0,0.0,1.0,1.0,0.0,1.0,1.0,0.0,5.537239151583465,-194.82242,78.717804,48.993347,-1.0,0.5110013917415429,-1.0,-inf,-inf,-inf,-inf,-inf,-inf,65535.0,65535.0,1.1583779,-4.577312,-3.7451928,-1.0,0.0,22.0,134.0,134.0,5.0,20.0,6.026615142822266,5.0,-13.0,-9223372000000.0,-9223372000000.0,-9223372000000.0,-9223372036854.775,20000015.0,11.0,1.0,-195.37701,78.86313,50.254898,-inf,-inf,-inf,3.590289354324341,-1.0,-inf,-inf,-inf,-inf,-inf,-inf,3.0,11.0,0.0,10.0,0.19221036,-0.75951624,-0.62144214,-65.25,78.75,50.15,833628.8177639999,20518168.0
0,2,8,2,3.0,0.93987864,-inf,0.0,-1.0,-1.0,8.0,0.0,0.0,1.0,0.0,1.0,1.0,0.0,3.0,0.0,0.0,0.0,0.0,0.0,0.0,0.0,0.0,0.0,0.0,0.0,0.0,0.0,1789.0,-70.95,93.149994,54.65,3.0,-1.0,-inf,-1.0,0.0,0.0,0.0,0.0,0.0,-1.0,-1.0,-1.0,-1.0,-1.0,-1.0,3.0,-1.0,-1.0,-1.0,0.0,0.0,0.0,0.0,1.0,1.0,1.0,,-1.0,-1.0,-1.0,-inf,-inf,-inf,-1.0,-1.0,-1.0,-1.0,3.0,0.0,5.0,0.0,0.0,0.0,0.0,0.0,0.0,-1.0,-inf,-inf,-inf,0.0,0.0,0.0,0.0,0.0,0.0,-1.0,-inf,-inf,-inf,1728.0,0.0,999.0,-1.0,-1.0,-1.0,-874.936,1850.0,585.4876,5,0.9396011,-inf,363.49847412109375,-inf,-inf,-inf,-inf,-inf,-inf,-inf,-1,410.94683383948944,-inf,-inf,410.94683837890625,423.0722351074219,659.7334594726562,544.7381591796875,0.0,-1.0,0.37356377,-0.88638484,-0.2734448,-6.149994,-61.65001,4.8500023,25,8,0,0,1,1,1,0,1,902.28173828125,175.97462463378906,105.658,902.2817181386141,-inf,-inf,902.28173828125,872.4866333007812,434.7295227050781,623.68408203125,363.0093,-890.0351,-284.32483,0,1002.3866,13,2,0.0,0.0,0.97652406,0.022014808,0.0014611506,0.0,0.02580654,0.97419345,1,1739,1.9104019403457642,0.362145,-0.887916,-0.28364787,-70.95,93.149994,54.65,-1.0,-1.0,3.0,0.0,-13.0,-874.936,1850.0,585.4876,833563.042602,20000015.0,386.014892578125,-0.0,-1.0,-inf,-inf,-inf,-inf,-inf,-inf,0.0,0.0,0.0,0.0,0.0,-1.0,-inf,-inf,-inf,inf,inf,inf,inf,-6.149994,-61.65001,4.8499947,17975.385,-50000.0,-10157.718,835506.206543,375.4457702636719,3923.530432297172,-70.95,93.149994,54.65,0.0,1.0,5.0,3.0,1.0,0.0,0.0,1.0,1.0,1.0,1.0,1.0,3817.8656171407883,-6.149994,-61.65001,4.8499947,-1.0,105.66481515638372,-1.0,-inf,-inf,-inf,-inf,-inf,-inf,65535.0,65535.0,1353.673,-3520.702,-1074.781,-1.0,0.0,1665.0,20.0,20.0,5.0,20.0,3922.107421875,5.0,0.0,-874.936,1850.0,585.4876,833563.042602,20000015.0,-13.0,2.0,-874.936,1850.0,585.4876,-inf,-inf,-inf,386.014892578125,-1.0,-inf,-inf,-inf,-inf,-inf,-inf,1.0,1665.0,0.0,937.0,0.34513918,-0.89765567,-0.27403152,-70.95,93.149994,54.65,833563.042602,20000015.0
0,2,9,0,6.0,0.90909094,-inf,0.0,-1.0,-1.0,9.0,0.0,0.0,1.0,0.0,1.0,0.0,0.0,2.0,0.0,0.0,0.0,0.0,0.0,0.0,0.0,0.0,0.0,0.0,0.0,0.0,0.0,430.0,33.450012,70.649994,42.65,6.0,-1.0,-inf,-1.0,0.0,0.0,0.0,0.0,0.0,-1.0,-1.0,-1.0,-1.0,-1.0,-1.0,6.0,-1.0,-1.0,-1.0,0.0,0.0,0.0,0.0,1.0,0.0,1.0,,-1.0,-1.0,-1.0,-inf,-inf,-inf,-1.0,-1.0,-1.0,-1.0,2.0,0.0,15.0,0.0,0.0,0.0,0.0,0.0,0.0,-1.0,-inf,-inf,-inf,0.0,0.0,0.0,0.0,0.0,0.0,-1.0,-inf,-inf,-inf,431.0,0.0,1394.0,-1.0,-1.0,-1.0,1254.917,1850.0,1811.8088,11,0.8055556,-inf,5.852136611938477,-inf,-inf,-inf,-inf,-inf,-inf,-inf,-1,-1.0,-inf,-inf,-inf,-inf,-inf,-inf,0.0,-1.0,-inf,-inf,-inf,-inf,-inf,-inf,13,9,0,0,1,0,0,0,0,5.852136611938477,-1.0,0.511998,-1.0,-inf,-inf,-inf,-inf,-inf,-inf,-4.485536,-4.485536,0.0,0,6.343506,11,1,0.0,1.0,0.0,0.0,0.0,0.0,1.0,0.0,3,30,-1.0,-0.70710677,-0.70710677,0.0,24.149994,56.549988,30.050003,-1.0,-1.0,6.0,1.0,-13.0,1254.917,1850.0,1811.8088,1381029.6823109998,20000053.0,7.993842124938965,-0.0,-1.0,-inf,-inf,-inf,-inf,-inf,-inf,0.0,0.0,0.0,0.0,0.0,-1.0,-inf,-inf,-inf,inf,inf,inf,inf,-inf,-inf,-inf,-191.784,55.826447,30.644753,1381127.0260299998,7.348862171173096,7.859906289379585,22.049988,56.850006,28.849998,0.0,1.0,11.0,6.0,0.0,0.0,0.0,1.0,0.0,0.0,1.0,0.0,7.3489025984771965,-191.784,55.826447,30.644753,-1.0,0.5110036909023881,-1.0,-inf,-inf,-inf,-inf,-inf,-inf,65535.0,65535.0,-1.3737905,-6.052239,-4.7958426,-1.0,0.0,43.0,107.0,107.0,15.0,30.0,7.843277454376221,8.0,-13.0,-9223372000000.0,-9223372000000.0,-9223372000000.0,-9223372036854.775,20000053.0,11.0,1.0,-193.15279,57.53647,29.38897,-inf,-inf,-inf,7.993842124938965,-1.0,-inf,-inf,-inf,-inf,-inf,-inf,3.0,35.0,0.0,17.0,-0.17515516,-0.7716467,-0.611459,22.049988,56.850006,28.849998,1381126.908569,20382251.0
0,2,9,1,6.0,0.90909094,-inf,0.0,-1.0,-1.0,9.0,0.0,0.0,1.0,0.0,1.0,0.0,0.0,2.0,0.0,0.0,0.0,0.0,0.0,0.0,0.0,0.0,0.0,0.0,0.0,0.0,0.0,430.0,33.450012,70.649994,42.65,6.0,-1.0,-inf,-1.0,0.0,0.0,0.0,0.0,0.0,-1.0,-1.0,-1.0,-1.0,-1.0,-1.0,6.0,-1.0,-1.0,-1.0,0.0,0.0,0.0,0.0,1.0,0.0,1.0,,-1.0,-1.0,-1.0,-inf,-inf,-inf,-1.0,-1.0,-1.0,-1.0,2.0,0.0,15.0,0.0,0.0,0.0,0.0,0.0,0.0,-1.0,-inf,-inf,-inf,0.0,0.0,0.0,0.0,0.0,0.0,-1.0,-inf,-inf,-inf,431.0,0.0,1394.0,-1.0,-1.0,-1.0,1254.917,1850.0,1811.8088,8,0.9088729,-inf,84.36468505859375,-inf,-inf,-inf,-inf,-inf,-inf,-inf,-1,117.74135123519562,-inf,-inf,117.74134826660156,127.37789154052734,251.43438720703125,195.93377685546875,0.0,-1.0,-0.48859954,-0.6216448,-0.61223227,14.549988,47.25,19.25,26,9,0,0,1,1,0,0,1,100000.0,38.199920654296875,105.658,99999.99729341542,-inf,-inf,100000.0,99966.125,99171.7265625,99613.140625,-50321.996,-60753.668,-61626.457,0,100105.6,13,2,0.0,0.0,0.8577539,0.12645736,0.015788702,0.0,0.051656652,0.94834334,1,400,1.8398089408874512,-0.5026891,-0.6068958,-0.6156145,33.450012,70.649994,42.65,-1.0,-1.0,6.0,0.0,-13.0,1254.917,1850.0,1811.8088,1381029.6823109998,20000053.0,92.12056732177734,-0.0,-1.0,-inf,-inf,-inf,-inf,-inf,-inf,0.0,0.0,0.0,0.0,0.0,-1.0,-inf,-inf,-inf,inf,inf,inf,inf,14.549988,47.25,19.25,-702.18787,-591.11145,-588.85754,1387163.053375,90.89259338378906,3372.4267450592656,33.450012,71.25,42.950005,0.0,1.0,8.0,6.0,1.0,0.0,0.0,1.0,1.0,0.0,1.0,1.0,3266.7661999583047,14.549988,47.25,19.25,-1.0,105.66054510096113,-1.0,-inf,-inf,-inf,-inf,-inf,-inf,65535.0,65535.0,-1665.219,-2078.741,-2065.909,-1.0,0.0,396.0,30.0,30.0,15.0,30.0,3370.771240234375,8.0,0.0,1254.917,1850.0,1811.8088,1381029.6823109998,20000053.0,-13.0,2.0,1254.917,1850.0,1811.8088,-inf,-inf,-inf,92.12056732177734,-1.0,-inf,-inf,-inf,-inf,-inf,-inf,1.0,396.0,0.0,1377.0,-0.4940172,-0.61669594,-0.6128891,33.450012,71.25,42.950005,1381029.6823109998,20000053.0
0,2,10,0,4.0,0.99652475,-87.24999694824218,0.0,-1.0,-1.0,10.0,1.0,0.0,0.0,0.0,1.0,1.0,0.0,1.0,0.0,0.0,0.0,0.0,0.0,0.0,0.0,0.0,0.0,0.0,0.0,0.0,0.0,1148.0,-192.45001,-199.95001,464.15005,4.0,-1.0,-inf,-1.0,0.0,0.0,0.0,0.0,0.0,-1.0,-1.0,-1.0,-1.0,-1.0,-1.0,4.0,-1.0,-1.0,-1.0,0.0,0.0,0.0,0.0,1.0,1.0,1.0,,-1.0,-1.0,-1.0,-inf,-inf,-inf,-1.0,-1.0,-1.0,-1.0,1.0,0.0,6.0,0.0,0.0,0.0,0.0,0.0,0.0,-1.0,-inf,-inf,-inf,0.0,0.0,0.0,0.0,0.0,0.0,-1.0,-inf,-inf,-inf,1150.0,0.0,1014.0,-1.0,-1.0,-1.0,1250.5588,1850.0,1036.6388,6,0.99652475,-inf,371.85693359375,-87.24999694824218,-inf,-inf,-inf,-inf,-inf,-inf,-1,830.8883252371749,-inf,-inf,830.8883056640625,834.4969482421875,1108.321533203125,958.9481201171875,0.0,-1.0,-0.5620161,-0.779319,-0.2771278,100.05002,-52.350006,504.35,33,10,1,0,1,1,1,0,1,715.3021240234375,367.158935546875,105.658,715.3021383979238,-inf,-inf,715.3021240234375,686.4395141601562,303.9704284667969,458.4411315917969,-518.676,-607.02716,-159.07579,0,814.1326,13,2,0.0,0.0,0.91804105,0.071020015,0.0109389415,0.0,0.012773961,0.98722607,1,1148,2.3743703365325928,-0.6370903,-0.74561214,-0.19539297,-192.45001,-199.95001,464.15005,-1.0,-1.0,4.0,0.0,13.0,1250.5588,1850.0,1036.6388,-553761.290527,20000021.0,395.722412109375,-0.0,-1.0,-inf,-inf,-inf,-inf,-inf,-inf,0.0,0.0,0.0,0.0,0.0,-1.0,-inf,-inf,-inf,inf,inf,inf,inf,-192.45,-199.95,464.15,-543.98175,-695.83234,347.71564,-553653.8676379999,395.7222595214844,2602.404274389172,87.45001,-69.45,498.35,0.0,1.0,6.0,4.0,1.0,0.0,0.0,1.0,1.0,1.0,1.0,1.0,2496.744408030026,-192.45,-199.95,464.15,-1.0,105.65986635914565,-1.0,-inf,-inf,-inf,-inf,-inf,-inf,65535.0,65535.0,-1372.059,-2130.783,-581.861,-1.0,0.0,1150.0,21.0,21.0,6.0,21.0,2600.258544921875,6.0,0.0,1250.5588,1850.0,1036.6388,-553761.290527,20000021.0,13.0,2.0,1250.5588,1850.0,1036.6388,-inf,-inf,-inf,395.722412109375,-1.0,-inf,-inf,-inf,-inf,-inf,-inf,1.0,1150.0,0.0,1014.0,-0.5276625,-0.81945044,-0.22377045,87.45001,-69.45,498.35,-553761.290527,20000021.0
