__ntuple,entry,rec.dlp..index,rec.dlp.particles..index,rec,rec,rec,rec,rec,rec,rec,rec,rec,rec,rec,rec,rec,rec,rec,rec,rec,rec,rec,rec,rec,rec,rec,rec,rec,rec,rec,rec,rec,rec,rec,rec,rec.dlp_true..index,rec,rec,rec,rec,rec,rec,rec,rec,rec,rec,rec,rec,rec,rec,rec,rec,rec,rec,rec,rec,rec,rec,rec,rec,rec,rec,rec,rec,rec,rec,rec,rec,rec,rec,rec,rec,rec,rec,rec,rec,rec,rec,rec,rec,rec,rec,rec,rec,rec,rec,rec,rec,rec,rec,rec,rec,rec,rec,rec,rec,rec,rec,rec,rec,rec,rec,rec,rec,particle,particle,particle,particle,particle,particle,particle,particle,particle,particle,particle,particle,particle,particle,particle,particle,particle,particle,particle,particle,particle,particle,particle,particle,particle,particle,particle,particle,particle,particle,particle,particle,particle,particle,particle,particle,particle,particle,particle,particle,particle,particle,particle,particle,particle,particle,particle,particle,particle,particle,particle,particle,particle,particle,particle,particle,particle,particle,particle,particle,particle,particle,particle,particle,particle,particle,particle,particle,particle,particle,particle,particle,particle,particle,particle,particle,particle,particle,particle,particle,particle,particle,particle,particle,particle,particle,particle,particle,particle,particle,particle,particle,particle,particle,particle,particle,particle,particle,particle,particle,particle,particle,particle,particle,particle,particle,particle,particle,particle,particle,particle,particle,particle,particle,particle,particle,particle,particle,particle,particle,particle,particle,particle,particle,particle,particle,particle,particle,particle,particle,particle,particle,particle,particle,particle,particle,particle,particle,particle,particle,particle,particle,particle,particle,particle,particle,particle,particle,particle,particle,particle,particle,particle,particle,particle,particle,particle,particle,particle,particle,particle,particle,particle,particle,particle,particle,particle,particle,particle,particle,particle,particle,particle,particle,particle,particle,particle,particle,particle,particle,particle,particle,particle,particle,particle,particle,particle,particle,particle,particle,particle,particle,particle,particle,particle,particle,particle,particle,particle,particle,particle,particle,particle,particle,particle,particle,particle,particle
,,,,dlp,dlp,dlp,dlp,dlp,dlp,dlp,dlp,dlp,dlp,dlp,dlp,dlp,dlp,dlp,dlp,dlp,dlp,dlp,dlp,dlp,dlp,dlp,dlp,dlp,dlp,dlp,dlp,dlp,dlp,dlp,dlp,,dlp_true,dlp_true,dlp_true,dlp_true,dlp_true,dlp_true,dlp_true,dlp_true,dlp_true,dlp_true,dlp_true,dlp_true,dlp_true,dlp_true,dlp_true,dlp_true,dlp_true,dlp_true,dlp_true,dlp_true,dlp_true,dlp_true,dlp_true,dlp_true,dlp_true,dlp_true,dlp_true,dlp_true,dlp_true,dlp_true,dlp_true,dlp_true,dlp_true,dlp_true,dlp_true,dlp_true,dlp_true,dlp_true,dlp_true,dlp_true,dlp_true,dlp_true,dlp_true,dlp_true,dlp_true,dlp_true,dlp_true,dlp_true,dlp_true,dlp_true,dlp_true,dlp_true,dlp_true,dlp_true,dlp_true,dlp_true,dlp_true,dlp_true,dlp_true,dlp_true,dlp_true,dlp_true,dlp_true,dlp_true,dlp_true,dlp_true,dlp_true,dlp_true,axial_spread,calo_ke,cathode_offset,chi2_per_pid,chi2_per_pid,chi2_per_pid,chi2_per_pid,chi2_per_pid,chi2_per_pid,chi2_pid,csda_ke,csda_ke_per_pid,csda_ke_per_pid,csda_ke_per_pid,csda_ke_per_pid,csda_ke_per_pid,csda_ke_per_pid,depositions_sum,directional_spread,end_dir,end_dir,end_dir,end_point,end_point,end_point,id,interaction_id,is_cathode_crosser,is_contained,is_matched,is_primary,is_time_contained,is_truth,is_valid,ke,length,mass,mcs_ke,mcs_ke_per_pid,mcs_ke_per_pid,mcs_ke_per_pid,mcs_ke_per_pid,mcs_ke_per_pid,mcs_ke_per_pid,momentum,momentum,momentum,num_fragments,p,pdg_code,pid,pid_scores,pid_scores,pid_scores,pid_scores,pid_scores,pid_scores,primary_scores,primary_scores,shape,size,start_dedx,start_dir,start_dir,start_dir,start_point,start_point,start_point,start_straightness,vertex_distance,match_ids,match_overlaps,strue,strue,strue,strue,strue,strue,strue,strue,strue,strue,strue,strue,strue,strue,strue,strue,strue,strue,strue,strue,strue,strue,strue,strue,strue,strue,strue,strue,strue,strue,strue,strue,strue,strue,strue,strue,strue,strue,strue,strue,strue,strue,strue,strue,strue,strue,strue,strue,strue,strue,strue,strue,strue,strue,strue,strue,strue,strue,strue,strue,strue,strue,strue,strue,strue,strue,strue,strue,strue,strue,strue,strue,strue,strue,strue,strue,strue,strue,strue,strue,strue,strue,strue,strue,strue,strue,strue,strue,strue,strue,strue,strue,strue,strue,strue,strue,strue,strue,strue,strue,strue,strue,strue,strue,strue,strue,strue,strue,strue,strue,strue,strue,strue,true,true,true,true,true,true,true,true,true,true,true,true,true,true,true,true,true,true,true,true,true,true,true
,,,,match_ids,match_overlaps,cathode_offset,depositions_sum,flash_hypo_pe,flash_total_pe,id,is_cathode_crosser,is_contained,is_fiducial,is_flash_matched,is_matched,is_time_contained,is_truth,num_particles,num_primary_particles,particle_counts,particle_counts,particle_counts,particle_counts,particle_counts,particle_counts,primary_particle_counts,primary_particle_counts,primary_particle_counts,primary_particle_counts,primary_particle_counts,primary_particle_counts,size,vertex,vertex,vertex,,bjorken_x,cathode_offset,current_type,depositions_adapt_q_sum,depositions_adapt_sum,depositions_g4_sum,depositions_q_sum,depositions_sum,distance_travel,energy_init,energy_transfer,flash_hypo_pe,flash_total_pe,hadronic_invariant_mass,id,inelasticity,interaction_mode,interaction_type,is_cathode_crosser,is_contained,is_fiducial,is_flash_matched,is_matched,is_time_contained,is_truth,lepton_p,lepton_pdg_code,lepton_track_id,mct_index,momentum,momentum,momentum,momentum_transfer,momentum_transfer_mag,nu_id,nucleon,num_particles,num_primary_particles,orig_id,particle_counts,particle_counts,particle_counts,particle_counts,particle_counts,particle_counts,pdg_code,position,position,position,primary_particle_counts,primary_particle_counts,primary_particle_counts,primary_particle_counts,primary_particle_counts,primary_particle_counts,quark,reco_vertex,reco_vertex,reco_vertex,size,size_adapt,size_g4,target,theta,track_id,vertex,vertex,vertex,,,,I0,I1,I2,I3,I4,I5,,,I0,I1,I2,I3,I4,I5,,,x,y,z,x,y,z,,,,,,,,,,,,,,I0,I1,I2,I3,I4,I5,x,y,z,,,,,I0,I1,I2,I3,I4,I5,I0,I1,,,,x,y,z,x,y,z,,,,,ancestor_pdg_code,ancestor_position,ancestor_position,ancestor_position,ancestor_t,ancestor_track_id,calo_ke,cathode_offset,csda_ke,csda_ke_per_pid,csda_ke_per_pid,csda_ke_per_pid,csda_ke_per_pid,csda_ke_per_pid,csda_ke_per_pid,depositions_adapt_q_sum,depositions_adapt_sum,depositions_g4_sum,depositions_q_sum,depositions_sum,distance_travel,end_dir,end_dir,end_dir,end_momentum,end_momentum,end_momentum,end_p,end_point,end_point,end_point,end_position,end_position,end_position,end_t,energy_deposit,energy_init,first_step,first_step,first_step,group_id,group_primary,id,interaction_id,interaction_primary,is_cathode_crosser,is_contained,is_matched,is_primary,is_time_contained,is_truth,is_valid,ke,last_step,last_step,last_step,length,mass,mcs_ke,mcs_ke_per_pid,mcs_ke_per_pid,mcs_ke_per_pid,mcs_ke_per_pid,mcs_ke_per_pid,mcs_ke_per_pid,mcst_index,mct_index,momentum,momentum,momentum,nu_id,num_fragments,num_voxels,orig_group_id,orig_id,orig_interaction_id,orig_parent_id,p,parent_id,parent_pdg_code,parent_position,parent_position,parent_position,parent_t,parent_track_id,pdg_code,pid,position,position,position,reco_end_dir,reco_end_dir,reco_end_dir,reco_ke,reco_length,reco_momentum,reco_momentum,reco_momentum,reco_start_dir,reco_start_dir,reco_start_dir,shape,size,size_adapt,size_g4,start_dir,start_dir,start_dir,start_point,start_point,start_point,t,track_id,start_process,end_process,pdg,startE,endE,start,start,start,end,end,end,genp,genp,genp,length,G4ID,parent,cont_tpc,genE,interaction_id,crosses_tpc,plane,plane
,,,,,,,,,,,,,,,,,,,,I0,I1,I2,I3,I4,I5,I0,I1,I2,I3,I4,I5,,x,y,z,,,,,,,,,,,,,,,,,,,,,,,,,,,,,,,x,y,z,,,,,,,,I0,I1,I2,I3,I4,I5,,I0,I1,I2,I0,I1,I2,I3,I4,I5,,x,y,z,,,,,,,x,y,z,,,,,,,,,,,,,,,,,,,,,,,,,,,,,,,,,,,,,,,,,,,,,,,,,,,,,,,,,,,,,,,,,,,,,,,,,,I0,I1,I2,,,,,,I0,I1,I2,I3,I4,I5,,,,,,,x,y,z,I0,I1,I2,,x,y,z,I0,I1,I2,,,,I0,I1,I2,,,,,,,,,,,,,,I0,I1,I2,,,,I0,I1,I2,I3,I4,I5,,,x,y,z,,,,,,,,,,,I0,I1,I2,,,,,I0,I1,I2,I0,I1,I2,,,I0,I1,I2,I0,I1,I2,,,,,x,y,z,x,y,z,,,,,,,,x,y,z,x,y,z,x,y,z,,,,,,,,I0,I1
,,,,,,,,,,,,,,,,,,,,,,,,,,,,,,,,,,,,,,,,,,,,,,,,,,,,,,,,,,,,,,,,,,,,,,,,,,,,,,,,,,,,,,,,,,,,,,,,,,,,,,,,,,,,,,,,,,,,,,,,,,,,,,,,,,,,,,,,,,,,,,,,,,,,,,,,,,,,,,,,,,,,,,,,,,,,,,,,,,,,,,,,,,,,,,,,,,,,,,,,,,,,,,,,,,,,,,,,,,,,,,,,,,,,,,,,,,,,,,,,,,,,,,,,,,,,,,,,,,,,,,,,,,,,,,,,,,,,,,,,,,,,,,,,,,,,,,,,,,,,,,,,,,,,,,,I2,I2
,,,,,,,,,,,,,,,,,,,,,,,,,,,,,,,,,,,,,,,,,,,,,,,,,,,,,,,,,,,,,,,,,,,,,,,,,,,,,,,,,,,,,,,,,,,,,,,,,,,,,,,,,,,,,,,,,,,,,,,,,,,,,,,,,,,,,,,,,,,,,,,,,,,,,,,,,,,,,,,,,,,,,,,,,,,,,,,,,,,,,,,,,,,,,,,,,,,,,,,,,,,,,,,,,,,,,,,,,,,,,,,,,,,,,,,,,,,,,,,,,,,,,,,,,,,,,,,,,,,,,,,,,,,,,,,,,,,,,,,,,,,,,,,,,,,,,,,,,,,,,,,,,,,,,,,visE,visE
1,0,0,0,0.0,0.02248839,-inf,0.0,-1.0,-1.0,0.0,0.0,1.0,1.0,0.0,1.0,1.0,0.0,3.0,0.0,0.0,0.0,0.0,0.0,0.0,0.0,0.0,0.0,0.0,0.0,0.0,0.0,96.0,-21.450012,-50.549988,19.550003,0.0,0.1788442390812832,-inf,0.0,0.0,0.0,0.0,0.0,0.0,-1.0,3.5735585689544678,0.0,-1.0,-1.0,1.807977496549661,0.0,0.43321844298912476,1.0,1005.0,0.0,0.0,1.0,0.0,1.0,1.0,1.0,0.0,0.0,4.0,0.0,-0.028730921,0.060766894,3.5729263,0.5199251226706214,0.0,0.0,2112.0,26.0,0.0,0.0,0.0,0.0,0.0,0.0,0.0,0.0,14.0,-105.55142,142.56357,53.87298,0.0,0.0,0.0,0.0,0.0,0.0,0.0,-inf,-inf,-inf,4087.0,0.0,1715.0,1000180400.0,0.26677625427017476,0.0,-105.55142,142.56357,53.87298,-inf,6.113821506500244,-inf,-inf,-inf,-inf,-inf,-inf,-inf,-1,-1.0,-inf,-inf,-inf,-inf,-inf,-inf,0.0,-1.0,-inf,-inf,-inf,-inf,-inf,-inf,0,0,0,1,1,0,1,0,0,6.113821506500244,-1.0,0.0,-1.0,-inf,-inf,-inf,-inf,-inf,-inf,-4.3230147,4.3232346,0.0,0,6.1138215,22,0,0.6426766,0.3573234,0.0,0.0,0.0,0.0,0.9619938,0.038006138,0,25,-1.0,-0.7070888,0.70712477,0.0,31.049988,-79.350006,46.850006,-1.0,-1.0,10.0,1.0,0.0,-9223372000000.0,-9223372000000.0,-9223372000000.0,-9223372036854.775,4294967295.0,6.977850914001465,-0.0,-1.0,-inf,-inf,-inf,-inf,-inf,-inf,0.0,0.0,0.0,0.0,0.0,-1.0,-inf,-inf,-inf,inf,inf,inf,inf,-inf,-inf,-inf,-9223372000000.0,-9223372000000.0,-9223372000000.0,-9223372036854.775,5.342917442321777,6.386277547853258,31.049988,-79.64998,46.25,0.0,1.0,10.0,0.0,0.0,0.0,1.0,1.0,0.0,1.0,1.0,0.0,6.386277547853258,-9223372000000.0,-9223372000000.0,-9223372000000.0,-1.0,0.0,-1.0,-inf,-inf,-inf,-inf,-inf,-inf,65535.0,65535.0,-0.74301106,0.6605607,6.308418,0.0,0.0,25.0,28.0,28.0,0.0,4.0,6.386277675628662,3.0,2112.0,-9223372000000.0,-9223372000000.0,-9223372000000.0,-9223372036854.775,10007797.0,22.0,0.0,34.606995,-82.43884,18.716782,-inf,-inf,-inf,6.977850914001465,-1.0,-inf,-inf,-inf,-inf,-inf,-inf,0.0,25.0,0.0,0.0,-0.116344936,0.10343439,0.9878082,31.049988,-79.64998,46.25,1800.569876,10007878.0,5.0,36.0,22.0,0.0063862777,0.0,34.607002,-82.438835,18.716782,31.590601,-79.75716,44.327072,-0.00074301107,0.00066056073,0.006308418,25.926376,10007878.0,10007797.0,1.0,0.0063862777,0.0,0.0,0.0063648713,0.0
1,0,0,1,0.0,0.02248839,-inf,0.0,-1.0,-1.0,0.0,0.0,1.0,1.0,0.0,1.0,1.0,0.0,3.0,0.0,0.0,0.0,0.0,0.0,0.0,0.0,0.0,0.0,0.0,0.0,0.0,0.0,96.0,-21.450012,-50.549988,19.550003,0.0,0.1788442390812832,-inf,0.0,0.0,0.0,0.0,0.0,0.0,-1.0,3.5735585689544678,0.0,-1.0,-1.0,1.807977496549661,0.0,0.43321844298912476,1.0,1005.0,0.0,0.0,1.0,0.0,1.0,1.0,1.0,0.0,0.0,4.0,0.0,-0.028730921,0.060766894,3.5729263,0.5199251226706214,0.0,0.0,2112.0,26.0,0.0,0.0,0.0,0.0,0.0,0.0,0.0,0.0,14.0,-105.55142,142.56357,53.87298,0.0,0.0,0.0,0.0,0.0,0.0,0.0,-inf,-inf,-inf,4087.0,0.0,1715.0,1000180400.0,0.26677625427017476,0.0,-105.55142,142.56357,53.87298,-inf,23.295801162719727,-inf,-inf,-inf,-inf,-inf,-inf,-inf,-1,61.882364533007895,-inf,-inf,24.45903205871582,27.411624908447266,61.88236618041992,46.96342086791992,0.0,-1.0,0.4188013,0.8704564,-0.2586717,-20.25,-47.549988,18.650002,35,0,0,1,1,0,1,0,1,61.88236618041992,3.354106903076172,938.272,-1.0,-inf,-inf,-inf,-inf,-inf,-inf,0.0,346.34436,-0.00880835,0,346.34436,2212,4,0.0,0.0,0.1446558,0.3800174,0.4753268,0.0,0.8241998,0.17580017,1,41,-1.0,0.0,1.0,-2.543235e-05,-21.450012,-50.549988,19.550003,-1.0,-1.0,9.0,0.902439,2212.0,-105.55142,142.56357,53.87298,1770.5069979999998,10000005.0,53.54969024658203,-0.0,-1.0,-inf,-inf,-inf,-inf,-inf,-inf,0.0,0.0,0.0,0.0,0.0,-1.0,-inf,-inf,-inf,inf,inf,inf,inf,-20.850006,-49.649994,18.650002,-21.822632,-50.146423,16.992058,1784.865761,53.549686431884766,991.8341418879945,-20.549988,-47.850006,18.650002,0.0,1.0,9.0,0.0,0.0,0.0,1.0,1.0,0.0,1.0,1.0,1.0,53.562132579289596,-20.850006,-49.649994,18.650002,-1.0,938.2720093087049,-1.0,-inf,-inf,-inf,-inf,-inf,-inf,65535.0,65535.0,-156.94467,-264.64886,93.32708,0.0,0.0,37.0,27.0,27.0,0.0,9.223372036854776e+18,321.5285339355469,9.0,2112.0,-105.487335,140.80789,53.297707,1770.621402,10007662.0,2212.0,4.0,-20.568237,-47.947693,16.2809,-inf,-inf,-inf,53.54969024658203,-1.0,-inf,-inf,-inf,-inf,-inf,-inf,1.0,37.0,0.0,14.0,-0.4881205,-0.82309604,0.29026064,-20.549988,-47.850006,18.650002,1784.49991,10007796.0,5.0,54.0,2212.0,0.99183416,0.938272,-20.568224,-47.94771,16.2809,-21.82263,-50.146427,16.992058,-0.15694468,-0.26464885,0.09332708,2.629522,10007796.0,10007662.0,1.0,0.99183416,0.0,0.0,0.05355502,0.0
1,0,0,2,0.0,0.02248839,-inf,0.0,-1.0,-1.0,0.0,0.0,1.0,1.0,0.0,1.0,1.0,0.0,3.0,0.0,0.0,0.0,0.0,0.0,0.0,0.0,0.0,0.0,0.0,0.0,0.0,0.0,96.0,-21.450012,-50.549988,19.550003,0.0,0.1788442390812832,-inf,0.0,0.0,0.0,0.0,0.0,0.0,-1.0,3.5735585689544678,0.0,-1.0,-1.0,1.807977496549661,0.0,0.43321844298912476,1.0,1005.0,0.0,0.0,1.0,0.0,1.0,1.0,1.0,0.0,0.0,4.0,0.0,-0.028730921,0.060766894,3.5729263,0.5199251226706214,0.0,0.0,2112.0,26.0,0.0,0.0,0.0,0.0,0.0,0.0,0.0,0.0,14.0,-105.55142,142.56357,53.87298,0.0,0.0,0.0,0.0,0.0,0.0,0.0,-inf,-inf,-inf,4087.0,0.0,1715.0,1000180400.0,0.26677625427017476,0.0,-105.55142,142.56357,53.87298,-inf,18.61368179321289,-inf,-inf,-inf,-inf,-inf,-inf,-inf,-1,52.337423431523206,-inf,-inf,20.547809600830078,23.063966751098633,52.337425231933594,39.705848693847656,0.0,-1.0,-0.10596008,-0.92098445,-0.37491348,-19.350006,-53.850006,20.150002,36,0,0,1,1,0,1,0,1,52.337425231933594,2.491997718811035,938.272,-1.0,-inf,-inf,-inf,-inf,-inf,-inf,-41.907825,-313.05832,-34.509636,0,317.73053,2212,4,0.0,0.0,0.03834201,0.19115862,0.77049935,0.0,0.9047749,0.09522507,1,30,-1.0,-0.13189739,-0.98529506,-0.1086129,-19.049988,-51.449997,20.75,-1.0,-1.0,11.0,0.9677419,2212.0,-105.55142,142.56357,53.87298,1770.5069979999998,10000005.0,44.68757247924805,-0.0,-1.0,-inf,-inf,-inf,-inf,-inf,-inf,0.0,0.0,0.0,0.0,0.0,-1.0,-inf,-inf,-inf,inf,inf,inf,inf,-19.350006,-53.550003,20.150002,-19.812927,-53.598557,18.121803,1785.248195,44.687564849853516,982.983500405944,-19.350006,-51.75,20.150002,0.0,1.0,11.0,0.0,0.0,0.0,1.0,1.0,0.0,1.0,1.0,0.0,44.71148517244967,-19.350006,-53.550003,20.150002,-1.0,938.2720152334944,-1.0,-inf,-inf,-inf,-inf,-inf,-inf,65535.0,65535.0,-100.78394,-274.17047,-23.986147,0.0,0.0,31.0,29.0,29.0,0.0,9.223372036854776e+18,293.09075927734375,11.0,2112.0,-20.568237,-47.947693,16.2809,1784.49991,10007795.0,2212.0,4.0,-19.136261,-51.855713,18.38221,-inf,-inf,-inf,44.68757247924805,-1.0,-inf,-inf,-inf,-inf,-inf,-inf,1.0,31.0,0.0,9.0,-0.343866,-0.9354456,-0.08183863,-19.350006,-51.75,20.150002,1784.962867,10008209.0,5.0,54.0,2212.0,0.9829835,0.938272,-19.136269,-51.85572,18.382214,-19.812923,-53.598553,18.121807,-0.100783944,-0.2741705,-0.023986146,1.8893548,10008209.0,10007795.0,1.0,0.9829835,0.0,0.0,0.044705696,0.0
1,0,1,0,0.0,0.7662206,-inf,0.0,22534.226835814574,40687.52462499978,1.0,0.0,0.0,1.0,1.0,1.0,1.0,0.0,30.0,0.0,0.0,0.0,0.0,0.0,0.0,0.0,0.0,0.0,0.0,0.0,0.0,0.0,4624.0,-104.850006,143.55002,57.050003,0.0,0.1788442390812832,-inf,0.0,0.0,0.0,0.0,0.0,0.0,-1.0,3.5735585689544678,0.0,-1.0,-1.0,1.807977496549661,0.0,0.43321844298912476,1.0,1005.0,0.0,0.0,1.0,0.0,1.0,1.0,1.0,0.0,0.0,4.0,0.0,-0.028730921,0.060766894,3.5729263,0.5199251226706214,0.0,0.0,2112.0,26.0,0.0,0.0,0.0,0.0,0.0,0.0,0.0,0.0,14.0,-105.55142,142.56357,53.87298,0.0,0.0,0.0,0.0,0.0,0.0,0.0,-inf,-inf,-inf,4087.0,0.0,1715.0,1000180400.0,0.26677625427017476,0.0,-105.55142,142.56357,53.87298,-inf,4.7323737144470215,-inf,-inf,-inf,-inf,-inf,-inf,-inf,-1,-1.0,-inf,-inf,-inf,-inf,-inf,-inf,0.0,-1.0,-inf,-inf,-inf,-inf,-inf,-inf,1,1,0,1,1,0,1,0,0,4.7323737144470215,-1.0,0.0,-1.0,-inf,-inf,-inf,-inf,-inf,-inf,0.0,3.3462512,3.3463361,0,4.7323737,22,0,0.7598687,0.24013133,0.0,0.0,0.0,0.0,0.98852384,0.011476162,0,13,-1.0,0.0,0.7070978,0.70711577,-164.85,143.55002,46.850006,-1.0,-1.0,8.0,0.85714287,0.0,-9223372000000.0,-9223372000000.0,-9223372000000.0,-9223372036854.775,4294967295.0,5.482440948486328,-0.0,-1.0,-inf,-inf,-inf,-inf,-inf,-inf,0.0,0.0,0.0,0.0,0.0,-1.0,-inf,-inf,-inf,inf,inf,inf,inf,-inf,-inf,-inf,-9223372000000.0,-9223372000000.0,-9223372000000.0,-9223372036854.775,4.197887897491455,6.156571304071211,-164.95,142.91776,46.950005,0.0,1.0,8.0,0.0,0.0,0.0,1.0,1.0,0.0,1.0,1.0,0.0,6.156571304071211,-9223372000000.0,-9223372000000.0,-9223372000000.0,-1.0,0.0,-1.0,-inf,-inf,-inf,-inf,-inf,-inf,65535.0,65535.0,0.32729256,6.060928,1.0302454,0.0,0.0,13.0,13.0,13.0,0.0,13.0,6.156571388244629,8.0,2112.0,-9223372000000.0,-9223372000000.0,-9223372000000.0,-9223372036854.775,10003085.0,22.0,0.0,-165.53506,134.25742,45.547226,-inf,-inf,-inf,5.482440948486328,-1.0,-inf,-inf,-inf,-inf,-inf,-inf,0.0,13.0,0.0,0.0,0.0531615,0.9844648,0.16734077,-164.95,142.91776,46.950005,1784.5098169999999,10003668.0,5.0,36.0,22.0,0.006156571,0.0,-165.53506,134.25742,45.547226,-165.07173,142.83765,47.005707,0.00032729257,0.0060609276,0.0010302453,8.715637,10003668.0,10003085.0,1.0,0.006156571,0.0,0.0,0.006148098,0.0
1,0,1,1,0.0,0.7662206,-inf,0.0,22534.226835814574,40687.52462499978,1.0,0.0,0.0,1.0,1.0,1.0,1.0,0.0,30.0,0.0,0.0,0.0,0.0,0.0,0.0,0.0,0.0,0.0,0.0,0.0,0.0,0.0,4624.0,-104.850006,143.55002,57.050003,0.0,0.1788442390812832,-inf,0.0,0.0,0.0,0.0,0.0,0.0,-1.0,3.5735585689544678,0.0,-1.0,-1.0,1.807977496549661,0.0,0.43321844298912476,1.0,1005.0,0.0,0.0,1.0,0.0,1.0,1.0,1.0,0.0,0.0,4.0,0.0,-0.028730921,0.060766894,3.5729263,0.5199251226706214,0.0,0.0,2112.0,26.0,0.0,0.0,0.0,0.0,0.0,0.0,0.0,0.0,14.0,-105.55142,142.56357,53.87298,0.0,0.0,0.0,0.0,0.0,0.0,0.0,-inf,-inf,-inf,4087.0,0.0,1715.0,1000180400.0,0.26677625427017476,0.0,-105.55142,142.56357,53.87298,-inf,4.439469337463379,-inf,-inf,-inf,-inf,-inf,-inf,-inf,-1,-1.0,-inf,-inf,-inf,-inf,-inf,-inf,0.0,-1.0,-inf,-inf,-inf,-inf,-inf,-inf,3,1,0,1,1,0,1,0,0,4.439469337463379,-1.0,0.0,-1.0,-inf,-inf,-inf,-inf,-inf,-inf,-2.5630417,-2.5630417,-2.5633025,0,4.439469,22,0,0.8089654,0.19103462,0.0,0.0,0.0,0.0,0.97942394,0.02057605,0,10,-1.0,-0.57733065,-0.57733065,-0.5773894,-67.65001,126.75,147.05002,-1.0,-1.0,48.0,0.90909094,0.0,-9223372000000.0,-9223372000000.0,-9223372000000.0,-9223372036854.775,4294967295.0,5.177132606506348,-0.0,-1.0,-inf,-inf,-inf,-inf,-inf,-inf,0.0,0.0,0.0,0.0,0.0,-1.0,-inf,-inf,-inf,inf,inf,inf,inf,-inf,-inf,-inf,-9223372000000.0,-9223372000000.0,-9223372000000.0,-9223372036854.775,3.96411395072937,4.761752909223991,-9223372000000.0,-9223372000000.0,-9223372000000.0,0.0,1.0,48.0,0.0,0.0,0.0,1.0,1.0,0.0,1.0,1.0,0.0,4.760720855930524,-9223372000000.0,-9223372000000.0,-9223372000000.0,-1.0,0.0010320532934665681,-1.0,-inf,-inf,-inf,-inf,-inf,-inf,65535.0,65535.0,1.9583277,-3.1684995,2.9664547,0.0,0.0,0.0,168.0,168.0,0.0,168.0,4.761752605438232,48.0,2112.0,-9223372000000.0,-9223372000000.0,-9223372000000.0,-9223372036854.775,10003858.0,22.0,0.0,-73.02376,134.2937,139.74512,-inf,-inf,-inf,5.177132606506348,-1.0,-inf,-inf,-inf,-inf,-inf,-inf,4.0,11.0,0.0,10.0,0.41126195,-0.66540617,0.6229754,-9223372000000.0,-9223372000000.0,-9223372000000.0,1775.1557389999998,10004553.0,5.0,37.0,22.0,0.004761753,0.0,-73.02376,134.2937,139.7451,-72.88829,124.063866,144.18686,0.0019583276,-0.0031684996,0.0029664547,50.63948,10004553.0,10003858.0,1.0,0.004761753,0.0,0.0,0.0047528837,0.0
1,0,1,2,0.0,0.7662206,-inf,0.0,22534.226835814574,40687.52462499978,1.0,0.0,0.0,1.0,1.0,1.0,1.0,0.0,30.0,0.0,0.0,0.0,0.0,0.0,0.0,0.0,0.0,0.0,0.0,0.0,0.0,0.0,4624.0,-104.850006,143.55002,57.050003,0.0,0.1788442390812832,-inf,0.0,0.0,0.0,0.0,0.0,0.0,-1.0,3.5735585689544678,0.0,-1.0,-1.0,1.807977496549661,0.0,0.43321844298912476,1.0,1005.0,0.0,0.0,1.0,0.0,1.0,1.0,1.0,0.0,0.0,4.0,0.0,-0.028730921,0.060766894,3.5729263,0.5199251226706214,0.0,0.0,2112.0,26.0,0.0,0.0,0.0,0.0,0.0,0.0,0.0,0.0,14.0,-105.55142,142.56357,53.87298,0.0,0.0,0.0,0.0,0.0,0.0,0.0,-inf,-inf,-inf,4087.0,0.0,1715.0,1000180400.0,0.26677625427017476,0.0,-105.55142,142.56357,53.87298,-inf,5.447020053863525,-inf,-inf,-inf,-inf,-inf,-inf,-inf,-1,-1.0,-inf,-inf,-inf,-inf,-inf,-inf,0.0,-1.0,-inf,-inf,-inf,-inf,-inf,-inf,7,1,0,1,1,0,1,0,0,5.447020053863525,-1.0,0.0,-1.0,-inf,-inf,-inf,-inf,-inf,-inf,-2.4359815,4.871963,-0.0004955967,0,5.44702,22,0,0.7874189,0.21258116,0.0,0.0,0.0,0.0,0.9658143,0.03418575,0,14,-1.0,-0.44721362,0.89442724,-9.098492e-05,-69.45,149.85,171.95001,-1.0,-1.0,51.0,0.9285714,0.0,-9223372000000.0,-9223372000000.0,-9223372000000.0,-9223372036854.775,4294967295.0,6.358722686767578,-0.0,-1.0,-inf,-inf,-inf,-inf,-inf,-inf,0.0,0.0,0.0,0.0,0.0,-1.0,-inf,-inf,-inf,inf,inf,inf,inf,-inf,-inf,-inf,-9223372000000.0,-9223372000000.0,-9223372000000.0,-9223372036854.775,4.868853569030762,5.346863287964935,-9223372000000.0,-9223372000000.0,-9223372000000.0,0.0,1.0,51.0,0.0,0.0,0.0,1.0,1.0,0.0,1.0,1.0,0.0,5.346863287964935,-9223372000000.0,-9223372000000.0,-9223372000000.0,-1.0,0.0,-1.0,-inf,-inf,-inf,-inf,-inf,-inf,65535.0,65535.0,-3.4242702,-3.9790008,1.0153196,0.0,0.0,0.0,171.0,171.0,0.0,171.0,5.346863269805908,51.0,2112.0,-9223372000000.0,-9223372000000.0,-9223372000000.0,-9223372036854.775,10006066.0,22.0,0.0,-36.199066,190.05078,161.67194,-inf,-inf,-inf,6.358722686767578,-1.0,-inf,-inf,-inf,-inf,-inf,-inf,4.0,13.0,0.0,12.0,-0.640426,-0.7441748,0.1898907,-9223372000000.0,-9223372000000.0,-9223372000000.0,1782.075956,10006619.0,5.0,37.0,22.0,0.005346863,0.0,-36.199062,190.0508,161.67194,-66.49114,133.51405,210.74414,-0.00342427,-0.0039790007,0.0010153196,119.04304,10006619.0,10006066.0,1.0,0.005346863,0.0,0.0,0.005337849,0.0
1,0,1,3,0.0,0.7662206,-inf,0.0,22534.226835814574,40687.52462499978,1.0,0.0,0.0,1.0,1.0,1.0,1.0,0.0,30.0,0.0,0.0,0.0,0.0,0.0,0.0,0.0,0.0,0.0,0.0,0.0,0.0,0.0,4624.0,-104.850006,143.55002,57.050003,0.0,0.1788442390812832,-inf,0.0,0.0,0.0,0.0,0.0,0.0,-1.0,3.5735585689544678,0.0,-1.0,-1.0,1.807977496549661,0.0,0.43321844298912476,1.0,1005.0,0.0,0.0,1.0,0.0,1.0,1.0,1.0,0.0,0.0,4.0,0.0,-0.028730921,0.060766894,3.5729263,0.5199251226706214,0.0,0.0,2112.0,26.0,0.0,0.0,0.0,0.0,0.0,0.0,0.0,0.0,14.0,-105.55142,142.56357,53.87298,0.0,0.0,0.0,0.0,0.0,0.0,0.0,-inf,-inf,-inf,4087.0,0.0,1715.0,1000180400.0,0.26677625427017476,0.0,-105.55142,142.56357,53.87298,-inf,3.2227795124053955,-inf,-inf,-inf,-inf,-inf,-inf,-inf,-1,-1.0,-inf,-inf,-inf,-inf,-inf,-inf,0.0,-1.0,-inf,-inf,-inf,-inf,-inf,-inf,8,1,0,1,0,0,1,0,0,3.2227795124053955,-1.0,0.0,-1.0,-inf,-inf,-inf,-inf,-inf,-inf,0.0,3.0573554,-1.0192567,0,3.2227793,22,0,0.76241994,0.23758006,0.0,0.0,0.0,0.0,0.9745443,0.025455706,0,5,-1.0,0.0,0.9486704,-0.31626636,32.25,176.55002,180.05002,-1.0,-1.0,,,,,,,,,,,,,,,,,,,,,,,,,,,,,,,,,,,,,,,,,,,,,,,,,,,,,,,,,,,,,,,,,,,,,,,,,,,,,,,,,,,,,,,,,,,,,,,,,,,,,,,,,,,,,,,,,,,,,,,,,,,,,,,,,,,,,,,,,,
1,0,1,4,0.0,0.7662206,-inf,0.0,22534.226835814574,40687.52462499978,1.0,0.0,0.0,1.0,1.0,1.0,1.0,0.0,30.0,0.0,0.0,0.0,0.0,0.0,0.0,0.0,0.0,0.0,0.0,0.0,0.0,0.0,4624.0,-104.850006,143.55002,57.050003,0.0,0.1788442390812832,-inf,0.0,0.0,0.0,0.0,0.0,0.0,-1.0,3.5735585689544678,0.0,-1.0,-1.0,1.807977496549661,0.0,0.43321844298912476,1.0,1005.0,0.0,0.0,1.0,0.0,1.0,1.0,1.0,0.0,0.0,4.0,0.0,-0.028730921,0.060766894,3.5729263,0.5199251226706214,0.0,0.0,2112.0,26.0,0.0,0.0,0.0,0.0,0.0,0.0,0.0,0.0,14.0,-105.55142,142.56357,53.87298,0.0,0.0,0.0,0.0,0.0,0.0,0.0,-inf,-inf,-inf,4087.0,0.0,1715.0,1000180400.0,0.26677625427017476,0.0,-105.55142,142.56357,53.87298,-inf,4.653275966644287,-inf,-inf,-inf,-inf,-inf,-inf,-inf,-1,-1.0,-inf,-inf,-inf,-inf,-inf,-inf,0.0,-1.0,-inf,-inf,-inf,-inf,-inf,-inf,9,1,0,1,1,0,1,0,0,4.653275966644287,-1.0,0.0,-1.0,-inf,-inf,-inf,-inf,-inf,-inf,0.0,-1.1288012,4.5142865,0,4.653276,22,0,0.82882273,0.17117727,0.0,0.0,0.0,0.0,0.9740771,0.025922874,0,17,-1.0,0.0,-0.24258205,0.97013086,-104.55,157.95001,189.05002,-1.0,-1.0,52.0,0.7894737,0.0,-9223372000000.0,-9223372000000.0,-9223372000000.0,-9223372036854.775,4294967295.0,4.145709037780762,-0.0,-1.0,-inf,-inf,-inf,-inf,-inf,-inf,0.0,0.0,0.0,0.0,0.0,-1.0,-inf,-inf,-inf,inf,inf,inf,inf,-inf,-inf,-inf,-9223372000000.0,-9223372000000.0,-9223372000000.0,-9223372036854.775,3.174355983734131,6.098941376730296,-9223372000000.0,-9223372000000.0,-9223372000000.0,0.0,1.0,52.0,7.0,0.0,0.0,1.0,1.0,0.0,1.0,1.0,0.0,6.098941376730296,-9223372000000.0,-9223372000000.0,-9223372000000.0,-1.0,0.0,-1.0,-inf,-inf,-inf,-inf,-inf,-inf,65535.0,65535.0,1.5470958,-5.561808,1.9671984,-1.0,0.0,0.0,172.0,172.0,59.0,172.0,6.098941326141357,52.0,2112.0,-9223372000000.0,-9223372000000.0,-9223372000000.0,-9223372036854.775,20265056.0,22.0,0.0,-84.14348,168.13095,186.36166,-inf,-inf,-inf,4.145709037780762,-1.0,-inf,-inf,-inf,-inf,-inf,-inf,4.0,17.0,0.0,7.0,0.25366628,-0.9119301,0.32254753,-9223372000000.0,-9223372000000.0,-9223372000000.0,-149330.22918999998,20265131.0,39.0,37.0,22.0,0.0060989414,0.0,-84.14349,168.13095,186.36165,-83.144684,152.19098,173.75372,0.0015470958,-0.005561808,0.0019671984,42.78459,20265131.0,20265056.0,1.0,0.0060989414,-1.0,0.0,0.0060758274,0.0
1,0,1,5,0.0,0.7662206,-inf,0.0,22534.226835814574,40687.52462499978,1.0,0.0,0.0,1.0,1.0,1.0,1.0,0.0,30.0,0.0,0.0,0.0,0.0,0.0,0.0,0.0,0.0,0.0,0.0,0.0,0.0,0.0,4624.0,-104.850006,143.55002,57.050003,0.0,0.1788442390812832,-inf,0.0,0.0,0.0,0.0,0.0,0.0,-1.0,3.5735585689544678,0.0,-1.0,-1.0,1.807977496549661,0.0,0.43321844298912476,1.0,1005.0,0.0,0.0,1.0,0.0,1.0,1.0,1.0,0.0,0.0,4.0,0.0,-0.028730921,0.060766894,3.5729263,0.5199251226706214,0.0,0.0,2112.0,26.0,0.0,0.0,0.0,0.0,0.0,0.0,0.0,0.0,14.0,-105.55142,142.56357,53.87298,0.0,0.0,0.0,0.0,0.0,0.0,0.0,-inf,-inf,-inf,4087.0,0.0,1715.0,1000180400.0,0.26677625427017476,0.0,-105.55142,142.56357,53.87298,-inf,23.73260498046875,-inf,-inf,-inf,-inf,-inf,-inf,-inf,-1,-1.0,-inf,-inf,-inf,-inf,-inf,-inf,0.0,-1.0,-inf,-inf,-inf,-inf,-inf,-inf,10,1,0,1,1,0,1,0,0,23.73260498046875,-1.0,0.511998,-1.0,-inf,-inf,-inf,-inf,-inf,-inf,-6.2413664,1.9047955,23.344284,0,24.239193,11,1,0.0,1.0,0.0,0.0,0.0,0.0,1.0,0.0,3,87,-1.0,-0.25749066,0.078583285,0.96308005,-91.05,175.95001,184.55002,-1.0,-1.0,16.0,0.33684212,13.0,-105.55142,142.56357,53.87298,1770.5069979999998,10000001.0,8.357361793518066,-0.0,-1.0,-inf,-inf,-inf,-inf,-inf,-inf,0.0,0.0,0.0,0.0,0.0,-1.0,-inf,-inf,-inf,inf,inf,inf,inf,-inf,-inf,-inf,-90.405594,178.85669,184.57016,1775.17664,10.592009544372559,11.190169104335075,-91.350006,175.35,183.05002,0.0,1.0,16.0,0.0,0.0,0.0,1.0,1.0,0.0,1.0,1.0,0.0,10.679168653203511,-90.405594,178.85669,184.57016,-1.0,0.5110004511315627,-1.0,-inf,-inf,-inf,-inf,-inf,-inf,65535.0,65535.0,2.2527843,5.5312304,9.449297,0.0,0.0,69.0,34.0,34.0,0.0,0.0,11.178495407104492,0.0,13.0,-105.55142,142.56357,53.87298,1770.5069979999998,10000001.0,11.0,1.0,-91.73489,175.71167,183.04309,-inf,-inf,-inf,8.357361793518066,-1.0,-inf,-inf,-inf,-inf,-inf,-inf,3.0,40.0,0.0,30.0,0.2015284,0.49480993,0.8453103,-91.350006,175.35,183.05002,1774.9865559999998,10008418.0,,,,,,,,,,,,,,,,,,,,,,,
1,0,1,6,0.0,0.7662206,-inf,0.0,22534.226835814574,40687.52462499978,1.0,0.0,0.0,1.0,1.0,1.0,1.0,0.0,30.0,0.0,0.0,0.0,0.0,0.0,0.0,0.0,0.0,0.0,0.0,0.0,0.0,0.0,4624.0,-104.850006,143.55002,57.050003,0.0,0.1788442390812832,-inf,0.0,0.0,0.0,0.0,0.0,0.0,-1.0,3.5735585689544678,0.0,-1.0,-1.0,1.807977496549661,0.0,0.43321844298912476,1.0,1005.0,0.0,0.0,1.0,0.0,1.0,1.0,1.0,0.0,0.0,4.0,0.0,-0.028730921,0.060766894,3.5729263,0.5199251226706214,0.0,0.0,2112.0,26.0,0.0,0.0,0.0,0.0,0.0,0.0,0.0,0.0,14.0,-105.55142,142.56357,53.87298,0.0,0.0,0.0,0.0,0.0,0.0,0.0,-inf,-inf,-inf,4087.0,0.0,1715.0,1000180400.0,0.26677625427017476,0.0,-105.55142,142.56357,53.87298,-inf,5.895561695098877,-inf,-inf,-inf,-inf,-inf,-inf,-inf,-1,-1.0,-inf,-inf,-inf,-inf,-inf,-inf,0.0,-1.0,-inf,-inf,-inf,-inf,-inf,-inf,11,1,0,1,1,0,1,0,0,5.895561695098877,-1.0,0.0,-1.0,-inf,-inf,-inf,-inf,-inf,-inf,-2.636468,-0.00053643994,-5.2732043,0,5.8955617,22,0,0.83668447,0.1633155,0.0,0.0,0.0,0.0,0.9684388,0.031561255,0,18,-1.0,-0.44719538,-9.099047e-05,-0.8944363,-150.45001,118.95001,204.35,-1.0,-1.0,45.0,0.9,0.0,-9223372000000.0,-9223372000000.0,-9223372000000.0,-9223372036854.775,4294967295.0,7.580896377563477,-0.0,-1.0,-inf,-inf,-inf,-inf,-inf,-inf,0.0,0.0,0.0,0.0,0.0,-1.0,-inf,-inf,-inf,inf,inf,inf,inf,-inf,-inf,-inf,-9223372000000.0,-9223372000000.0,-9223372000000.0,-9223372036854.775,5.804667949676514,6.120529967522606,-9223372000000.0,-9223372000000.0,-9223372000000.0,0.0,1.0,45.0,0.0,0.0,0.0,1.0,1.0,0.0,1.0,1.0,0.0,6.118801064981337,-9223372000000.0,-9223372000000.0,-9223372000000.0,-1.0,0.0017289025412696145,-1.0,-inf,-inf,-inf,-inf,-inf,-inf,65535.0,65535.0,-1.8702006,2.6843903,5.1727443,0.0,0.0,0.0,165.0,165.0,0.0,165.0,6.120529651641846,45.0,2112.0,-9223372000000.0,-9223372000000.0,-9223372000000.0,-9223372036854.775,10001994.0,22.0,0.0,-137.90578,99.25598,166.60208,-inf,-inf,-inf,7.580896377563477,-1.0,-inf,-inf,-inf,-inf,-inf,-inf,4.0,20.0,0.0,12.0,-0.3055619,0.4385879,0.84514654,-9223372000000.0,-9223372000000.0,-9223372000000.0,1786.3029649999999,10002536.0,5.0,37.0,22.0,0.00612053,0.0,-137.90578,99.25597,166.60207,-135.58127,110.90847,207.99303,-0.0018702006,0.0026843902,0.0051727444,101.351875,10002536.0,10001994.0,1.0,0.00612053,0.0,0.0,0.0061129,0.0
1,0,1,7,0.0,0.7662206,-inf,0.0,22534.226835814574,40687.52462499978,1.0,0.0,0.0,1.0,1.0,1.0,1.0,0.0,30.0,0.0,0.0,0.0,0.0,0.0,0.0,0.0,0.0,0.0,0.0,0.0,0.0,0.0,4624.0,-104.850006,143.55002,57.050003,0.0,0.1788442390812832,-inf,0.0,0.0,0.0,0.0,0.0,0.0,-1.0,3.5735585689544678,0.0,-1.0,-1.0,1.807977496549661,0.0,0.43321844298912476,1.0,1005.0,0.0,0.0,1.0,0.0,1.0,1.0,1.0,0.0,0.0,4.0,0.0,-0.028730921,0.060766894,3.5729263,0.5199251226706214,0.0,0.0,2112.0,26.0,0.0,0.0,0.0,0.0,0.0,0.0,0.0,0.0,14.0,-105.55142,142.56357,53.87298,0.0,0.0,0.0,0.0,0.0,0.0,0.0,-inf,-inf,-inf,4087.0,0.0,1715.0,1000180400.0,0.26677625427017476,0.0,-105.55142,142.56357,53.87298,-inf,4.294683456420898,-inf,-inf,-inf,-inf,-inf,-inf,-inf,-1,-1.0,-inf,-inf,-inf,-inf,-inf,-inf,0.0,-1.0,-inf,-inf,-inf,-inf,-inf,-inf,14,1,0,1,1,0,1,0,0,4.294683456420898,-1.0,0.0,-1.0,-inf,-inf,-inf,-inf,-inf,-inf,1.920719,-0.0001953936,3.8412428,0,4.2946835,22,0,0.8383427,0.16165726,0.0,0.0,0.0,0.0,0.9873885,0.01261151,0,13,-1.0,0.4472318,-4.5496625e-05,0.8944181,-16.049988,77.55002,247.25003,-1.0,-1.0,49.0,0.8666667,0.0,-9223372000000.0,-9223372000000.0,-9223372000000.0,-9223372036854.775,4294967295.0,5.888727188110352,-0.0,-1.0,-inf,-inf,-inf,-inf,-inf,-inf,0.0,0.0,0.0,0.0,0.0,-1.0,-inf,-inf,-inf,inf,inf,inf,inf,-inf,-inf,-inf,-9223372000000.0,-9223372000000.0,-9223372000000.0,-9223372036854.775,4.508979320526123,5.3108468848112,-9223372000000.0,-9223372000000.0,-9223372000000.0,0.0,1.0,49.0,0.0,0.0,0.0,1.0,1.0,0.0,1.0,1.0,0.0,5.3108468848112,-9223372000000.0,-9223372000000.0,-9223372000000.0,-1.0,0.0,-1.0,-inf,-inf,-inf,-inf,-inf,-inf,65535.0,65535.0,3.053371,4.215971,1.0524296,0.0,0.0,0.0,169.0,169.0,0.0,169.0,5.31084680557251,49.0,2112.0,-9223372000000.0,-9223372000000.0,-9223372000000.0,-9223372036854.775,10004578.0,22.0,0.0,-27.784302,61.09842,243.63376,-inf,-inf,-inf,5.888727188110352,-1.0,-inf,-inf,-inf,-inf,-inf,-inf,4.0,15.0,0.0,12.0,0.5749311,0.7938416,0.19816606,-9223372000000.0,-9223372000000.0,-9223372000000.0,1785.016046,10005063.0,5.0,37.0,22.0,0.005310847,0.0,-27.784317,61.098423,243.63376,-16.932802,84.571754,243.48743,0.0030533709,0.004215971,0.0010524296,40.09556,10005063.0,10004578.0,1.0,0.005310847,0.0,0.0,0.0052902154,0.0
1,0,1,8,0.0,0.7662206,-inf,0.0,22534.226835814574,40687.52462499978,1.0,0.0,0.0,1.0,1.0,1.0,1.0,0.0,30.0,0.0,0.0,0.0,0.0,0.0,0.0,0.0,0.0,0.0,0.0,0.0,0.0,0.0,4624.0,-104.850006,143.55002,57.050003,0.0,0.1788442390812832,-inf,0.0,0.0,0.0,0.0,0.0,0.0,-1.0,3.5735585689544678,0.0,-1.0,-1.0,1.807977496549661,0.0,0.43321844298912476,1.0,1005.0,0.0,0.0,1.0,0.0,1.0,1.0,1.0,0.0,0.0,4.0,0.0,-0.028730921,0.060766894,3.5729263,0.5199251226706214,0.0,0.0,2112.0,26.0,0.0,0.0,0.0,0.0,0.0,0.0,0.0,0.0,14.0,-105.55142,142.56357,53.87298,0.0,0.0,0.0,0.0,0.0,0.0,0.0,-inf,-inf,-inf,4087.0,0.0,1715.0,1000180400.0,0.26677625427017476,0.0,-105.55142,142.56357,53.87298,-inf,4.139358997344971,-inf,-inf,-inf,-inf,-inf,-inf,-inf,-1,-1.0,-inf,-inf,-inf,-inf,-inf,-inf,0.0,-1.0,-inf,-inf,-inf,-inf,-inf,-inf,15,1,0,1,1,0,1,0,0,4.139358997344971,-1.0,0.0,-1.0,-inf,-inf,-inf,-inf,-inf,-inf,0.0,-1.8511776,-3.7023551,0,4.139359,22,0,0.8890531,0.1109469,0.0,0.0,0.0,0.0,0.9900962,0.009903843,0,14,-1.0,0.0,-0.4472136,-0.8944272,-34.649994,65.54999,277.55002,-1.0,-1.0,50.0,1.0,0.0,-9223372000000.0,-9223372000000.0,-9223372000000.0,-9223372036854.775,4294967295.0,5.01086950302124,-0.0,-1.0,-inf,-inf,-inf,-inf,-inf,-inf,0.0,0.0,0.0,0.0,0.0,-1.0,-inf,-inf,-inf,inf,inf,inf,inf,-inf,-inf,-inf,-9223372000000.0,-9223372000000.0,-9223372000000.0,-9223372036854.775,3.8368072509765625,6.23058518929729,-9223372000000.0,-9223372000000.0,-9223372000000.0,0.0,1.0,50.0,0.0,0.0,0.0,1.0,1.0,0.0,1.0,1.0,0.0,6.229414120020724,-9223372000000.0,-9223372000000.0,-9223372000000.0,-1.0,0.00117106927656579,-1.0,-inf,-inf,-inf,-inf,-inf,-inf,65535.0,65535.0,-2.776527,2.7267492,4.865792,0.0,0.0,0.0,170.0,170.0,0.0,170.0,6.23058557510376,50.0,2112.0,-9223372000000.0,-9223372000000.0,-9223372000000.0,-9223372036854.775,10005062.0,22.0,0.0,-18.384033,49.72058,248.31732,-inf,-inf,-inf,5.01086950302124,-1.0,-inf,-inf,-inf,-inf,-inf,-inf,4.0,14.0,0.0,6.0,-0.44562855,0.43763933,0.7809526,-9223372000000.0,-9223372000000.0,-9223372000000.0,1786.3402839999999,10005208.0,5.0,37.0,22.0,0.0062305853,0.0,-18.384045,49.720577,248.3173,-41.86504,65.428215,285.99945,-0.002776527,0.002726749,0.0048657916,65.51615,10005208.0,10005062.0,1.0,0.0062305853,0.0,0.0,0.006213772,0.0
1,0,1,9,0.0,0.7662206,-inf,0.0,22534.226835814574,40687.52462499978,1.0,0.0,0.0,1.0,1.0,1.0,1.0,0.0,30.0,0.0,0.0,0.0,0.0,0.0,0.0,0.0,0.0,0.0,0.0,0.0,0.0,0.0,4624.0,-104.850006,143.55002,57.050003,0.0,0.1788442390812832,-inf,0.0,0.0,0.0,0.0,0.0,0.0,-1.0,3.5735585689544678,0.0,-1.0,-1.0,1.807977496549661,0.0,0.43321844298912476,1.0,1005.0,0.0,0.0,1.0,0.0,1.0,1.0,1.0,0.0,0.0,4.0,0.0,-0.028730921,0.060766894,3.5729263,0.5199251226706214,0.0,0.0,2112.0,26.0,0.0,0.0,0.0,0.0,0.0,0.0,0.0,0.0,14.0,-105.55142,142.56357,53.87298,0.0,0.0,0.0,0.0,0.0,0.0,0.0,-inf,-inf,-inf,4087.0,0.0,1715.0,1000180400.0,0.26677625427017476,0.0,-105.55142,142.56357,53.87298,-inf,7.10966682434082,-inf,-inf,-inf,-inf,-inf,-inf,-inf,-1,-1.0,-inf,-inf,-inf,-inf,-inf,-inf,0.0,-1.0,-inf,-inf,-inf,-inf,-inf,-inf,17,1,0,1,1,0,1,0,0,7.10966682434082,-1.0,0.0,-1.0,-inf,-inf,-inf,-inf,-inf,-inf,5.0272937,-5.0272937,0.0,0,7.109667,22,0,0.5562926,0.44370744,0.0,0.0,0.0,0.0,0.9717692,0.028230824,0,21,-1.0,0.70710677,-0.70710677,0.0,-93.15001,-111.75,299.15002,-1.0,-1.0,57.0,0.9047619,0.0,-9223372000000.0,-9223372000000.0,-9223372000000.0,-9223372036854.775,4294967295.0,8.347179412841797,-0.0,-1.0,-inf,-inf,-inf,-inf,-inf,-inf,0.0,0.0,0.0,0.0,0.0,-1.0,-inf,-inf,-inf,inf,inf,inf,inf,-inf,-inf,-inf,-9223372000000.0,-9223372000000.0,-9223372000000.0,-9223372036854.775,6.3914079666137695,6.779959494299147,-9223372000000.0,-9223372000000.0,-9223372000000.0,0.0,1.0,57.0,7.0,0.0,0.0,1.0,1.0,0.0,1.0,1.0,0.0,6.778953069023141,-9223372000000.0,-9223372000000.0,-9223372000000.0,-1.0,0.0010064252760055843,-1.0,-inf,-inf,-inf,-inf,-inf,-inf,65535.0,65535.0,3.5044584,2.440152,-5.2661448,-1.0,0.0,0.0,177.0,177.0,59.0,121.0,6.779959201812744,34.0,2112.0,-9223372000000.0,-9223372000000.0,-9223372000000.0,-9223372036854.775,20270012.0,22.0,0.0,-41.175568,-115.15436,303.66336,-inf,-inf,-inf,8.347179412841797,-1.0,-inf,-inf,-inf,-inf,-inf,-inf,4.0,19.0,0.0,13.0,0.51688486,0.35990658,-0.7767222,-9223372000000.0,-9223372000000.0,-9223372000000.0,-357024.22313,20270302.0,5.0,37.0,22.0,0.0067799594,0.0,-41.175575,-115.15436,303.66336,-41.87458,-143.42436,295.14902,0.0035044586,0.002440152,-0.005266145,46.64617,20270302.0,20270012.0,1.0,0.0067799594,-1.0,0.0,0.0067676296,0.0
1,0,1,10,0.0,0.7662206,-inf,0.0,22534.226835814574,40687.52462499978,1.0,0.0,0.0,1.0,1.0,1.0,1.0,0.0,30.0,0.0,0.0,0.0,0.0,0.0,0.0,0.0,0.0,0.0,0.0,0.0,0.0,0.0,4624.0,-104.850006,143.55002,57.050003,0.0,0.1788442390812832,-inf,0.0,0.0,0.0,0.0,0.0,0.0,-1.0,3.5735585689544678,0.0,-1.0,-1.0,1.807977496549661,0.0,0.43321844298912476,1.0,1005.0,0.0,0.0,1.0,0.0,1.0,1.0,1.0,0.0,0.0,4.0,0.0,-0.028730921,0.060766894,3.5729263,0.5199251226706214,0.0,0.0,2112.0,26.0,0.0,0.0,0.0,0.0,0.0,0.0,0.0,0.0,14.0,-105.55142,142.56357,53.87298,0.0,0.0,0.0,0.0,0.0,0.0,0.0,-inf,-inf,-inf,4087.0,0.0,1715.0,1000180400.0,0.26677625427017476,0.0,-105.55142,142.56357,53.87298,-inf,3.2696404457092285,-inf,-inf,-inf,-inf,-inf,-inf,-inf,-1,-1.0,-inf,-inf,-inf,-inf,-inf,-inf,0.0,-1.0,-inf,-inf,-inf,-inf,-inf,-inf,18,1,0,1,1,0,1,0,0,3.2696404457092285,-1.0,0.0,-1.0,-inf,-inf,-inf,-inf,-inf,-inf,0.0,-2.3119848,-2.3119848,0,3.2696402,22,0,0.8106302,0.18936984,0.0,0.0,0.0,0.0,0.97205114,0.027948841,0,12,-1.0,0.0,-0.70710677,-0.70710677,4.049988,100.350006,307.85,-1.0,-1.0,47.0,0.9166667,0.0,-9223372000000.0,-9223372000000.0,-9223372000000.0,-9223372036854.775,4294967295.0,3.8311357498168945,-0.0,-1.0,-inf,-inf,-inf,-inf,-inf,-inf,0.0,0.0,0.0,0.0,0.0,-1.0,-inf,-inf,-inf,inf,inf,inf,inf,-inf,-inf,-inf,-9223372000000.0,-9223372000000.0,-9223372000000.0,-9223372036854.775,2.933488130569458,3.3052293232873367,-9223372000000.0,-9223372000000.0,-9223372000000.0,0.0,1.0,47.0,0.0,0.0,0.0,1.0,1.0,0.0,1.0,1.0,0.0,3.3046294865511645,-9223372000000.0,-9223372000000.0,-9223372000000.0,-1.0,0.00059983673617214,-1.0,-inf,-inf,-inf,-inf,-inf,-inf,65535.0,65535.0,2.0742824,-2.3521926,-1.0435913,0.0,0.0,0.0,167.0,167.0,0.0,167.0,3.3052291870117188,47.0,2112.0,-9223372000000.0,-9223372000000.0,-9223372000000.0,-9223372036854.775,10003865.0,22.0,0.0,3.1100159,102.581116,308.4575,-inf,-inf,-inf,3.8311357498168945,-1.0,-inf,-inf,-inf,-inf,-inf,-inf,4.0,11.0,0.0,7.0,0.627576,-0.71165794,-0.31573945,-9223372000000.0,-9223372000000.0,-9223372000000.0,2338.1863359999998,10003897.0,39.0,37.0,22.0,0.0033052294,0.0,3.110029,102.58113,308.4575,2.239297,114.05601,304.97043,0.0020742824,-0.0023521928,-0.0010435913,28.482601,10003897.0,10003865.0,1.0,0.0033052294,0.0,0.0,0.003297096,0.0
1,0,1,11,0.0,0.7662206,-inf,0.0,22534.226835814574,40687.52462499978,1.0,0.0,0.0,1.0,1.0,1.0,1.0,0.0,30.0,0.0,0.0,0.0,0.0,0.0,0.0,0.0,0.0,0.0,0.0,0.0,0.0,0.0,4624.0,-104.850006,143.55002,57.050003,0.0,0.1788442390812832,-inf,0.0,0.0,0.0,0.0,0.0,0.0,-1.0,3.5735585689544678,0.0,-1.0,-1.0,1.807977496549661,0.0,0.43321844298912476,1.0,1005.0,0.0,0.0,1.0,0.0,1.0,1.0,1.0,0.0,0.0,4.0,0.0,-0.028730921,0.060766894,3.5729263,0.5199251226706214,0.0,0.0,2112.0,26.0,0.0,0.0,0.0,0.0,0.0,0.0,0.0,0.0,14.0,-105.55142,142.56357,53.87298,0.0,0.0,0.0,0.0,0.0,0.0,0.0,-inf,-inf,-inf,4087.0,0.0,1715.0,1000180400.0,0.26677625427017476,0.0,-105.55142,142.56357,53.87298,-inf,6.2909064292907715,-inf,-inf,-inf,-inf,-inf,-inf,-inf,-1,-1.0,-inf,-inf,-inf,-inf,-inf,-inf,0.0,-1.0,-inf,-inf,-inf,-inf,-inf,-inf,19,1,0,1,1,0,1,0,0,6.2909064292907715,-1.0,0.0,-1.0,-inf,-inf,-inf,-inf,-inf,-inf,0.0,-3.7748103,-5.0325255,0,6.290907,22,0,0.60376644,0.39623356,0.0,0.0,0.0,0.0,0.9799341,0.020065937,0,21,-1.0,0.0,-0.60004234,-0.7999683,-65.850006,4.350006,309.05002,-1.0,-1.0,36.0,0.84,0.0,-9223372000000.0,-9223372000000.0,-9223372000000.0,-9223372036854.775,4294967295.0,7.0923662185668945,-0.0,-1.0,-inf,-inf,-inf,-inf,-inf,-inf,0.0,0.0,0.0,0.0,0.0,-1.0,-inf,-inf,-inf,inf,inf,inf,inf,-inf,-inf,-inf,-9223372000000.0,-9223372000000.0,-9223372000000.0,-9223372036854.775,5.430602073669434,6.464003765181231,-65.55,4.649994,309.65,0.0,1.0,36.0,7.0,0.0,0.0,1.0,1.0,0.0,1.0,1.0,0.0,6.464003765181231,-9223372000000.0,-9223372000000.0,-9223372000000.0,-1.0,0.0,-1.0,-inf,-inf,-inf,-inf,-inf,-inf,65535.0,65535.0,2.23493,-1.6208313,-5.8447704,-1.0,0.0,25.0,125.0,125.0,59.0,121.0,6.464004039764404,34.0,2112.0,-9223372000000.0,-9223372000000.0,-9223372000000.0,-9223372036854.775,20268833.0,22.0,0.0,-11.248383,5.330963,313.0167,-inf,-inf,-inf,7.0923662185668945,-1.0,-inf,-inf,-inf,-inf,-inf,-inf,0.0,25.0,0.0,0.0,0.3457501,-0.25074726,-0.90420276,-65.55,4.649994,309.65,-357029.60865099996,20268850.0,5.0,36.0,22.0,0.0064640036,0.0,-11.248379,5.3309574,313.0167,-9.953576,4.391932,309.63052,0.00223493,-0.0016208312,-0.0058447705,3.7449074,20268850.0,20268833.0,1.0,0.0064640036,-1.0,0.0,0.0064455317,0.0
1,0,1,12,0.0,0.7662206,-inf,0.0,22534.226835814574,40687.52462499978,1.0,0.0,0.0,1.0,1.0,1.0,1.0,0.0,30.0,0.0,0.0,0.0,0.0,0.0,0.0,0.0,0.0,0.0,0.0,0.0,0.0,0.0,4624.0,-104.850006,143.55002,57.050003,0.0,0.1788442390812832,-inf,0.0,0.0,0.0,0.0,0.0,0.0,-1.0,3.5735585689544678,0.0,-1.0,-1.0,1.807977496549661,0.0,0.43321844298912476,1.0,1005.0,0.0,0.0,1.0,0.0,1.0,1.0,1.0,0.0,0.0,4.0,0.0,-0.028730921,0.060766894,3.5729263,0.5199251226706214,0.0,0.0,2112.0,26.0,0.0,0.0,0.0,0.0,0.0,0.0,0.0,0.0,14.0,-105.55142,142.56357,53.87298,0.0,0.0,0.0,0.0,0.0,0.0,0.0,-inf,-inf,-inf,4087.0,0.0,1715.0,1000180400.0,0.26677625427017476,0.0,-105.55142,142.56357,53.87298,-inf,10.827047348022461,-inf,-inf,-inf,-inf,-inf,-inf,-inf,-1,-1.0,-inf,-inf,-inf,-inf,-inf,-inf,0.0,-1.0,-inf,-inf,-inf,-inf,-inf,-inf,24,1,0,1,1,0,1,0,0,10.827047348022461,-1.0,0.511998,-1.0,-inf,-inf,-inf,-inf,-inf,-inf,-9.334835,-5.9472585,2.40889,0,11.327479,11,1,0.0,1.0,0.0,0.0,0.0,0.0,1.0,0.0,3,58,-1.0,-0.8240876,-0.5250293,0.21265897,-93.45,166.95001,156.95001,-1.0,-1.0,14.0,0.45833334,13.0,-105.55142,142.56357,53.87298,1770.5069979999998,10000001.0,29.36811637878418,-0.0,-1.0,-inf,-inf,-inf,-inf,-inf,-inf,0.0,0.0,0.0,0.0,0.0,-1.0,-inf,-inf,-inf,inf,inf,inf,inf,-inf,-inf,-inf,-95.048676,167.7486,159.035,1774.1922379999999,28.26106357574463,30.32632260358019,-94.04999,167.54996,153.05002,0.0,1.0,14.0,0.0,0.0,0.0,1.0,1.0,0.0,1.0,1.0,1.0,29.81528440615137,-95.048676,167.7486,159.035,-1.0,0.5110381974288217,-1.0,-inf,-inf,-inf,-inf,-inf,-inf,65535.0,65535.0,6.889349,3.8911111,29.271502,0.0,0.0,107.0,32.0,32.0,0.0,0.0,30.3220157623291,0.0,13.0,-105.55142,142.56357,53.87298,1770.5069979999998,10000001.0,11.0,1.0,-94.59981,167.78668,152.73773,-inf,-inf,-inf,29.36811637878418,-1.0,-inf,-inf,-inf,-inf,-inf,-inf,3.0,117.0,0.0,83.0,0.22720617,0.12832627,0.96535474,-94.04999,167.54996,153.05002,1773.935348,10008403.0,,,,,,,,,,,,,,,,,,,,,,,
1,0,1,13,0.0,0.7662206,-inf,0.0,22534.226835814574,40687.52462499978,1.0,0.0,0.0,1.0,1.0,1.0,1.0,0.0,30.0,0.0,0.0,0.0,0.0,0.0,0.0,0.0,0.0,0.0,0.0,0.0,0.0,0.0,4624.0,-104.850006,143.55002,57.050003,0.0,0.1788442390812832,-inf,0.0,0.0,0.0,0.0,0.0,0.0,-1.0,3.5735585689544678,0.0,-1.0,-1.0,1.807977496549661,0.0,0.43321844298912476,1.0,1005.0,0.0,0.0,1.0,0.0,1.0,1.0,1.0,0.0,0.0,4.0,0.0,-0.028730921,0.060766894,3.5729263,0.5199251226706214,0.0,0.0,2112.0,26.0,0.0,0.0,0.0,0.0,0.0,0.0,0.0,0.0,14.0,-105.55142,142.56357,53.87298,0.0,0.0,0.0,0.0,0.0,0.0,0.0,-inf,-inf,-inf,4087.0,0.0,1715.0,1000180400.0,0.26677625427017476,0.0,-105.55142,142.56357,53.87298,-inf,1.3608390092849731,-inf,-inf,-inf,-inf,-inf,-inf,-inf,-1,-1.0,-inf,-inf,-inf,-inf,-inf,-inf,0.0,-1.0,-inf,-inf,-inf,-inf,-inf,-inf,31,1,0,1,1,0,1,0,0,1.3608390092849731,-1.0,0.511998,-1.0,-inf,-inf,-inf,-inf,-inf,-inf,-0.09755713,-1.1706855,-1.3657799,0,1.8014929,11,1,0.0,1.0,0.0,0.0,0.0,0.0,1.0,0.0,3,3,-1.0,-0.054153487,-0.64984185,-0.7581378,-86.55,191.55002,243.05002,-1.0,-1.0,17.0,0.09677419,13.0,-105.55142,142.56357,53.87298,1770.5069979999998,10000001.0,6.510860443115234,-0.0,-1.0,-inf,-inf,-inf,-inf,-inf,-inf,0.0,0.0,0.0,0.0,0.0,-1.0,-inf,-inf,-inf,inf,inf,inf,inf,-inf,-inf,-inf,-86.99342,192.6763,243.19586,1777.16498,24.80870819091797,32.92845272034314,-87.14998,188.85,235.25,0.0,1.0,17.0,0.0,0.0,0.0,1.0,1.0,0.0,1.0,1.0,0.0,32.41742633165463,-86.99342,192.6763,243.19586,-1.0,0.5110263886885088,-1.0,-inf,-inf,-inf,-inf,-inf,-inf,65535.0,65535.0,5.852232,4.7111483,32.055862,0.0,0.0,120.0,35.0,35.0,0.0,0.0,32.92448806762695,0.0,13.0,-105.55142,142.56357,53.87298,1770.5069979999998,10000001.0,11.0,1.0,-87.43901,189.77637,234.9613,-inf,-inf,-inf,6.510860443115234,-1.0,-inf,-inf,-inf,-inf,-inf,-inf,3.0,31.0,0.0,68.0,0.17774709,0.14308949,0.9736176,-87.14998,188.85,235.25,1776.790381,10008434.0,,,,,,,,,,,,,,,,,,,,,,,
1,0,1,14,0.0,0.7662206,-inf,0.0,22534.226835814574,40687.52462499978,1.0,0.0,0.0,1.0,1.0,1.0,1.0,0.0,30.0,0.0,0.0,0.0,0.0,0.0,0.0,0.0,0.0,0.0,0.0,0.0,0.0,0.0,4624.0,-104.850006,143.55002,57.050003,0.0,0.1788442390812832,-inf,0.0,0.0,0.0,0.0,0.0,0.0,-1.0,3.5735585689544678,0.0,-1.0,-1.0,1.807977496549661,0.0,0.43321844298912476,1.0,1005.0,0.0,0.0,1.0,0.0,1.0,1.0,1.0,0.0,0.0,4.0,0.0,-0.028730921,0.060766894,3.5729263,0.5199251226706214,0.0,0.0,2112.0,26.0,0.0,0.0,0.0,0.0,0.0,0.0,0.0,0.0,14.0,-105.55142,142.56357,53.87298,0.0,0.0,0.0,0.0,0.0,0.0,0.0,-inf,-inf,-inf,4087.0,0.0,1715.0,1000180400.0,0.26677625427017476,0.0,-105.55142,142.56357,53.87298,-inf,0.33342069387435913,-inf,-inf,-inf,-inf,-inf,-inf,-inf,-1,-1.0,-inf,-inf,-inf,-inf,-inf,-inf,0.0,-1.0,-inf,-inf,-inf,-inf,-inf,-inf,32,1,0,1,1,0,1,0,0,0.33342069387435913,-1.0,0.511998,-1.0,-inf,-inf,-inf,-inf,-inf,-inf,0.6727487,0.0,0.0,0,0.6727487,11,1,0.0,1.0,0.0,0.0,0.0,0.0,1.0,0.0,3,1,-1.0,1.0,0.0,0.0,-85.95,192.15,252.65002,-1.0,-1.0,18.0,0.083333336,13.0,-105.55142,142.56357,53.87298,1770.5069979999998,10000001.0,1.3178521394729614,-0.0,-1.0,-inf,-inf,-inf,-inf,-inf,-inf,0.0,0.0,0.0,0.0,0.0,-1.0,-inf,-inf,-inf,inf,inf,inf,inf,-inf,-inf,-inf,-85.60011,194.42432,253.80545,1777.497065,11.101064682006836,13.505844065493168,-85.95,193.04996,250.55002,0.0,1.0,18.0,0.0,0.0,0.0,1.0,1.0,0.0,1.0,1.0,0.0,12.994839248128258,-85.60011,194.42432,253.80545,-1.0,0.5110048173649097,-1.0,-inf,-inf,-inf,-inf,-inf,-inf,65535.0,65535.0,4.066895,1.5258995,12.778055,0.0,0.0,68.0,36.0,36.0,0.0,0.0,13.496173858642578,0.0,13.0,-105.55142,142.56357,53.87298,1770.5069979999998,10000001.0,11.0,1.0,-86.27391,193.87173,249.96866,-inf,-inf,-inf,1.3178521394729614,-1.0,-inf,-inf,-inf,-inf,-inf,-inf,3.0,12.0,0.0,32.0,0.30133688,0.11306164,0.94679093,-85.95,193.04996,250.55002,1777.311993,10008440.0,,,,,,,,,,,,,,,,,,,,,,,
1,0,1,15,0.0,0.7662206,-inf,0.0,22534.226835814574,40687.52462499978,1.0,0.0,0.0,1.0,1.0,1.0,1.0,0.0,30.0,0.0,0.0,0.0,0.0,0.0,0.0,0.0,0.0,0.0,0.0,0.0,0.0,0.0,4624.0,-104.850006,143.55002,57.050003,0.0,0.1788442390812832,-inf,0.0,0.0,0.0,0.0,0.0,0.0,-1.0,3.5735585689544678,0.0,-1.0,-1.0,1.807977496549661,0.0,0.43321844298912476,1.0,1005.0,0.0,0.0,1.0,0.0,1.0,1.0,1.0,0.0,0.0,4.0,0.0,-0.028730921,0.060766894,3.5729263,0.5199251226706214,0.0,0.0,2112.0,26.0,0.0,0.0,0.0,0.0,0.0,0.0,0.0,0.0,14.0,-105.55142,142.56357,53.87298,0.0,0.0,0.0,0.0,0.0,0.0,0.0,-inf,-inf,-inf,4087.0,0.0,1715.0,1000180400.0,0.26677625427017476,0.0,-105.55142,142.56357,53.87298,-inf,24.6541805267334,-inf,-inf,-inf,-inf,-inf,-inf,-inf,-1,59.225712327102215,-inf,-inf,23.364166259765625,26.1951904296875,59.225711822509766,44.942073822021484,0.0,-1.0,0.8855771,-0.4638672,-0.024096206,-104.55,140.55002,42.350006,37,1,0,1,1,0,1,0,1,59.225711822509766,3.1032211780548096,938.272,-1.0,-inf,-inf,-inf,-inf,-inf,-inf,287.0879,-169.64558,-58.72203,0,338.59616,2212,4,0.0,0.0,0.00609979,0.22102511,0.7728751,0.0,0.97611713,0.023882909,1,31,-1.0,0.847877,-0.50102633,-0.17342794,-107.25,142.05002,42.65,-1.0,-1.0,7.0,0.9032258,211.0,-105.55142,142.56357,53.87298,1770.5069979999998,10000013.0,57.07395553588867,-0.0,-1.0,-inf,-inf,-inf,-inf,-inf,-inf,0.0,0.0,0.0,0.0,0.0,-1.0,-inf,-inf,-inf,inf,inf,inf,inf,-107.25,142.05002,42.350006,-107.88199,141.9444,42.056602,1771.4259729999999,56.07255935668945,994.3487162171518,-104.850006,140.85,42.049995,0.0,1.0,7.0,0.0,0.0,0.0,1.0,1.0,0.0,1.0,1.0,1.0,56.076703716140514,-107.25,142.05002,42.350006,-1.0,938.2720125010113,-1.0,-inf,-inf,-inf,-inf,-inf,-inf,65535.0,65535.0,-323.69366,59.97669,0.4550807,0.0,0.0,28.0,8.0,8.0,0.0,7.0,329.2035827636719,6.0,211.0,-105.55142,142.56357,53.87298,1770.5069979999998,10000013.0,2212.0,4.0,-105.08482,141.23508,41.977936,-inf,-inf,-inf,57.07395553588867,-1.0,-inf,-inf,-inf,-inf,-inf,-inf,1.0,28.0,0.0,15.0,-0.9832629,0.18218723,0.0013823686,-104.850006,140.85,42.049995,1771.034107,10000017.0,9.0,54.0,2212.0,0.9943487,0.938272,-105.08482,141.23508,41.977924,-107.881996,141.94441,42.0566,-0.32369366,0.05997669,0.0004550807,2.8868628,10000017.0,10000013.0,1.0,0.9943487,0.0,0.0,0.05607314,0.0
1,0,1,16,0.0,0.7662206,-inf,0.0,22534.226835814574,40687.52462499978,1.0,0.0,0.0,1.0,1.0,1.0,1.0,0.0,30.0,0.0,0.0,0.0,0.0,0.0,0.0,0.0,0.0,0.0,0.0,0.0,0.0,0.0,4624.0,-104.850006,143.55002,57.050003,0.0,0.1788442390812832,-inf,0.0,0.0,0.0,0.0,0.0,0.0,-1.0,3.5735585689544678,0.0,-1.0,-1.0,1.807977496549661,0.0,0.43321844298912476,1.0,1005.0,0.0,0.0,1.0,0.0,1.0,1.0,1.0,0.0,0.0,4.0,0.0,-0.028730921,0.060766894,3.5729263,0.5199251226706214,0.0,0.0,2112.0,26.0,0.0,0.0,0.0,0.0,0.0,0.0,0.0,0.0,14.0,-105.55142,142.56357,53.87298,0.0,0.0,0.0,0.0,0.0,0.0,0.0,-inf,-inf,-inf,4087.0,0.0,1715.0,1000180400.0,0.26677625427017476,0.0,-105.55142,142.56357,53.87298,-inf,32.34915542602539,-inf,-inf,-inf,-inf,-inf,-inf,-inf,-1,124.01326735221053,-inf,-inf,51.71268081665039,57.28812789916992,124.01326751708984,94.75727844238281,0.0,-1.0,0.038795322,-0.25650057,-0.9657652,-104.55,140.55002,42.950005,38,1,0,1,1,1,1,0,1,124.01326751708984,11.402491569519043,938.272,-1.0,-inf,-inf,-inf,-inf,-inf,-inf,32.66899,-40.39035,-495.37558,0,498.09198,2212,4,0.0,0.0,0.35871992,0.2756843,0.36559576,0.0,0.13972975,0.86027026,1,142,3.7893383502960205,0.065588266,-0.08109014,-0.99454635,-105.15001,142.35,54.050003,-1.0,-1.0,6.0,0.7672956,211.0,-105.55142,142.56357,53.87298,1770.5069979999998,10000013.0,57.797508239746094,-0.0,-1.0,-inf,-inf,-inf,-inf,-inf,-inf,0.0,0.0,0.0,0.0,0.0,-1.0,-inf,-inf,-inf,inf,inf,inf,inf,-105.14998,141.15,42.350006,-105.08482,141.23508,41.977936,1771.034107,32.13063049316406,231.43515793578666,-105.55,142.61774,53.85,0.0,1.0,6.0,0.0,1.0,0.0,1.0,1.0,1.0,1.0,1.0,1.0,91.8650663912064,-105.14998,141.15,42.350006,-1.0,139.57009154458027,-1.0,-inf,-inf,-inf,-inf,-inf,-inf,65535.0,65535.0,22.28898,-4.1425996,-183.21698,0.0,0.0,146.0,7.0,7.0,0.0,7.0,184.6142578125,6.0,0.0,-105.55142,142.56357,53.87298,1770.5069979999998,10000013.0,211.0,3.0,-105.55142,142.56357,53.87298,-inf,-inf,-inf,57.797508239746094,-1.0,-inf,-inf,-inf,-inf,-inf,-inf,1.0,139.0,0.0,47.0,0.12073272,-0.022439217,-0.99243134,-105.55,142.61774,53.85,1770.5069979999998,10000013.0,0.0,9.0,211.0,0.23143516,0.1395701,-105.551414,142.56357,53.872974,-105.08482,141.23508,41.977924,0.02228898,-0.0041425996,-0.18321697,11.986322,10000013.0,10000000.0,1.0,0.23143516,0.0,0.0,0.032134958,0.0
1,0,1,17,0.0,0.7662206,-inf,0.0,22534.226835814574,40687.52462499978,1.0,0.0,0.0,1.0,1.0,1.0,1.0,0.0,30.0,0.0,0.0,0.0,0.0,0.0,0.0,0.0,0.0,0.0,0.0,0.0,0.0,0.0,4624.0,-104.850006,143.55002,57.050003,0.0,0.1788442390812832,-inf,0.0,0.0,0.0,0.0,0.0,0.0,-1.0,3.5735585689544678,0.0,-1.0,-1.0,1.807977496549661,0.0,0.43321844298912476,1.0,1005.0,0.0,0.0,1.0,0.0,1.0,1.0,1.0,0.0,0.0,4.0,0.0,-0.028730921,0.060766894,3.5729263,0.5199251226706214,0.0,0.0,2112.0,26.0,0.0,0.0,0.0,0.0,0.0,0.0,0.0,0.0,14.0,-105.55142,142.56357,53.87298,0.0,0.0,0.0,0.0,0.0,0.0,0.0,-inf,-inf,-inf,4087.0,0.0,1715.0,1000180400.0,0.26677625427017476,0.0,-105.55142,142.56357,53.87298,-inf,47.273475646972656,-inf,-inf,-inf,-inf,-inf,-inf,-inf,-1,90.90273078102578,-inf,-inf,36.79553985595703,41.02419662475586,90.9027328491211,69.16634368896484,0.0,-1.0,-0.15994461,-0.9663774,0.20132674,-106.05,135.15,55.25,39,1,0,1,1,1,1,0,1,90.9027328491211,6.617530822753906,938.272,-1.0,-inf,-inf,-inf,-inf,-inf,-inf,-16.617607,-420.8402,38.257763,0,422.90222,2212,4,0.0,0.0,0.0032640644,0.013024309,0.98371166,0.0,0.4977719,0.5022281,1,93,7.504119873046875,-0.03929421,-0.99512416,0.09046479,-105.45,141.45001,54.350006,-1.0,-1.0,4.0,0.7478992,2212.0,-105.55142,142.56357,53.87298,1770.5069979999998,10000006.0,94.51569366455078,-0.0,-1.0,-inf,-inf,-inf,-inf,-inf,-inf,0.0,0.0,0.0,0.0,0.0,-1.0,-inf,-inf,-inf,inf,inf,inf,inf,-106.04999,135.45001,54.65,-106.47136,135.58768,54.582657,1771.2696799999999,93.47016143798828,1031.7540935761108,-105.14998,142.65,54.049995,0.0,1.0,4.0,0.0,1.0,0.0,1.0,1.0,1.0,1.0,1.0,1.0,93.4820813184383,-106.04999,135.45001,54.65,-1.0,938.2720122576725,-1.0,-inf,-inf,-inf,-inf,-inf,-inf,65535.0,65535.0,-64.3991,-423.40094,27.322794,0.0,0.0,130.0,5.0,5.0,0.0,5.0,429.14117431640625,4.0,0.0,-105.55142,142.56357,53.87298,1770.5069979999998,10000006.0,2212.0,4.0,-105.55142,142.56357,53.87298,-inf,-inf,-inf,94.51569366455078,-1.0,-inf,-inf,-inf,-inf,-inf,-inf,1.0,115.0,0.0,29.0,-0.15006508,-0.9866239,0.06366854,-105.14998,142.65,54.049995,1770.5069979999998,10000006.0,0.0,54.0,2212.0,1.0317541,0.938272,-105.551414,142.56357,53.872974,-106.47138,135.58766,54.582657,-0.0643991,-0.42340094,0.027322793,7.072014,10000006.0,10000000.0,1.0,1.0317541,0.0,0.0,0.093472004,0.0
1,0,1,18,0.0,0.7662206,-inf,0.0,22534.226835814574,40687.52462499978,1.0,0.0,0.0,1.0,1.0,1.0,1.0,0.0,30.0,0.0,0.0,0.0,0.0,0.0,0.0,0.0,0.0,0.0,0.0,0.0,0.0,0.0,4624.0,-104.850006,143.55002,57.050003,0.0,0.1788442390812832,-inf,0.0,0.0,0.0,0.0,0.0,0.0,-1.0,3.5735585689544678,0.0,-1.0,-1.0,1.807977496549661,0.0,0.43321844298912476,1.0,1005.0,0.0,0.0,1.0,0.0,1.0,1.0,1.0,0.0,0.0,4.0,0.0,-0.028730921,0.060766894,3.5729263,0.5199251226706214,0.0,0.0,2112.0,26.0,0.0,0.0,0.0,0.0,0.0,0.0,0.0,0.0,14.0,-105.55142,142.56357,53.87298,0.0,0.0,0.0,0.0,0.0,0.0,0.0,-inf,-inf,-inf,4087.0,0.0,1715.0,1000180400.0,0.26677625427017476,0.0,-105.55142,142.56357,53.87298,-inf,13.4276704788208,-inf,-inf,-inf,-inf,-inf,-inf,-inf,-1,40.99664407416106,-inf,-inf,15.997200965881348,17.974613189697266,40.99664306640625,31.111745834350586,0.0,-1.0,-0.6666403,-0.6666912,-0.3333371,-105.45,140.25,53.75,40,1,0,1,1,1,1,0,0,40.99664306640625,1.6155558824539185,938.272,-1.0,-inf,-inf,-inf,-inf,-inf,-inf,0.0,-125.39723,-250.77533,0,280.3796,2212,4,0.0,0.0,0.42748153,0.0365311,0.5359874,0.0,0.2432275,0.7567725,1,23,8.31148624420166,0.0,-0.4472409,-0.89441353,-104.850006,141.45001,54.65,-1.0,-1.0,4.0,0.13114753,2212.0,-105.55142,142.56357,53.87298,1770.5069979999998,10000006.0,94.51569366455078,-0.0,-1.0,-inf,-inf,-inf,-inf,-inf,-inf,0.0,0.0,0.0,0.0,0.0,-1.0,-inf,-inf,-inf,inf,inf,inf,inf,-106.04999,135.45001,54.65,-106.47136,135.58768,54.582657,1771.2696799999999,93.47016143798828,1031.7540935761108,-105.14998,142.65,54.049995,0.0,1.0,4.0,0.0,1.0,0.0,1.0,1.0,1.0,1.0,1.0,1.0,93.4820813184383,-106.04999,135.45001,54.65,-1.0,938.2720122576725,-1.0,-inf,-inf,-inf,-inf,-inf,-inf,65535.0,65535.0,-64.3991,-423.40094,27.322794,0.0,0.0,130.0,5.0,5.0,0.0,5.0,429.14117431640625,4.0,0.0,-105.55142,142.56357,53.87298,1770.5069979999998,10000006.0,2212.0,4.0,-105.55142,142.56357,53.87298,-inf,-inf,-inf,94.51569366455078,-1.0,-inf,-inf,-inf,-inf,-inf,-inf,1.0,115.0,0.0,29.0,-0.15006508,-0.9866239,0.06366854,-105.14998,142.65,54.049995,1770.5069979999998,10000006.0,0.0,54.0,2212.0,1.0317541,0.938272,-105.551414,142.56357,53.872974,-106.47138,135.58766,54.582657,-0.0643991,-0.42340094,0.027322793,7.072014,10000006.0,10000000.0,1.0,1.0317541,0.0,0.0,0.093472004,0.0
1,0,1,19,0.0,0.7662206,-inf,0.0,22534.226835814574,40687.52462499978,1.0,0.0,0.0,1.0,1.0,1.0,1.0,0.0,30.0,0.0,0.0,0.0,0.0,0.0,0.0,0.0,0.0,0.0,0.0,0.0,0.0,0.0,4624.0,-104.850006,143.55002,57.050003,0.0,0.1788442390812832,-inf,0.0,0.0,0.0,0.0,0.0,0.0,-1.0,3.5735585689544678,0.0,-1.0,-1.0,1.807977496549661,0.0,0.43321844298912476,1.0,1005.0,0.0,0.0,1.0,0.0,1.0,1.0,1.0,0.0,0.0,4.0,0.0,-0.028730921,0.060766894,3.5729263,0.5199251226706214,0.0,0.0,2112.0,26.0,0.0,0.0,0.0,0.0,0.0,0.0,0.0,0.0,14.0,-105.55142,142.56357,53.87298,0.0,0.0,0.0,0.0,0.0,0.0,0.0,-inf,-inf,-inf,4087.0,0.0,1715.0,1000180400.0,0.26677625427017476,0.0,-105.55142,142.56357,53.87298,-inf,10.658729553222656,-inf,-inf,-inf,-inf,-inf,-inf,-inf,-1,33.387224772659216,-inf,-inf,12.999650001525879,14.607854843139648,33.38722610473633,25.360742568969727,0.0,-1.0,-0.0,-0.8944408,-0.4471863,-103.05,141.15,54.350006,41,1,0,1,1,0,1,0,0,33.38722610473633,1.1225188970565796,938.272,-1.0,-inf,-inf,-inf,-inf,-inf,-inf,178.5554,-178.56448,0.0,0,252.5219,2212,4,0.0,0.0,0.26644745,0.052826706,0.6807258,0.0,0.69992584,0.3000742,1,12,-1.0,0.7070888,-0.70712477,0.0,-103.65001,142.05002,54.65,-1.0,-1.0,5.0,0.6,2212.0,-105.55142,142.56357,53.87298,1770.5069979999998,10000007.0,43.92942428588867,-0.0,-1.0,-inf,-inf,-inf,-inf,-inf,-inf,0.0,0.0,0.0,0.0,0.0,-1.0,-inf,-inf,-inf,inf,inf,inf,inf,-103.04999,141.75,54.350006,-103.2063,142.08344,54.2735,1770.8506009999999,51.18232727050781,989.4599769634801,-105.55,142.61774,53.85,0.0,1.0,5.0,0.0,1.0,0.0,1.0,1.0,1.0,1.0,1.0,1.0,51.18795779735865,-103.04999,141.75,54.350006,-1.0,938.2720191661215,-1.0,-inf,-inf,-inf,-inf,-inf,-inf,65535.0,65535.0,304.42337,-66.13207,40.368645,0.0,0.0,31.0,6.0,6.0,0.0,6.0,314.12841796875,5.0,0.0,-105.55142,142.56357,53.87298,1770.5069979999998,10000007.0,2212.0,4.0,-105.55142,142.56357,53.87298,-inf,-inf,-inf,43.92942428588867,-1.0,-inf,-inf,-inf,-inf,-inf,-inf,1.0,20.0,0.0,12.0,0.9691048,-0.2105256,0.12851,-105.55,142.61774,53.85,1770.5069979999998,10000007.0,0.0,54.0,2212.0,0.98946,0.938272,-105.551414,142.56357,53.872974,-103.20631,142.08345,54.2735,0.3044234,-0.066132076,0.040368643,2.427033,10000007.0,10000000.0,1.0,0.98946,0.0,0.0,0.051181387,0.0
1,0,1,20,0.0,0.7662206,-inf,0.0,22534.226835814574,40687.52462499978,1.0,0.0,0.0,1.0,1.0,1.0,1.0,0.0,30.0,0.0,0.0,0.0,0.0,0.0,0.0,0.0,0.0,0.0,0.0,0.0,0.0,0.0,4624.0,-104.850006,143.55002,57.050003,0.0,0.1788442390812832,-inf,0.0,0.0,0.0,0.0,0.0,0.0,-1.0,3.5735585689544678,0.0,-1.0,-1.0,1.807977496549661,0.0,0.43321844298912476,1.0,1005.0,0.0,0.0,1.0,0.0,1.0,1.0,1.0,0.0,0.0,4.0,0.0,-0.028730921,0.060766894,3.5729263,0.5199251226706214,0.0,0.0,2112.0,26.0,0.0,0.0,0.0,0.0,0.0,0.0,0.0,0.0,14.0,-105.55142,142.56357,53.87298,0.0,0.0,0.0,0.0,0.0,0.0,0.0,-inf,-inf,-inf,4087.0,0.0,1715.0,1000180400.0,0.26677625427017476,0.0,-105.55142,142.56357,53.87298,-inf,57.87035369873047,-inf,-inf,-inf,-inf,-inf,-inf,-inf,-1,98.87480421739873,-inf,-inf,40.29496383666992,44.85980224609375,98.87480163574219,75.28948974609375,0.0,-1.0,-0.34199584,0.7365692,0.5835277,-107.55,148.05002,58.850006,42,1,0,1,1,1,1,0,1,98.87480163574219,7.669254302978516,938.272,-1.0,-inf,-inf,-inf,-inf,-inf,-inf,-123.77391,333.5116,262.2388,0,441.94928,2212,4,0.0,0.0,0.009014912,0.0033967665,0.9875883,0.0,0.3813149,0.6186851,1,139,6.880744934082031,-0.28006363,0.7546378,0.5933686,-105.15001,142.35,54.350006,-1.0,-1.0,1.0,0.75342464,2212.0,-105.55142,142.56357,53.87298,1770.5069979999998,10000002.0,86.78400421142578,-0.0,-1.0,-inf,-inf,-inf,-inf,-inf,-inf,0.0,0.0,0.0,0.0,0.0,-1.0,-inf,-inf,-inf,inf,inf,inf,inf,-107.54999,148.05002,58.549995,-108.08597,148.21283,58.368195,1771.317814,97.01117706298828,1035.2962738373358,-105.55,142.61774,53.85,0.0,1.0,1.0,0.0,1.0,0.0,1.0,1.0,1.0,1.0,1.0,1.0,97.02425857658432,-107.54999,148.05002,58.549995,-1.0,938.2720152607515,-1.0,-inf,-inf,-inf,-inf,-inf,-inf,65535.0,65535.0,-128.4156,307.46982,283.64722,0.0,0.0,145.0,1.0,1.0,0.0,1.0,437.5888366699219,1.0,0.0,-105.55142,142.56357,53.87298,1770.5069979999998,10000002.0,2212.0,4.0,-105.55142,142.56357,53.87298,-inf,-inf,-inf,86.78400421142578,-1.0,-inf,-inf,-inf,-inf,-inf,-inf,1.0,117.0,0.0,39.0,-0.2934618,0.7026455,0.64820486,-105.55,142.61774,53.85,1770.5069979999998,10000002.0,0.0,54.0,2212.0,1.0352963,0.938272,-105.551414,142.56357,53.872974,-108.08597,148.21284,58.3682,-0.1284156,0.30746982,0.2836472,7.6514926,10000002.0,10000000.0,1.0,1.0352963,0.0,0.0,0.09701196,0.0
1,0,1,21,0.0,0.7662206,-inf,0.0,22534.226835814574,40687.52462499978,1.0,0.0,0.0,1.0,1.0,1.0,1.0,0.0,30.0,0.0,0.0,0.0,0.0,0.0,0.0,0.0,0.0,0.0,0.0,0.0,0.0,0.0,4624.0,-104.850006,143.55002,57.050003,0.0,0.1788442390812832,-inf,0.0,0.0,0.0,0.0,0.0,0.0,-1.0,3.5735585689544678,0.0,-1.0,-1.0,1.807977496549661,0.0,0.43321844298912476,1.0,1005.0,0.0,0.0,1.0,0.0,1.0,1.0,1.0,0.0,0.0,4.0,0.0,-0.028730921,0.060766894,3.5729263,0.5199251226706214,0.0,0.0,2112.0,26.0,0.0,0.0,0.0,0.0,0.0,0.0,0.0,0.0,14.0,-105.55142,142.56357,53.87298,0.0,0.0,0.0,0.0,0.0,0.0,0.0,-inf,-inf,-inf,4087.0,0.0,1715.0,1000180400.0,0.26677625427017476,0.0,-105.55142,142.56357,53.87298,-inf,1.5073665380477905,-inf,-inf,-inf,-inf,-inf,-inf,-inf,-1,7.546533407288694,-inf,-inf,7.546533584594727,8.438888549804688,19.249893188476562,14.696367263793945,0.0,-1.0,-0.0,-0.4472045,-0.8944317,-105.15001,143.55002,54.350006,43,1,0,1,1,1,1,0,0,7.546533584594727,0.42426300048828125,105.658,-1.0,-inf,-inf,-inf,-inf,-inf,-inf,-36.350372,18.174263,0.0,0,40.64054,13,2,0.0,0.0,0.6590372,0.02448143,0.31648138,0.0,0.14010699,0.859893,1,4,3.552906036376953,-0.8944363,0.4471954,0.0,-104.850006,143.55002,54.65,-1.0,-1.0,1.0,0.016806724,2212.0,-105.55142,142.56357,53.87298,1770.5069979999998,10000002.0,86.78400421142578,-0.0,-1.0,-inf,-inf,-inf,-inf,-inf,-inf,0.0,0.0,0.0,0.0,0.0,-1.0,-inf,-inf,-inf,inf,inf,inf,inf,-107.54999,148.05002,58.549995,-108.08597,148.21283,58.368195,1771.317814,97.01117706298828,1035.2962738373358,-105.55,142.61774,53.85,0.0,1.0,1.0,0.0,1.0,0.0,1.0,1.0,1.0,1.0,1.0,1.0,97.02425857658432,-107.54999,148.05002,58.549995,-1.0,938.2720152607515,-1.0,-inf,-inf,-inf,-inf,-inf,-inf,65535.0,65535.0,-128.4156,307.46982,283.64722,0.0,0.0,145.0,1.0,1.0,0.0,1.0,437.5888366699219,1.0,0.0,-105.55142,142.56357,53.87298,1770.5069979999998,10000002.0,2212.0,4.0,-105.55142,142.56357,53.87298,-inf,-inf,-inf,86.78400421142578,-1.0,-inf,-inf,-inf,-inf,-inf,-inf,1.0,117.0,0.0,39.0,-0.2934618,0.7026455,0.64820486,-105.55,142.61774,53.85,1770.5069979999998,10000002.0,0.0,54.0,2212.0,1.0352963,0.938272,-105.551414,142.56357,53.872974,-108.08597,148.21284,58.3682,-0.1284156,0.30746982,0.2836472,7.6514926,10000002.0,10000000.0,1.0,1.0352963,0.0,0.0,0.09701196,0.0
1,0,1,22,0.0,0.7662206,-inf,0.0,22534.226835814574,40687.52462499978,1.0,0.0,0.0,1.0,1.0,1.0,1.0,0.0,30.0,0.0,0.0,0.0,0.0,0.0,0.0,0.0,0.0,0.0,0.0,0.0,0.0,0.0,4624.0,-104.850006,143.55002,57.050003,0.0,0.1788442390812832,-inf,0.0,0.0,0.0,0.0,0.0,0.0,-1.0,3.5735585689544678,0.0,-1.0,-1.0,1.807977496549661,0.0,0.43321844298912476,1.0,1005.0,0.0,0.0,1.0,0.0,1.0,1.0,1.0,0.0,0.0,4.0,0.0,-0.028730921,0.060766894,3.5729263,0.5199251226706214,0.0,0.0,2112.0,26.0,0.0,0.0,0.0,0.0,0.0,0.0,0.0,0.0,14.0,-105.55142,142.56357,53.87298,0.0,0.0,0.0,0.0,0.0,0.0,0.0,-inf,-inf,-inf,4087.0,0.0,1715.0,1000180400.0,0.26677625427017476,0.0,-105.55142,142.56357,53.87298,-inf,139.99557495117188,-inf,-inf,-inf,-inf,-inf,-inf,-inf,-1,256.54721808672036,-inf,-inf,120.6713638305664,130.43556213378906,256.5472106933594,200.07815551757812,0.0,-1.0,-0.18310653,0.27997595,0.9423828,-112.350006,153.15,91.25001,44,1,0,1,1,1,1,0,1,256.5472106933594,39.504150390625,938.272,266.6950668891395,-inf,-inf,657.725830078125,629.241455078125,266.695068359375,409.2672119140625,-135.67749,222.49829,692.3328,0,739.7558,2212,4,0.0,0.0,6.8511144e-05,0.00043177616,0.9994997,0.0,0.15555662,0.8444433,1,463,4.495364665985107,-0.18340848,0.30077264,0.9358938,-105.15001,141.75,54.350006,-1.0,-1.0,2.0,0.84136546,2212.0,-105.55142,142.56357,53.87298,1770.5069979999998,10000004.0,175.03680419921875,-0.0,-1.0,-inf,-inf,-inf,-inf,-inf,-inf,0.0,0.0,0.0,0.0,0.0,-1.0,-inf,-inf,-inf,inf,inf,inf,inf,-112.350006,153.15,91.549995,-112.83664,153.29022,91.64715,1772.7560449999999,166.6334991455078,1249.9038106012774,-105.55,142.61774,53.85,0.0,1.0,2.0,0.0,1.0,0.0,1.0,1.0,1.0,1.0,1.0,1.0,311.63180939075744,-112.350006,153.15,91.549995,-1.0,938.27200121052,-1.0,-inf,-inf,-inf,-inf,-inf,-inf,65535.0,65535.0,-139.33208,255.81927,772.68896,0.0,0.0,480.0,3.0,3.0,0.0,3.0,825.7755126953125,2.0,0.0,-105.55142,142.56357,53.87298,1770.5069979999998,10000004.0,2212.0,4.0,-105.55142,142.56357,53.87298,-inf,-inf,-inf,175.03680419921875,-1.0,-inf,-inf,-inf,-inf,-inf,-inf,1.0,454.0,0.0,178.0,-0.16872875,0.30979276,0.9357131,-105.55,142.61774,53.85,1770.5069979999998,10000004.0,0.0,7.0,2212.0,1.2499038,0.938272,-105.551414,142.56357,53.872974,-112.83665,153.2902,91.64714,-0.13933209,0.25581926,0.772689,39.954247,10000004.0,10000000.0,1.0,1.2499038,0.0,0.0,0.16680072,0.0
1,0,1,23,0.0,0.7662206,-inf,0.0,22534.226835814574,40687.52462499978,1.0,0.0,0.0,1.0,1.0,1.0,1.0,0.0,30.0,0.0,0.0,0.0,0.0,0.0,0.0,0.0,0.0,0.0,0.0,0.0,0.0,0.0,4624.0,-104.850006,143.55002,57.050003,0.0,0.1788442390812832,-inf,0.0,0.0,0.0,0.0,0.0,0.0,-1.0,3.5735585689544678,0.0,-1.0,-1.0,1.807977496549661,0.0,0.43321844298912476,1.0,1005.0,0.0,0.0,1.0,0.0,1.0,1.0,1.0,0.0,0.0,4.0,0.0,-0.028730921,0.060766894,3.5729263,0.5199251226706214,0.0,0.0,2112.0,26.0,0.0,0.0,0.0,0.0,0.0,0.0,0.0,0.0,14.0,-105.55142,142.56357,53.87298,0.0,0.0,0.0,0.0,0.0,0.0,0.0,-inf,-inf,-inf,4087.0,0.0,1715.0,1000180400.0,0.26677625427017476,0.0,-105.55142,142.56357,53.87298,-inf,446.2847900390625,-inf,-inf,-inf,-inf,-inf,-inf,-inf,-1,533.7260571755735,-inf,-inf,533.72607421875,543.9453735351562,799.72802734375,671.203369140625,0.0,-1.0,0.06906803,0.2359191,0.9693152,-83.850006,199.65,280.85,46,1,0,0,1,1,1,0,1,1720.0709228515625,232.98095703125,105.658,1720.0709802944957,-inf,-inf,1720.0709228515625,1688.43505859375,1111.722412109375,1394.6661376953125,209.48471,417.53894,1761.7888,0,1822.6691,13,2,0.0,0.0,0.99945694,0.0005348251,8.200756e-06,0.0,0.00045545615,0.99954456,1,2698,2.319556474685669,0.11493293,0.22908103,0.9665983,-104.850006,143.55002,57.050003,-1.0,-1.0,0.0,0.90880054,13.0,-105.55142,142.56357,53.87298,1770.5069979999998,10000001.0,533.0311889648438,-0.0,-1.0,-inf,-inf,-inf,-inf,-inf,-inf,0.0,0.0,0.0,0.0,0.0,-1.0,-inf,-inf,-inf,inf,inf,inf,inf,-83.850006,199.65,280.85,78.61459,942.6691,2294.551,1851.5143799999998,494.6561584472656,2025.42708962507,-105.55,142.61774,53.85,0.0,1.0,0.0,0.0,1.0,0.0,0.0,1.0,1.0,1.0,1.0,1.0,1919.7677531370841,-83.850006,199.65,280.85,-1.0,105.6593364879859,-1.0,-inf,-inf,-inf,-inf,-inf,-inf,65535.0,65535.0,225.21263,508.84143,1944.621,0.0,0.0,2756.0,0.0,0.0,0.0,0.0,2022.6693115234375,0.0,0.0,-105.55142,142.56357,53.87298,1770.5069979999998,10000001.0,13.0,2.0,-105.55142,142.56357,53.87298,-inf,-inf,-inf,533.0311889648438,-1.0,-inf,-inf,-inf,-inf,-inf,-inf,1.0,2681.0,0.0,1034.0,0.11134426,0.25156927,0.9614132,-105.55,142.61774,53.85,1770.5069979999998,10000001.0,0.0,41.0,13.0,2.025427,1.4170771,-105.551414,142.56357,53.872974,-83.321556,203.73225,288.97803,0.22521263,0.50884145,1.944621,243.98503,10000001.0,10000000.0,0.0,2.025427,0.0,0.0,0.5859992,0.0
1,0,1,24,0.0,0.7662206,-inf,0.0,22534.226835814574,40687.52462499978,1.0,0.0,0.0,1.0,1.0,1.0,1.0,0.0,30.0,0.0,0.0,0.0,0.0,0.0,0.0,0.0,0.0,0.0,0.0,0.0,0.0,0.0,4624.0,-104.850006,143.55002,57.050003,0.0,0.1788442390812832,-inf,0.0,0.0,0.0,0.0,0.0,0.0,-1.0,3.5735585689544678,0.0,-1.0,-1.0,1.807977496549661,0.0,0.43321844298912476,1.0,1005.0,0.0,0.0,1.0,0.0,1.0,1.0,1.0,0.0,0.0,4.0,0.0,-0.028730921,0.060766894,3.5729263,0.5199251226706214,0.0,0.0,2112.0,26.0,0.0,0.0,0.0,0.0,0.0,0.0,0.0,0.0,14.0,-105.55142,142.56357,53.87298,0.0,0.0,0.0,0.0,0.0,0.0,0.0,-inf,-inf,-inf,4087.0,0.0,1715.0,1000180400.0,0.26677625427017476,0.0,-105.55142,142.56357,53.87298,-inf,8.885635375976562,-inf,-inf,-inf,-inf,-inf,-inf,-inf,-1,37.92291782184454,-inf,-inf,14.780438423156738,16.611677169799805,37.922916412353516,28.78921127319336,0.0,-1.0,-0.6859851,0.5144888,0.514515,-112.95,153.15,92.450005,48,1,0,1,1,0,1,0,0,37.922916412353516,1.4071130752563477,938.272,-1.0,-inf,-inf,-inf,-inf,-inf,-inf,0.0,255.62247,85.20171,0,269.4479,2212,4,0.0,0.0,0.0004560823,0.01846242,0.9810815,0.0,0.9594976,0.040502418,1,13,-1.0,0.0,0.94868976,0.31620848,-112.350006,152.25,91.55001,-1.0,-1.0,13.0,0.2820513,2212.0,-105.55142,142.56357,53.87298,1770.5069979999998,10000004.0,52.85239028930664,-0.0,-1.0,-inf,-inf,-inf,-inf,-inf,-inf,0.0,0.0,0.0,0.0,0.0,-1.0,-inf,-inf,-inf,inf,inf,inf,inf,-112.64998,152.55002,93.35,-113.16907,152.50827,93.495384,1773.059518,46.11176681518555,984.3888596704978,-112.350006,153.15,91.549995,0.0,1.0,13.0,0.0,0.0,0.0,1.0,1.0,0.0,1.0,1.0,0.0,46.11684561706613,-112.64998,152.55002,93.35,-1.0,938.2720140534317,-1.0,-inf,-inf,-inf,-inf,-inf,-inf,65535.0,65535.0,-69.47078,-118.99714,263.97073,0.0,0.0,37.0,31.0,31.0,0.0,3.0,297.7701416015625,2.0,2212.0,-105.55142,142.56357,53.87298,1770.5069979999998,10000004.0,2212.0,4.0,-112.83664,153.29022,91.64715,-inf,-inf,-inf,52.85239028930664,-1.0,-inf,-inf,-inf,-inf,-inf,-inf,1.0,37.0,0.0,10.0,-0.23330338,-0.3996275,0.8864916,-112.350006,153.15,91.549995,1772.7560449999999,10008297.0,7.0,54.0,2212.0,0.9843889,0.938272,-112.83665,153.2902,91.64714,-113.16907,152.50822,93.49538,-0.06947078,-0.11899714,0.26397073,2.0342057,10008297.0,10000004.0,1.0,0.9843889,0.0,0.0,0.04611212,0.0
1,0,1,25,0.0,0.7662206,-inf,0.0,22534.226835814574,40687.52462499978,1.0,0.0,0.0,1.0,1.0,1.0,1.0,0.0,30.0,0.0,0.0,0.0,0.0,0.0,0.0,0.0,0.0,0.0,0.0,0.0,0.0,0.0,4624.0,-104.850006,143.55002,57.050003,0.0,0.1788442390812832,-inf,0.0,0.0,0.0,0.0,0.0,0.0,-1.0,3.5735585689544678,0.0,-1.0,-1.0,1.807977496549661,0.0,0.43321844298912476,1.0,1005.0,0.0,0.0,1.0,0.0,1.0,1.0,1.0,0.0,0.0,4.0,0.0,-0.028730921,0.060766894,3.5729263,0.5199251226706214,0.0,0.0,2112.0,26.0,0.0,0.0,0.0,0.0,0.0,0.0,0.0,0.0,14.0,-105.55142,142.56357,53.87298,0.0,0.0,0.0,0.0,0.0,0.0,0.0,-inf,-inf,-inf,4087.0,0.0,1715.0,1000180400.0,0.26677625427017476,0.0,-105.55142,142.56357,53.87298,-inf,40.6785774230957,-inf,-inf,-inf,-inf,-inf,-inf,-inf,-1,75.85912081808605,-inf,-inf,30.315593719482422,33.892948150634766,75.85912322998047,57.62884521484375,0.0,-1.0,-0.25268596,0.9271797,0.27656382,-113.55,157.95001,93.05001,49,1,0,1,1,0,1,0,1,75.85912322998047,4.809368133544922,938.272,-1.0,-inf,-inf,-inf,-inf,-inf,-inf,-94.73836,363.03876,85.64506,0,384.84747,2212,4,0.0,0.0,9.818899e-05,0.009742511,0.99015933,0.0,0.9940294,0.005970598,1,63,-1.0,-0.24617118,0.94333154,0.22254285,-112.350006,153.45001,91.85,-1.0,-1.0,12.0,0.89705884,2212.0,-105.55142,142.56357,53.87298,1770.5069979999998,10000004.0,76.71402740478516,-0.0,-1.0,-inf,-inf,-inf,-inf,-inf,-inf,0.0,0.0,0.0,0.0,0.0,-1.0,-inf,-inf,-inf,inf,inf,inf,inf,-113.54999,157.95001,93.049995,-114.00061,158.33188,92.82412,1773.371146,80.49070739746094,1018.767990131781,-112.350006,153.45001,91.549995,0.0,1.0,12.0,0.0,0.0,0.0,1.0,1.0,0.0,1.0,1.0,1.0,80.49596689323823,-113.54999,157.95001,93.049995,-1.0,938.2720232385427,-1.0,-inf,-inf,-inf,-inf,-inf,-inf,65535.0,65535.0,-53.350994,386.73145,71.59819,0.0,0.0,74.0,30.0,30.0,0.0,3.0,396.9053039550781,2.0,2212.0,-105.55142,142.56357,53.87298,1770.5069979999998,10000004.0,2212.0,4.0,-112.83664,153.29022,91.64715,-inf,-inf,-inf,76.71402740478516,-1.0,-inf,-inf,-inf,-inf,-inf,-inf,1.0,66.0,0.0,24.0,-0.13441744,0.974367,0.18039112,-112.350006,153.45001,91.549995,1772.7560449999999,10008296.0,7.0,54.0,2212.0,1.018768,0.938272,-112.83665,153.2902,91.64714,-114.0006,158.33188,92.82411,-0.053350996,0.38673145,0.07159819,5.306623,10008296.0,10000004.0,1.0,1.018768,0.0,0.0,0.08049079,0.0
1,0,1,26,0.0,0.7662206,-inf,0.0,22534.226835814574,40687.52462499978,1.0,0.0,0.0,1.0,1.0,1.0,1.0,0.0,30.0,0.0,0.0,0.0,0.0,0.0,0.0,0.0,0.0,0.0,0.0,0.0,0.0,0.0,4624.0,-104.850006,143.55002,57.050003,0.0,0.1788442390812832,-inf,0.0,0.0,0.0,0.0,0.0,0.0,-1.0,3.5735585689544678,0.0,-1.0,-1.0,1.807977496549661,0.0,0.43321844298912476,1.0,1005.0,0.0,0.0,1.0,0.0,1.0,1.0,1.0,0.0,0.0,4.0,0.0,-0.028730921,0.060766894,3.5729263,0.5199251226706214,0.0,0.0,2112.0,26.0,0.0,0.0,0.0,0.0,0.0,0.0,0.0,0.0,14.0,-105.55142,142.56357,53.87298,0.0,0.0,0.0,0.0,0.0,0.0,0.0,-inf,-inf,-inf,4087.0,0.0,1715.0,1000180400.0,0.26677625427017476,0.0,-105.55142,142.56357,53.87298,-inf,13.426251411437988,-inf,-inf,-inf,-inf,-inf,-inf,-inf,-1,43.226780881087095,-inf,-inf,16.885190963745117,18.968582153320312,43.22677993774414,32.8001594543457,0.0,-1.0,-0.0,-0.70712477,0.7070888,-112.65001,151.65,93.65,50,1,0,1,1,0,1,0,0,43.22677993774414,1.774821400642395,938.272,-1.0,-inf,-inf,-inf,-inf,-inf,-inf,-192.05238,-192.04262,96.02619,0,288.07208,2212,4,0.0,0.0,0.0045417184,0.048752803,0.9467055,0.0,0.98914266,0.010857361,1,26,-1.0,-0.66668177,-0.66664785,0.33334088,-112.350006,153.15,92.75001,-1.0,-1.0,13.0,0.575,2212.0,-105.55142,142.56357,53.87298,1770.5069979999998,10000004.0,52.85239028930664,-0.0,-1.0,-inf,-inf,-inf,-inf,-inf,-inf,0.0,0.0,0.0,0.0,0.0,-1.0,-inf,-inf,-inf,inf,inf,inf,inf,-112.64998,152.55002,93.35,-113.16907,152.50827,93.495384,1773.059518,46.11176681518555,984.3888596704978,-112.350006,153.15,91.549995,0.0,1.0,13.0,0.0,0.0,0.0,1.0,1.0,0.0,1.0,1.0,0.0,46.11684561706613,-112.64998,152.55002,93.35,-1.0,938.2720140534317,-1.0,-inf,-inf,-inf,-inf,-inf,-inf,65535.0,65535.0,-69.47078,-118.99714,263.97073,0.0,0.0,37.0,31.0,31.0,0.0,3.0,297.7701416015625,2.0,2212.0,-105.55142,142.56357,53.87298,1770.5069979999998,10000004.0,2212.0,4.0,-112.83664,153.29022,91.64715,-inf,-inf,-inf,52.85239028930664,-1.0,-inf,-inf,-inf,-inf,-inf,-inf,1.0,37.0,0.0,10.0,-0.23330338,-0.3996275,0.8864916,-112.350006,153.15,91.549995,1772.7560449999999,10008297.0,7.0,54.0,2212.0,0.9843889,0.938272,-112.83665,153.2902,91.64714,-113.16907,152.50822,93.49538,-0.06947078,-0.11899714,0.26397073,2.0342057,10008297.0,10000004.0,1.0,0.9843889,0.0,0.0,0.04611212,0.0
1,0,1,27,0.0,0.7662206,-inf,0.0,22534.226835814574,40687.52462499978,1.0,0.0,0.0,1.0,1.0,1.0,1.0,0.0,30.0,0.0,0.0,0.0,0.0,0.0,0.0,0.0,0.0,0.0,0.0,0.0,0.0,0.0,4624.0,-104.850006,143.55002,57.050003,0.0,0.1788442390812832,-inf,0.0,0.0,0.0,0.0,0.0,0.0,-1.0,3.5735585689544678,0.0,-1.0,-1.0,1.807977496549661,0.0,0.43321844298912476,1.0,1005.0,0.0,0.0,1.0,0.0,1.0,1.0,1.0,0.0,0.0,4.0,0.0,-0.028730921,0.060766894,3.5729263,0.5199251226706214,0.0,0.0,2112.0,26.0,0.0,0.0,0.0,0.0,0.0,0.0,0.0,0.0,14.0,-105.55142,142.56357,53.87298,0.0,0.0,0.0,0.0,0.0,0.0,0.0,-inf,-inf,-inf,4087.0,0.0,1715.0,1000180400.0,0.26677625427017476,0.0,-105.55142,142.56357,53.87298,-inf,76.66224670410156,-inf,-inf,-inf,-inf,-inf,-inf,-inf,-1,122.89624366852917,-inf,-inf,113.45438385009766,122.896240234375,243.88613891601562,189.82363891601562,0.0,-1.0,0.03858675,-0.8629134,0.5038765,-92.850006,-10.950012,246.95001,51,1,0,1,1,0,1,0,1,122.896240234375,36.301631927490234,139.57,167.7067389538801,-inf,-inf,187.7748260498047,167.7067413330078,39.119197845458984,70.81940460205078,13.495309,-191.81917,111.499,0,222.28078,211,3,0.0,0.0,0.005617776,0.7170466,0.27733567,0.0,0.57864714,0.42135283,1,379,-1.0,0.060712893,-0.86295885,0.5016133,-94.65001,19.950012,228.95001,-1.0,-1.0,32.0,0.8725,2112.0,273.33496,1850.0,-615.477,-357119.893615,20000035.0,79.35389709472656,-0.0,-1.0,-inf,-inf,-inf,-inf,-inf,-inf,0.0,0.0,0.0,0.0,0.0,-1.0,-inf,-inf,-inf,inf,inf,inf,inf,-92.54999,-10.649994,246.65,-37.178375,-10.648529,246.88828,-357038.33204199997,77.4444351196289,512.1612700448486,-94.350006,19.049988,229.55002,0.0,1.0,32.0,7.0,0.0,0.0,1.0,1.0,0.0,1.0,1.0,1.0,372.59113432824074,-92.54999,-10.649994,246.65,-1.0,139.5701357166079,-1.0,-inf,-inf,-inf,-inf,-inf,-inf,65535.0,65535.0,31.256886,-410.96387,270.11304,-1.0,0.0,374.0,113.0,113.0,59.0,9.223372036854776e+18,492.77716064453125,32.0,2112.0,-23.164185,218.0412,131.22507,-357048.332527,20264656.0,-211.0,3.0,-39.20056,19.98944,228.62427,-inf,-inf,-inf,79.35389709472656,-1.0,-inf,-inf,-inf,-inf,-inf,-inf,1.0,370.0,0.0,164.0,0.06343006,-0.8339751,0.5481444,-94.350006,19.049988,229.55002,-357039.580401,20264923.0,5.0,10.0,-211.0,0.51216125,0.1395701,-39.20056,19.989435,228.62425,-37.178364,-10.648528,246.88826,0.031256884,-0.41096386,0.27011305,35.746025,20264923.0,20264656.0,1.0,0.51216125,-1.0,0.0,0.07753015,0.0
1,0,1,28,0.0,0.7662206,-inf,0.0,22534.226835814574,40687.52462499978,1.0,0.0,0.0,1.0,1.0,1.0,1.0,0.0,30.0,0.0,0.0,0.0,0.0,0.0,0.0,0.0,0.0,0.0,0.0,0.0,0.0,0.0,4624.0,-104.850006,143.55002,57.050003,0.0,0.1788442390812832,-inf,0.0,0.0,0.0,0.0,0.0,0.0,-1.0,3.5735585689544678,0.0,-1.0,-1.0,1.807977496549661,0.0,0.43321844298912476,1.0,1005.0,0.0,0.0,1.0,0.0,1.0,1.0,1.0,0.0,0.0,4.0,0.0,-0.028730921,0.060766894,3.5729263,0.5199251226706214,0.0,0.0,2112.0,26.0,0.0,0.0,0.0,0.0,0.0,0.0,0.0,0.0,14.0,-105.55142,142.56357,53.87298,0.0,0.0,0.0,0.0,0.0,0.0,0.0,-inf,-inf,-inf,4087.0,0.0,1715.0,1000180400.0,0.26677625427017476,0.0,-105.55142,142.56357,53.87298,-inf,52.596927642822266,-inf,-inf,-inf,-inf,-inf,-inf,-inf,-1,184.74577020276018,-inf,-inf,81.49312591552734,89.22412872314453,184.7457733154297,142.47463989257812,0.0,-1.0,0.5278616,-0.6447705,0.552841,-80.25,-24.450012,260.15002,53,1,0,1,1,0,1,0,1,184.7457733154297,22.697690963745117,938.272,125.22016246689114,-inf,-inf,406.0302429199219,380.180908203125,125.22016143798828,209.44334411621094,346.30396,-341.68796,379.65445,0,617.10175,2212,4,0.0,0.0,0.017599553,0.2645319,0.7178685,0.0,0.62529445,0.37470558,1,216,-1.0,0.561178,-0.55369794,0.6152218,-92.55,-10.950012,246.95001,-1.0,-1.0,34.0,0.92444444,2112.0,273.33496,1850.0,-615.477,-357119.893615,20000035.0,56.578529357910156,-0.0,-1.0,-inf,-inf,-inf,-inf,-inf,-inf,0.0,0.0,0.0,0.0,0.0,-1.0,-inf,-inf,-inf,inf,inf,inf,inf,-80.25,-24.450012,260.15,-24.630676,-24.555878,259.9569,-357037.368955,57.912078857421875,260.46391742400607,-80.25,-23.850006,259.85,0.0,1.0,34.0,7.0,0.0,0.0,1.0,1.0,0.0,1.0,1.0,1.0,120.89382157658088,-80.25,-24.450012,260.15,-1.0,139.5700958474252,-1.0,-inf,-inf,-inf,-inf,-inf,-inf,65535.0,65535.0,111.302376,-115.7306,150.26593,-1.0,0.0,226.0,121.0,121.0,59.0,113.0,219.9127960205078,32.0,-211.0,-39.20056,19.98944,228.62427,-357039.580401,20264923.0,-211.0,3.0,-37.178375,-10.648529,246.88828,-inf,-inf,-inf,56.578529357910156,-1.0,-inf,-inf,-inf,-inf,-inf,-inf,1.0,217.0,0.0,119.0,0.5061205,-0.5262568,0.6832978,-80.25,-23.850006,259.85,-357038.33204199997,20267396.0,10.0,10.0,-211.0,0.26046392,0.1395701,-37.178364,-10.648528,246.88826,-24.630669,-24.555866,259.9569,0.111302376,-0.1157306,0.15026593,22.959341,20267396.0,20264923.0,1.0,0.26046392,-1.0,0.0,0.057827722,0.0
1,0,1,29,0.0,0.7662206,-inf,0.0,22534.226835814574,40687.52462499978,1.0,0.0,0.0,1.0,1.0,1.0,1.0,0.0,30.0,0.0,0.0,0.0,0.0,0.0,0.0,0.0,0.0,0.0,0.0,0.0,0.0,0.0,4624.0,-104.850006,143.55002,57.050003,0.0,0.1788442390812832,-inf,0.0,0.0,0.0,0.0,0.0,0.0,-1.0,3.5735585689544678,0.0,-1.0,-1.0,1.807977496549661,0.0,0.43321844298912476,1.0,1005.0,0.0,0.0,1.0,0.0,1.0,1.0,1.0,0.0,0.0,4.0,0.0,-0.028730921,0.060766894,3.5729263,0.5199251226706214,0.0,0.0,2112.0,26.0,0.0,0.0,0.0,0.0,0.0,0.0,0.0,0.0,14.0,-105.55142,142.56357,53.87298,0.0,0.0,0.0,0.0,0.0,0.0,0.0,-inf,-inf,-inf,4087.0,0.0,1715.0,1000180400.0,0.26677625427017476,0.0,-105.55142,142.56357,53.87298,-inf,10.6726713180542,-inf,-inf,-inf,-inf,-inf,-inf,-inf,-1,21.254890449231674,-inf,-inf,18.928071975708008,21.25489044189453,48.32659149169922,36.6639518737793,0.0,-1.0,-0.0,-0.24252403,0.9701454,-92.850006,-10.049988,249.05002,54,1,0,1,1,0,1,0,0,21.25489044189453,2.163327217102051,139.57,-1.0,-inf,-inf,-inf,-inf,-inf,-inf,-1.7137798,46.271614,65.12189,0,79.90532,211,3,0.0,0.0,0.07024894,0.51716065,0.4125904,0.0,0.7479892,0.25201082,1,15,-1.0,-0.02144763,0.5790805,0.81498814,-92.850006,-11.25,247.25003,-1.0,-1.0,35.0,0.31034482,2112.0,273.33496,1850.0,-615.477,-357119.893615,20000035.0,51.370548248291016,-0.0,-1.0,-inf,-inf,-inf,-inf,-inf,-inf,0.0,0.0,0.0,0.0,0.0,-1.0,-inf,-inf,-inf,inf,inf,inf,inf,-92.25,-10.049988,247.55002,-37.74579,-10.455444,248.58371,-357038.055521,42.95650100708008,981.2355054558285,-92.25,-10.950012,247.25,0.0,1.0,35.0,7.0,0.0,0.0,1.0,1.0,0.0,1.0,1.0,0.0,42.963494167441354,-92.25,-10.049988,247.55002,-1.0,938.2720112883871,-1.0,-inf,-inf,-inf,-inf,-inf,-inf,65535.0,65535.0,-84.20701,33.909245,272.44833,-1.0,0.0,23.0,122.0,122.0,59.0,113.0,287.1737365722656,32.0,-211.0,-39.20056,19.98944,228.62427,-357039.580401,20264923.0,2212.0,4.0,-37.178375,-10.648529,246.88828,-inf,-inf,-inf,51.370548248291016,-1.0,-inf,-inf,-inf,-inf,-inf,-inf,1.0,23.0,0.0,9.0,-0.29322672,0.1180792,0.948723,-92.25,-10.950012,247.25,-357038.33204199997,20267397.0,10.0,54.0,2212.0,0.9812355,0.938272,-37.178364,-10.648528,246.88826,-37.745804,-10.455457,248.58371,-0.08420701,0.033909246,0.27244833,1.7982941,20267397.0,20264923.0,1.0,0.9812355,-1.0,0.0,0.042958092,0.0
1,0,2,0,2.0,0.12618296,-inf,0.0,-1.0,-1.0,2.0,0.0,0.0,0.0,0.0,1.0,0.0,0.0,2.0,0.0,0.0,0.0,0.0,0.0,0.0,0.0,0.0,0.0,0.0,0.0,0.0,0.0,951.0,-232.35,116.850006,95.75001,2.0,-1.0,-inf,-1.0,0.0,0.0,0.0,0.0,0.0,-1.0,-1.0,-1.0,-1.0,-1.0,-1.0,2.0,-1.0,-1.0,-1.0,0.0,0.0,0.0,0.0,1.0,0.0,1.0,,-1.0,-1.0,-1.0,-inf,-inf,-inf,-1.0,-1.0,-1.0,-1.0,1.0,0.0,4.0,0.0,0.0,0.0,0.0,0.0,0.0,-1.0,-inf,-inf,-inf,0.0,0.0,0.0,0.0,0.0,0.0,-1.0,-inf,-inf,-inf,120.0,0.0,1986.0,-1.0,-1.0,-1.0,721.5903,1850.0,90.78857,-inf,23.56234359741211,-inf,-inf,-inf,-inf,-inf,-inf,-inf,-1,-1.0,-inf,-inf,-inf,-inf,-inf,-inf,0.0,-1.0,-inf,-inf,-inf,-inf,-inf,-inf,2,2,0,0,0,0,0,0,0,23.56234359741211,-1.0,0.511998,-1.0,-inf,-inf,-inf,-inf,-inf,-inf,-6.631962,-22.965542,2.8129418,0,24.068895,11,1,0.0,1.0,0.0,0.0,0.0,0.0,1.0,0.0,3,102,-1.0,-0.27554077,-0.95415854,0.11687041,-223.05002,142.65,92.75001,-1.0,-1.0,,,,,,,,,,,,,,,,,,,,,,,,,,,,,,,,,,,,,,,,,,,,,,,,,,,,,,,,,,,,,,,,,,,,,,,,,,,,,,,,,,,,,,,,,,,,,,,,,,,,,,,,,,,,,,,,,,,,,,,,,,,,,,,,,,,,,,,,,,
1,0,2,1,2.0,0.12618296,-inf,0.0,-1.0,-1.0,2.0,0.0,0.0,0.0,0.0,1.0,0.0,0.0,2.0,0.0,0.0,0.0,0.0,0.0,0.0,0.0,0.0,0.0,0.0,0.0,0.0,0.0,951.0,-232.35,116.850006,95.75001,2.0,-1.0,-inf,-1.0,0.0,0.0,0.0,0.0,0.0,-1.0,-1.0,-1.0,-1.0,-1.0,-1.0,2.0,-1.0,-1.0,-1.0,0.0,0.0,0.0,0.0,1.0,0.0,1.0,,-1.0,-1.0,-1.0,-inf,-inf,-inf,-1.0,-1.0,-1.0,-1.0,1.0,0.0,4.0,0.0,0.0,0.0,0.0,0.0,0.0,-1.0,-inf,-inf,-inf,0.0,0.0,0.0,0.0,0.0,0.0,-1.0,-inf,-inf,-inf,120.0,0.0,1986.0,-1.0,-1.0,-1.0,721.5903,1850.0,90.78857,-inf,170.74960327148438,-inf,-inf,-inf,-inf,-inf,-inf,-inf,-1,230.60288584234533,-inf,-inf,230.60289001464844,243.0355224609375,427.76324462890625,342.37603759765625,0.0,-1.0,0.40073872,0.91470236,-0.05223109,-197.25,199.95001,91.55001,47,2,0,0,1,1,0,0,1,513.8038940429688,90.64212036132812,105.658,513.8039026845219,-inf,-inf,513.8038940429688,486.5683288574219,181.06878662109375,291.36212158203125,228.01614,565.7323,-22.913925,0,610.38464,13,2,0.0,0.0,0.8752436,0.11848849,0.0062678983,0.0,0.026323173,0.97367686,1,849,0.9694687128067017,0.37356138,0.9268455,-0.037540138,-232.35,116.850006,95.75001,-1.0,-1.0,20.0,0.14134276,13.0,721.5903,1850.0,90.78857,-1184325.986816,20000028.0,29.95864486694336,-0.0,-1.0,-inf,-inf,-inf,-inf,-inf,-inf,0.0,0.0,0.0,0.0,0.0,-1.0,-inf,-inf,-inf,inf,inf,inf,inf,-202.35,188.25,92.15,-207.3002,-213.8736,77.941124,-1184249.4401389998,29.95864486694336,1381.0818056704793,-197.25,199.95001,91.549995,0.0,1.0,20.0,2.0,1.0,0.0,0.0,1.0,1.0,0.0,1.0,1.0,1275.423375083841,-202.35,188.25,92.15,-1.0,105.65843058663827,-1.0,-inf,-inf,-inf,-inf,-inf,-inf,65535.0,65535.0,-553.297,-1260.986,-0.009,-1.0,0.0,120.0,41.0,41.0,4.0,41.0,1377.0341796875,20.0,0.0,721.5903,1850.0,90.78857,-1184325.986816,20000028.0,13.0,2.0,721.5903,1850.0,90.78857,-inf,-inf,-inf,29.95864486694336,-1.0,-inf,-inf,-inf,-inf,-inf,-inf,1.0,120.0,0.0,1986.0,-0.40180337,-0.91572595,-6.5357854e-06,-197.25,199.95001,91.549995,-1184325.986816,20000028.0,0.0,41.0,13.0,1.191822,0.1618576,-11.5862465,203.73225,91.750175,-199.83728,-203.73225,80.41454,-0.553297,-1.260986,-9e-06,450.85706,20000028.0,20000000.0,0.0,1.3810818,-1.0,0.0,0.029967798,0.0
1,0,3,0,4.0,0.9329212,-inf,0.0,-1.0,-1.0,3.0,0.0,0.0,0.0,0.0,1.0,1.0,0.0,5.0,0.0,0.0,0.0,0.0,0.0,0.0,0.0,0.0,0.0,0.0,0.0,0.0,0.0,3105.0,116.25,-36.75,4.8500023,4.0,-1.0,-inf,-1.0,0.0,0.0,0.0,0.0,0.0,-1.0,-1.0,-1.0,-1.0,-1.0,-1.0,4.0,-1.0,-1.0,-1.0,0.0,0.0,0.0,0.0,1.0,1.0,1.0,,-1.0,-1.0,-1.0,-inf,-inf,-inf,-1.0,-1.0,-1.0,-1.0,5.0,0.0,14.0,0.0,0.0,0.0,0.0,0.0,0.0,-1.0,-inf,-inf,-inf,0.0,0.0,0.0,0.0,0.0,0.0,-1.0,-inf,-inf,-inf,3148.0,0.0,1659.0,-1.0,-1.0,-1.0,1390.2795,1850.0,-1829.237,-inf,10.75985336303711,-inf,-inf,-inf,-inf,-inf,-inf,-inf,-1,-1.0,-inf,-inf,-inf,-inf,-inf,-inf,0.0,-1.0,-inf,-inf,-inf,-inf,-inf,-inf,4,3,0,0,1,0,1,0,0,10.75985336303711,-1.0,0.511998,-1.0,-inf,-inf,-inf,-inf,-inf,-inf,-5.2947836,-7.877972,6.0576653,0,11.260217,11,1,0.0,1.0,0.0,0.0,0.0,0.0,1.0,0.0,3,37,-1.0,-0.4702204,-0.69962883,0.5379706,23.25,-179.85,146.15,-1.0,-1.0,30.0,0.75,-13.0,1390.2795,1850.0,-1829.237,355678.559265,20000107.0,13.275668144226074,-0.0,-1.0,-inf,-inf,-inf,-inf,-inf,-inf,0.0,0.0,0.0,0.0,0.0,-1.0,-inf,-inf,-inf,inf,inf,inf,inf,-inf,-inf,-inf,79.9288,-184.76442,146.11395,355782.854503,17.668580055236816,20.46915828077807,24.149994,-182.25,146.15,0.0,1.0,30.0,4.0,0.0,0.0,0.0,1.0,0.0,1.0,1.0,0.0,19.958179879404337,79.9288,-184.76442,146.11395,-1.0,0.5109784013737336,-1.0,-inf,-inf,-inf,-inf,-inf,-inf,65535.0,65535.0,-10.483924,-9.613364,14.710401,-1.0,0.0,74.0,81.0,81.0,14.0,51.0,20.462778091430664,22.0,-13.0,1390.2795,1850.0,-1829.237,355678.559265,20000107.0,11.0,1.0,79.346924,-180.75568,143.8552,-inf,-inf,-inf,13.275668144226074,-1.0,-inf,-inf,-inf,-inf,-inf,-inf,3.0,40.0,0.0,47.0,-0.5123412,-0.4697976,0.7188858,24.149994,-182.25,146.15,355782.638428,20066903.0,,,,,,,,,,,,,,,,,,,,,,,
1,0,3,1,4.0,0.9329212,-inf,0.0,-1.0,-1.0,3.0,0.0,0.0,0.0,0.0,1.0,1.0,0.0,5.0,0.0,0.0,0.0,0.0,0.0,0.0,0.0,0.0,0.0,0.0,0.0,0.0,0.0,3105.0,116.25,-36.75,4.8500023,4.0,-1.0,-inf,-1.0,0.0,0.0,0.0,0.0,0.0,-1.0,-1.0,-1.0,-1.0,-1.0,-1.0,4.0,-1.0,-1.0,-1.0,0.0,0.0,0.0,0.0,1.0,1.0,1.0,,-1.0,-1.0,-1.0,-inf,-inf,-inf,-1.0,-1.0,-1.0,-1.0,5.0,0.0,14.0,0.0,0.0,0.0,0.0,0.0,0.0,-1.0,-inf,-inf,-inf,0.0,0.0,0.0,0.0,0.0,0.0,-1.0,-inf,-inf,-inf,3148.0,0.0,1659.0,-1.0,-1.0,-1.0,1390.2795,1850.0,-1829.237,-inf,8.628022193908691,-inf,-inf,-inf,-inf,-inf,-inf,-inf,-1,-1.0,-inf,-inf,-inf,-inf,-inf,-inf,0.0,-1.0,-inf,-inf,-inf,-inf,-inf,-inf,22,3,0,1,1,0,1,0,0,8.628022193908691,-1.0,0.511998,-1.0,-inf,-inf,-inf,-inf,-inf,-inf,-7.4605827,-0.99468833,-5.160245,0,9.125669,11,1,0.0,1.0,0.0,0.0,0.0,0.0,1.0,0.0,3,45,-1.0,-0.8175382,-0.108998954,-0.56546485,86.850006,-85.65001,54.65,-1.0,-1.0,28.0,0.7924528,-13.0,1390.2795,1850.0,-1829.237,355678.559265,20000107.0,9.916522979736328,-0.0,-1.0,-inf,-inf,-inf,-inf,-inf,-inf,0.0,0.0,0.0,0.0,0.0,-1.0,-inf,-inf,-inf,inf,inf,inf,inf,-inf,-inf,-inf,142.61975,-86.01398,55.27693,355777.926493,11.042464256286621,12.06083188798791,86.850006,-85.64998,54.65,0.0,1.0,28.0,4.0,0.0,0.0,1.0,1.0,0.0,1.0,1.0,0.0,11.549847147020728,142.61975,-86.01398,55.27693,-1.0,0.510984740967181,-1.0,-inf,-inf,-inf,-inf,-inf,-inf,65535.0,65535.0,-5.464684,-4.9656253,9.522728,-1.0,0.0,72.0,79.0,79.0,14.0,51.0,12.050002098083496,22.0,-13.0,1390.2795,1850.0,-1829.237,355678.559265,20000107.0,11.0,1.0,141.12598,-84.96846,50.76477,-inf,-inf,-inf,9.916522979736328,-1.0,-inf,-inf,-inf,-inf,-inf,-inf,3.0,50.0,0.0,33.0,-0.45350066,-0.41208503,0.79026777,86.850006,-85.64998,54.65,355777.72949,20066839.0,,,,,,,,,,,,,,,,,,,,,,,
1,0,3,2,4.0,0.9329212,-inf,0.0,-1.0,-1.0,3.0,0.0,0.0,0.0,0.0,1.0,1.0,0.0,5.0,0.0,0.0,0.0,0.0,0.0,0.0,0.0,0.0,0.0,0.0,0.0,0.0,0.0,3105.0,116.25,-36.75,4.8500023,4.0,-1.0,-inf,-1.0,0.0,0.0,0.0,0.0,0.0,-1.0,-1.0,-1.0,-1.0,-1.0,-1.0,4.0,-1.0,-1.0,-1.0,0.0,0.0,0.0,0.0,1.0,1.0,1.0,,-1.0,-1.0,-1.0,-inf,-inf,-inf,-1.0,-1.0,-1.0,-1.0,5.0,0.0,14.0,0.0,0.0,0.0,0.0,0.0,0.0,-1.0,-inf,-inf,-inf,0.0,0.0,0.0,0.0,0.0,0.0,-1.0,-inf,-inf,-inf,3148.0,0.0,1659.0,-1.0,-1.0,-1.0,1390.2795,1850.0,-1829.237,-inf,29.380239486694336,-inf,-inf,-inf,-inf,-inf,-inf,-inf,-1,-1.0,-inf,-inf,-inf,-inf,-inf,-inf,0.0,-1.0,-inf,-inf,-inf,-inf,-inf,-inf,23,3,0,1,1,0,1,0,1,29.380239486694336,-1.0,0.511998,-1.0,-inf,-inf,-inf,-inf,-inf,-inf,4.3136897,-16.641993,24.448313,0,29.887854,11,1,0.0,1.0,0.0,0.0,0.0,0.0,1.0,0.0,3,141,-1.0,0.14432919,-0.55681455,0.8180016,72.75,-103.350006,69.950005,-1.0,-1.0,29.0,0.74545455,-13.0,1390.2795,1850.0,-1829.237,355678.559265,20000107.0,33.66709518432617,-0.0,-1.0,-inf,-inf,-inf,-inf,-inf,-inf,0.0,0.0,0.0,0.0,0.0,-1.0,-inf,-inf,-inf,inf,inf,inf,inf,-inf,-inf,-inf,128.87799,-108.71622,77.60923,355779.06107999996,34.81486892700195,39.478547804628164,74.850006,-100.95,67.25,0.0,1.0,29.0,4.0,0.0,0.0,1.0,1.0,0.0,1.0,1.0,1.0,38.967608446253614,128.87799,-108.71622,77.60923,-1.0,0.5109393583745517,-1.0,-inf,-inf,-inf,-inf,-inf,-inf,65535.0,65535.0,-21.825714,-22.233974,24.240116,-1.0,0.0,230.0,80.0,80.0,14.0,51.0,39.475242614746094,22.0,-13.0,1390.2795,1850.0,-1829.237,355678.559265,20000107.0,11.0,1.0,130.61499,-101.26338,66.60604,-inf,-inf,-inf,33.66709518432617,-1.0,-inf,-inf,-inf,-inf,-inf,-inf,3.0,147.0,0.0,112.0,-0.55289626,-0.56323844,0.6140587,74.850006,-100.95,67.25,355778.56470499997,20066848.0,,,,,,,,,,,,,,,,,,,,,,,
1,0,3,3,4.0,0.9329212,-inf,0.0,-1.0,-1.0,3.0,0.0,0.0,0.0,0.0,1.0,1.0,0.0,5.0,0.0,0.0,0.0,0.0,0.0,0.0,0.0,0.0,0.0,0.0,0.0,0.0,0.0,3105.0,116.25,-36.75,4.8500023,4.0,-1.0,-inf,-1.0,0.0,0.0,0.0,0.0,0.0,-1.0,-1.0,-1.0,-1.0,-1.0,-1.0,4.0,-1.0,-1.0,-1.0,0.0,0.0,0.0,0.0,1.0,1.0,1.0,,-1.0,-1.0,-1.0,-inf,-inf,-inf,-1.0,-1.0,-1.0,-1.0,5.0,0.0,14.0,0.0,0.0,0.0,0.0,0.0,0.0,-1.0,-inf,-inf,-inf,0.0,0.0,0.0,0.0,0.0,0.0,-1.0,-inf,-inf,-inf,3148.0,0.0,1659.0,-1.0,-1.0,-1.0,1390.2795,1850.0,-1829.237,-inf,0.4078551232814789,-inf,-inf,-inf,-inf,-inf,-inf,-inf,-1,-1.0,-inf,-inf,-inf,-inf,-inf,-inf,0.0,-1.0,-inf,-inf,-inf,-inf,-inf,-inf,30,3,0,1,1,0,1,0,0,0.4078551232814789,-1.0,0.511998,-1.0,-inf,-inf,-inf,-inf,-inf,-inf,0.764191,0.0,0.0,0,0.764191,11,1,0.0,1.0,0.0,0.0,0.0,0.0,1.0,0.0,3,1,-1.0,1.0,0.0,0.0,101.850006,-58.050003,26.450005,-1.0,-1.0,27.0,0.083333336,-13.0,1390.2795,1850.0,-1829.237,355678.559265,20000107.0,2.364145040512085,-0.0,-1.0,-inf,-inf,-inf,-inf,-inf,-inf,0.0,0.0,0.0,0.0,0.0,-1.0,-inf,-inf,-inf,inf,inf,inf,inf,-inf,-inf,-inf,157.63364,-60.19786,25.801926,355776.515799,19.90949821472168,26.054523420732774,103.649994,-56.850006,23.44999,0.0,1.0,27.0,4.0,0.0,0.0,1.0,1.0,0.0,1.0,1.0,0.0,25.543481040567364,157.63364,-60.19786,25.801926,-1.0,0.511042380165411,-1.0,-inf,-inf,-inf,-inf,-inf,-inf,65535.0,65535.0,-15.13084,-14.02346,15.90526,-1.0,0.0,75.0,78.0,78.0,14.0,51.0,26.049510955810547,22.0,-13.0,1390.2795,1850.0,-1829.237,355678.559265,20000107.0,11.0,1.0,159.40158,-56.662323,23.25254,-inf,-inf,-inf,2.364145040512085,-1.0,-inf,-inf,-inf,-inf,-inf,-inf,3.0,12.0,0.0,63.0,-0.5808493,-0.5383387,0.61057806,103.649994,-56.850006,23.44999,355776.278512,20066813.0,,,,,,,,,,,,,,,,,,,,,,,
1,0,3,4,4.0,0.9329212,-inf,0.0,-1.0,-1.0,3.0,0.0,0.0,0.0,0.0,1.0,1.0,0.0,5.0,0.0,0.0,0.0,0.0,0.0,0.0,0.0,0.0,0.0,0.0,0.0,0.0,0.0,3105.0,116.25,-36.75,4.8500023,4.0,-1.0,-inf,-1.0,0.0,0.0,0.0,0.0,0.0,-1.0,-1.0,-1.0,-1.0,-1.0,-1.0,4.0,-1.0,-1.0,-1.0,0.0,0.0,0.0,0.0,1.0,1.0,1.0,,-1.0,-1.0,-1.0,-inf,-inf,-inf,-1.0,-1.0,-1.0,-1.0,5.0,0.0,14.0,0.0,0.0,0.0,0.0,0.0,0.0,-1.0,-inf,-inf,-inf,0.0,0.0,0.0,0.0,0.0,0.0,-1.0,-inf,-inf,-inf,3148.0,0.0,1659.0,-1.0,-1.0,-1.0,1390.2795,1850.0,-1829.237,-inf,589.2452392578125,-inf,-inf,-inf,-inf,-inf,-inf,-inf,-1,581.5776500010188,-inf,-inf,581.57763671875,590.9436645507812,851.9151611328125,719.0494995117188,0.0,-1.0,-0.4223801,-0.63155395,0.6501804,9.450012,-199.65001,165.65,34,3,0,0,1,1,1,0,1,1193.52685546875,254.96743774414062,105.658,1193.5268836519451,-inf,-inf,1193.52685546875,1162.8115234375,660.812744140625,892.1204833984375,-540.5577,-855.51404,807.84344,0,1294.8815,13,2,0.0,0.0,0.9785621,0.013632159,0.007805769,0.0,0.016518272,0.9834817,1,2881,1.8034154176712036,-0.4174573,-0.6606891,0.6238745,116.25,-36.75,4.8500023,-1.0,-1.0,22.0,0.93829644,-13.0,1390.2795,1850.0,-1829.237,355678.559265,20000107.0,634.1988525390625,-0.0,-1.0,-inf,-inf,-inf,-inf,-inf,-inf,0.0,0.0,0.0,0.0,0.0,-1.0,-inf,-inf,-inf,inf,inf,inf,inf,9.450012,-199.65,165.65,-32067.225,-50000.0,47666.086,358317.24548399996,596.1097412109375,35632.09677305418,116.25,-36.75,4.8499947,0.0,1.0,22.0,4.0,1.0,0.0,0.0,1.0,1.0,1.0,1.0,1.0,35526.03808977805,9.450012,-199.65,165.65,-1.0,106.05868327613427,-1.0,-inf,-inf,-inf,-inf,-inf,-inf,65535.0,65535.0,-14976.655,-23154.807,22565.236,-1.0,0.0,2899.0,51.0,51.0,14.0,51.0,35631.94140625,22.0,0.0,1390.2795,1850.0,-1829.237,355678.559265,20000107.0,-13.0,2.0,1390.2795,1850.0,-1829.237,-inf,-inf,-inf,634.1988525390625,-1.0,-inf,-inf,-inf,-inf,-inf,-inf,1.0,2899.0,0.0,1404.0,-0.42031544,-0.64983284,0.6332868,116.25,-36.75,4.8499947,355678.559265,20000107.0,0.0,60.0,-13.0,31.98233,31.464697,143.74014,-80.91888,46.828243,64.54237,-203.73225,166.13449,-14.976655,-23.154806,22.565237,188.65154,20000107.0,20000000.0,0.0,35.632095,-1.0,0.0,0.6941631,0.0
1,0,4,0,5.0,0.9252317,-inf,0.0,-1.0,-1.0,4.0,0.0,0.0,0.0,0.0,1.0,1.0,0.0,4.0,0.0,0.0,0.0,0.0,0.0,0.0,0.0,0.0,0.0,0.0,0.0,0.0,0.0,4606.0,127.05002,101.55002,4.25,5.0,-1.0,-inf,-1.0,0.0,0.0,0.0,0.0,0.0,-1.0,-1.0,-1.0,-1.0,-1.0,-1.0,5.0,-1.0,-1.0,-1.0,0.0,0.0,0.0,0.0,1.0,1.0,1.0,,-1.0,-1.0,-1.0,-inf,-inf,-inf,-1.0,-1.0,-1.0,-1.0,2.0,0.0,15.0,0.0,0.0,0.0,0.0,0.0,0.0,-1.0,-inf,-inf,-inf,0.0,0.0,0.0,0.0,0.0,0.0,-1.0,-inf,-inf,-inf,4535.0,0.0,2029.0,-1.0,-1.0,-1.0,754.0627,1850.0,-3573.3694,-inf,4.25970458984375,-inf,-inf,-inf,-inf,-inf,-inf,-inf,-1,-1.0,-inf,-inf,-inf,-inf,-inf,-inf,0.0,-1.0,-inf,-inf,-inf,-inf,-inf,-inf,5,4,0,1,0,0,1,0,0,4.25970458984375,-1.0,0.511998,-1.0,-inf,-inf,-inf,-inf,-inf,-inf,0.0,-3.3549654,-3.3542829,0,4.744155,11,1,0.45769233,0.54230773,0.0,0.0,0.0,0.0,0.980978,0.019021997,0,11,-1.0,0.0,-0.7071787,-0.7070348,94.05002,-1.0499878,163.25,-1.0,-1.0,,,,,,,,,,,,,,,,,,,,,,,,,,,,,,,,,,,,,,,,,,,,,,,,,,,,,,,,,,,,,,,,,,,,,,,,,,,,,,,,,,,,,,,,,,,,,,,,,,,,,,,,,,,,,,,,,,,,,,,,,,,,,,,,,,,,,,,,,,
1,0,4,1,5.0,0.9252317,-inf,0.0,-1.0,-1.0,4.0,0.0,0.0,0.0,0.0,1.0,1.0,0.0,4.0,0.0,0.0,0.0,0.0,0.0,0.0,0.0,0.0,0.0,0.0,0.0,0.0,0.0,4606.0,127.05002,101.55002,4.25,5.0,-1.0,-inf,-1.0,0.0,0.0,0.0,0.0,0.0,-1.0,-1.0,-1.0,-1.0,-1.0,-1.0,5.0,-1.0,-1.0,-1.0,0.0,0.0,0.0,0.0,1.0,1.0,1.0,,-1.0,-1.0,-1.0,-inf,-inf,-inf,-1.0,-1.0,-1.0,-1.0,2.0,0.0,15.0,0.0,0.0,0.0,0.0,0.0,0.0,-1.0,-inf,-inf,-inf,0.0,0.0,0.0,0.0,0.0,0.0,-1.0,-inf,-inf,-inf,4535.0,0.0,2029.0,-1.0,-1.0,-1.0,754.0627,1850.0,-3573.3694,-inf,4.386870861053467,-inf,-inf,-inf,-inf,-inf,-inf,-inf,-1,-1.0,-inf,-inf,-inf,-inf,-inf,-inf,0.0,-1.0,-inf,-inf,-inf,-inf,-inf,-inf,16,4,0,1,1,0,1,0,0,4.386870861053467,-1.0,0.511998,-1.0,-inf,-inf,-inf,-inf,-inf,-inf,0.0,-4.8720403,0.0,0,4.8720403,11,1,0.48236662,0.5176334,0.0,0.0,0.0,0.0,0.9546831,0.04531688,0,23,-1.0,0.0,-1.0,0.0,59.850006,-94.05,282.05002,-1.0,-1.0,56.0,0.7777778,0.0,-9223372000000.0,-9223372000000.0,-9223372000000.0,-9223372036854.775,4294967295.0,6.480250835418701,-0.0,-1.0,-inf,-inf,-inf,-inf,-inf,-inf,0.0,0.0,0.0,0.0,0.0,-1.0,-inf,-inf,-inf,inf,inf,inf,inf,-inf,-inf,-inf,-9223372000000.0,-9223372000000.0,-9223372000000.0,-9223372036854.775,4.961907148361206,5.4952146678627,-9223372000000.0,-9223372000000.0,-9223372000000.0,0.0,1.0,56.0,7.0,0.0,0.0,1.0,1.0,0.0,1.0,1.0,0.0,5.4952146678627,-9223372000000.0,-9223372000000.0,-9223372000000.0,-1.0,0.0,-1.0,-inf,-inf,-inf,-inf,-inf,-inf,65535.0,65535.0,3.0377991,1.7134116,-4.246573,-1.0,0.0,0.0,176.0,176.0,59.0,121.0,5.495214939117432,34.0,2112.0,-9223372000000.0,-9223372000000.0,-9223372000000.0,-9223372036854.775,20269408.0,22.0,0.0,-0.1326294,-97.7896,288.96988,-inf,-inf,-inf,6.480250835418701,-1.0,-inf,-inf,-inf,-inf,-inf,-inf,4.0,25.0,0.0,11.0,0.55280805,0.31180066,-0.7727765,-9223372000000.0,-9223372000000.0,-9223372000000.0,-357030.878876,20269655.0,5.0,37.0,22.0,0.005495215,0.0,-0.13262263,-97.789604,288.96988,2.8667452,-96.81679,285.5481,0.0030377991,0.0017134115,-0.004246573,22.619148,20269655.0,20269408.0,0.0,0.005495215,-1.0,1.0,0.0054631876,0.0
1,0,4,2,5.0,0.9252317,-inf,0.0,-1.0,-1.0,4.0,0.0,0.0,0.0,0.0,1.0,1.0,0.0,4.0,0.0,0.0,0.0,0.0,0.0,0.0,0.0,0.0,0.0,0.0,0.0,0.0,0.0,4606.0,127.05002,101.55002,4.25,5.0,-1.0,-inf,-1.0,0.0,0.0,0.0,0.0,0.0,-1.0,-1.0,-1.0,-1.0,-1.0,-1.0,5.0,-1.0,-1.0,-1.0,0.0,0.0,0.0,0.0,1.0,1.0,1.0,,-1.0,-1.0,-1.0,-inf,-inf,-inf,-1.0,-1.0,-1.0,-1.0,2.0,0.0,15.0,0.0,0.0,0.0,0.0,0.0,0.0,-1.0,-inf,-inf,-inf,0.0,0.0,0.0,0.0,0.0,0.0,-1.0,-inf,-inf,-inf,4535.0,0.0,2029.0,-1.0,-1.0,-1.0,754.0627,1850.0,-3573.3694,-inf,63.29302215576172,-inf,-inf,-inf,-inf,-inf,-inf,-inf,-1,-1.0,-inf,-inf,-inf,-inf,-inf,-inf,0.0,-1.0,-inf,-inf,-inf,-inf,-inf,-inf,20,4,0,1,1,0,1,0,1,63.29302215576172,-1.0,0.511998,-1.0,-inf,-inf,-inf,-inf,-inf,-inf,32.44747,-42.66951,34.60192,0,63.802963,11,1,0.0,1.0,0.0,0.0,0.0,0.0,1.0,0.0,2,216,-1.0,0.50855744,-0.66877,0.54232466,45.149994,-81.15001,311.45,-1.0,-1.0,26.0,0.92825115,-13.0,754.0627,1850.0,-3573.3694,91575.039001,20000109.0,63.34900665283203,-0.0,-1.0,-inf,-inf,-inf,-inf,-inf,-inf,0.0,0.0,0.0,0.0,0.0,-1.0,-inf,-inf,-inf,inf,inf,inf,inf,-inf,-inf,-inf,68.776245,-92.62627,320.7973,94641.352951,48.58046340942383,52.61207914029864,48.149994,-86.25,315.35,0.0,1.0,26.0,5.0,0.0,0.0,1.0,1.0,0.0,1.0,1.0,1.0,52.10110352989995,68.776245,-92.62627,320.7973,-1.0,0.5109756103986883,-1.0,-inf,-inf,-inf,-inf,-inf,-inf,65535.0,65535.0,16.954206,-42.89783,25.300215,-1.0,0.0,198.0,75.0,75.0,15.0,52.0,52.60960006713867,23.0,-13.0,754.0627,1850.0,-3573.3694,91575.039001,20000109.0,-11.0,1.0,60.356934,-81.59628,311.34573,-inf,-inf,-inf,63.34900665283203,-1.0,-inf,-inf,-inf,-inf,-inf,-inf,2.0,214.0,0.0,173.0,0.3222645,-0.8153993,0.4809049,48.149994,-86.25,315.35,94640.723344,20040719.0,3.0,38.0,-11.0,0.052612077,0.0005109989,60.356926,-81.5963,311.34573,68.77624,-92.62627,320.7973,0.016954206,-0.042897828,0.025300216,18.147581,20040719.0,20000109.0,1.0,0.052612077,-1.0,0.0,0.05299744,0.0
1,0,4,3,5.0,0.9252317,-inf,0.0,-1.0,-1.0,4.0,0.0,0.0,0.0,0.0,1.0,1.0,0.0,4.0,0.0,0.0,0.0,0.0,0.0,0.0,0.0,0.0,0.0,0.0,0.0,0.0,0.0,4606.0,127.05002,101.55002,4.25,5.0,-1.0,-inf,-1.0,0.0,0.0,0.0,0.0,0.0,-1.0,-1.0,-1.0,-1.0,-1.0,-1.0,5.0,-1.0,-1.0,-1.0,0.0,0.0,0.0,0.0,1.0,1.0,1.0,,-1.0,-1.0,-1.0,-inf,-inf,-inf,-1.0,-1.0,-1.0,-1.0,2.0,0.0,15.0,0.0,0.0,0.0,0.0,0.0,0.0,-1.0,-inf,-inf,-inf,0.0,0.0,0.0,0.0,0.0,0.0,-1.0,-inf,-inf,-inf,4535.0,0.0,2029.0,-1.0,-1.0,-1.0,754.0627,1850.0,-3573.3694,-inf,703.4425048828125,-inf,-inf,-inf,-inf,-inf,-inf,-inf,-1,840.8580159856574,-inf,-inf,840.8580322265625,844.2218017578125,1118.1939697265625,968.3114013671875,0.0,-1.0,-0.43428138,-0.35294846,0.82875025,45.149994,-80.850006,311.45,33,4,0,0,1,1,1,0,1,819.341796875,371.5796203613281,105.658,819.3417877352704,-inf,-inf,819.341796875,789.9141235351562,375.0502624511719,549.480712890625,-154.39345,-460.32047,780.2107,0,918.9456,13,2,0.0,0.0,0.8987395,0.06597312,0.035287328,0.0,0.06328738,0.9367126,1,4356,2.0246615409851074,-0.16801153,-0.50092244,0.84902817,127.05002,101.55002,4.25,-1.0,-1.0,23.0,0.9299377,-13.0,754.0627,1850.0,-3573.3694,91575.039001,20000109.0,794.2606201171875,-0.0,-1.0,-inf,-inf,-inf,-inf,-inf,-inf,0.0,0.0,0.0,0.0,0.0,-1.0,-inf,-inf,-inf,inf,inf,inf,inf,48.450012,-78.14998,304.85,60.356934,-81.59628,311.34573,94640.723344,793.731689453125,3922.34921080174,127.05002,101.55002,4.25,0.0,1.0,23.0,5.0,1.0,0.0,0.0,1.0,1.0,1.0,1.0,1.0,3816.6878106736367,48.450012,-78.14998,304.85,-1.0,105.66140012810312,-1.0,-inf,-inf,-inf,-inf,-inf,-inf,65535.0,65535.0,-554.276,-1662.003,3507.732,-1.0,0.0,4321.0,52.0,52.0,15.0,52.0,3920.92578125,23.0,0.0,754.0627,1850.0,-3573.3694,91575.039001,20000109.0,-13.0,2.0,754.0627,1850.0,-3573.3694,-inf,-inf,-inf,794.2606201171875,-1.0,-inf,-inf,-inf,-inf,-inf,-inf,1.0,4321.0,0.0,1856.0,-0.14136355,-0.42388025,0.8946183,127.05002,101.55002,4.25,91575.039001,20000109.0,0.0,3.0,-13.0,0.90000635,0.105658375,140.87804,99.453384,6.691918,60.356926,-81.5963,311.34573,-0.554276,-1.662003,3.507732,365.45084,20000109.0,20000000.0,0.0,3.9223492,-1.0,0.0,0.8029869,0.0
1,0,5,0,7.0,0.110971,-inf,0.0,-1.0,-1.0,5.0,0.0,1.0,1.0,0.0,1.0,1.0,0.0,4.0,0.0,0.0,0.0,0.0,0.0,0.0,0.0,0.0,0.0,0.0,0.0,0.0,0.0,93.0,-145.95001,-107.55,231.95001,7.0,-1.0,-inf,-1.0,0.0,0.0,0.0,0.0,0.0,-1.0,-1.0,-1.0,-1.0,-1.0,-1.0,7.0,-1.0,-1.0,-1.0,0.0,1.0,0.0,0.0,1.0,1.0,1.0,,-1.0,-1.0,-1.0,-inf,-inf,-inf,-1.0,-1.0,-1.0,-1.0,11.0,0.0,59.0,0.0,0.0,0.0,0.0,0.0,0.0,-1.0,-inf,-inf,-inf,0.0,0.0,0.0,0.0,0.0,0.0,-1.0,-inf,-inf,-inf,788.0,0.0,376.0,-1.0,-1.0,-1.0,273.33496,1850.0,-615.477,-inf,3.6071109771728516,-inf,-inf,-inf,-inf,-inf,-inf,-inf,-1,-1.0,-inf,-inf,-inf,-inf,-inf,-inf,0.0,-1.0,-inf,-inf,-inf,-inf,-inf,-inf,6,5,0,1,1,0,1,0,0,3.6071109771728516,-1.0,0.511998,-1.0,-inf,-inf,-inf,-inf,-inf,-inf,-2.5952687,-3.1145046,-0.51899827,0,4.087165,11,1,0.45473582,0.5452641,0.0,0.0,0.0,0.0,0.96717626,0.03282374,0,13,-1.0,-0.6349802,-0.76202077,-0.12698247,-141.45001,-152.25,167.75,-1.0,-1.0,53.0,0.9230769,0.0,-9223372000000.0,-9223372000000.0,-9223372000000.0,-9223372036854.775,4294967295.0,4.324808120727539,-0.0,-1.0,-inf,-inf,-inf,-inf,-inf,-inf,0.0,0.0,0.0,0.0,0.0,-1.0,-inf,-inf,-inf,inf,inf,inf,inf,-inf,-inf,-inf,-9223372000000.0,-9223372000000.0,-9223372000000.0,-9223372036854.775,3.3114914894104004,4.331340509845998,-9223372000000.0,-9223372000000.0,-9223372000000.0,0.0,1.0,53.0,7.0,0.0,0.0,1.0,1.0,0.0,1.0,1.0,0.0,4.330281611269855,-9223372000000.0,-9223372000000.0,-9223372000000.0,-1.0,0.0010588985761437267,-1.0,-inf,-inf,-inf,-inf,-inf,-inf,65535.0,65535.0,0.053032506,3.3809776,-2.7067857,-1.0,0.0,0.0,173.0,173.0,59.0,173.0,4.331340789794922,53.0,2112.0,-9223372000000.0,-9223372000000.0,-9223372000000.0,-9223372036854.775,20265053.0,22.0,0.0,-85.99541,-155.3026,169.3479,-inf,-inf,-inf,4.324808120727539,-1.0,-inf,-inf,-inf,-inf,-inf,-inf,4.0,12.0,0.0,8.0,0.0122439,0.7805845,-0.6249302,-9223372000000.0,-9223372000000.0,-9223372000000.0,-357026.066125,20265418.0,5.0,37.0,22.0,0.0043313405,0.0,-85.99541,-155.30261,169.34789,-85.880066,-162.0267,174.76752,5.3032505e-05,0.0033809775,-0.0027067857,17.735704,20265418.0,20265053.0,1.0,0.0043313405,-1.0,0.0,0.004320811,0.0
1,0,5,1,7.0,0.110971,-inf,0.0,-1.0,-1.0,5.0,0.0,1.0,1.0,0.0,1.0,1.0,0.0,4.0,0.0,0.0,0.0,0.0,0.0,0.0,0.0,0.0,0.0,0.0,0.0,0.0,0.0,93.0,-145.95001,-107.55,231.95001,7.0,-1.0,-inf,-1.0,0.0,0.0,0.0,0.0,0.0,-1.0,-1.0,-1.0,-1.0,-1.0,-1.0,7.0,-1.0,-1.0,-1.0,0.0,1.0,0.0,0.0,1.0,1.0,1.0,,-1.0,-1.0,-1.0,-inf,-inf,-inf,-1.0,-1.0,-1.0,-1.0,11.0,0.0,59.0,0.0,0.0,0.0,0.0,0.0,0.0,-1.0,-inf,-inf,-inf,0.0,0.0,0.0,0.0,0.0,0.0,-1.0,-inf,-inf,-inf,788.0,0.0,376.0,-1.0,-1.0,-1.0,273.33496,1850.0,-615.477,-inf,6.975473880767822,-inf,-inf,-inf,-inf,-inf,-inf,-inf,-1,-1.0,-inf,-inf,-inf,-inf,-inf,-inf,0.0,-1.0,-inf,-inf,-inf,-inf,-inf,-inf,12,5,0,1,1,0,1,0,0,6.975473880767822,-1.0,0.0,-1.0,-inf,-inf,-inf,-inf,-inf,-inf,-5.253247,-4.412624,-1.2607099,0,6.975474,22,0,0.60935426,0.3906457,0.0,0.0,0.0,0.0,0.98166436,0.018335663,0,14,-1.0,-0.7531025,-0.63259125,-0.18073466,-174.75,-100.350006,225.95001,-1.0,-1.0,55.0,0.9285714,0.0,-9223372000000.0,-9223372000000.0,-9223372000000.0,-9223372036854.775,4294967295.0,7.738901615142822,-0.0,-1.0,-inf,-inf,-inf,-inf,-inf,-inf,0.0,0.0,0.0,0.0,0.0,-1.0,-inf,-inf,-inf,inf,inf,inf,inf,-inf,-inf,-inf,-9223372000000.0,-9223372000000.0,-9223372000000.0,-9223372036854.775,5.925652027130127,6.217251177490205,-9223372000000.0,-9223372000000.0,-9223372000000.0,0.0,1.0,55.0,7.0,0.0,0.0,1.0,1.0,0.0,1.0,1.0,0.0,6.215499880700505,-9223372000000.0,-9223372000000.0,-9223372000000.0,-1.0,0.001751296789700297,-1.0,-inf,-inf,-inf,-inf,-inf,-inf,65535.0,65535.0,-5.8271303,-1.2472428,-1.7728924,-1.0,0.0,0.0,175.0,175.0,59.0,175.0,6.217250823974609,55.0,2112.0,-9223372000000.0,-9223372000000.0,-9223372000000.0,-9223372036854.775,20266477.0,22.0,0.0,-101.968414,-97.030716,230.77441,-inf,-inf,-inf,7.738901615142822,-1.0,-inf,-inf,-inf,-inf,-inf,-inf,4.0,13.0,0.0,14.0,-0.9372519,-0.20061003,-0.28515697,-9223372000000.0,-9223372000000.0,-9223372000000.0,-357027.691466,20266947.0,5.0,37.0,22.0,0.006217251,0.0,-101.968414,-97.03072,230.7744,-117.598694,-100.57591,226.57549,-0.0058271307,-0.0012472428,-0.0017728923,27.919033,20266947.0,20266477.0,1.0,0.006217251,-1.0,0.0,0.0062122075,0.0
1,0,5,2,7.0,0.110971,-inf,0.0,-1.0,-1.0,5.0,0.0,1.0,1.0,0.0,1.0,1.0,0.0,4.0,0.0,0.0,0.0,0.0,0.0,0.0,0.0,0.0,0.0,0.0,0.0,0.0,0.0,93.0,-145.95001,-107.55,231.95001,7.0,-1.0,-inf,-1.0,0.0,0.0,0.0,0.0,0.0,-1.0,-1.0,-1.0,-1.0,-1.0,-1.0,7.0,-1.0,-1.0,-1.0,0.0,1.0,0.0,0.0,1.0,1.0,1.0,,-1.0,-1.0,-1.0,-inf,-inf,-inf,-1.0,-1.0,-1.0,-1.0,11.0,0.0,59.0,0.0,0.0,0.0,0.0,0.0,0.0,-1.0,-inf,-inf,-inf,0.0,0.0,0.0,0.0,0.0,0.0,-1.0,-inf,-inf,-inf,788.0,0.0,376.0,-1.0,-1.0,-1.0,273.33496,1850.0,-615.477,-inf,3.980363368988037,-inf,-inf,-inf,-inf,-inf,-inf,-inf,-1,-1.0,-inf,-inf,-inf,-inf,-inf,-inf,0.0,-1.0,-inf,-inf,-inf,-inf,-inf,-inf,13,5,0,1,1,0,1,0,0,3.980363368988037,-1.0,0.0,-1.0,-inf,-inf,-inf,-inf,-inf,-inf,-2.298025,2.298142,-2.298025,0,3.9803636,22,0,0.5630075,0.4369925,0.0,0.0,0.0,0.0,0.9882407,0.011759241,0,12,-1.0,-0.5773405,0.57736987,-0.5773405,-148.95001,-104.850006,228.05002,-1.0,-1.0,54.0,1.0,0.0,-9223372000000.0,-9223372000000.0,-9223372000000.0,-9223372036854.775,4294967295.0,4.594292163848877,-0.0,-1.0,-inf,-inf,-inf,-inf,-inf,-inf,0.0,0.0,0.0,0.0,0.0,-1.0,-inf,-inf,-inf,inf,inf,inf,inf,-inf,-inf,-inf,-9223372000000.0,-9223372000000.0,-9223372000000.0,-9223372036854.775,3.5178349018096924,4.582741847357977,-9223372000000.0,-9223372000000.0,-9223372000000.0,0.0,1.0,54.0,7.0,0.0,0.0,1.0,1.0,0.0,1.0,1.0,0.0,4.581861326478341,-9223372000000.0,-9223372000000.0,-9223372000000.0,-1.0,0.000880520879635822,-1.0,-inf,-inf,-inf,-inf,-inf,-inf,65535.0,65535.0,-4.364152,0.8314991,-1.1244153,-1.0,0.0,0.0,174.0,174.0,59.0,174.0,4.582741737365723,54.0,2112.0,-9223372000000.0,-9223372000000.0,-9223372000000.0,-9223372036854.775,20265052.0,22.0,0.0,-88.53847,-106.511,229.27615,-inf,-inf,-inf,4.594292163848877,-1.0,-inf,-inf,-inf,-inf,-inf,-inf,4.0,12.0,0.0,9.0,-0.9523015,0.18144141,-0.24535865,-9223372000000.0,-9223372000000.0,-9223372000000.0,-357032.095811,20266479.0,5.0,37.0,22.0,0.0045827418,0.0,-88.53849,-106.51101,229.27615,-97.4265,-98.59101,224.95914,-0.004364152,0.0008314991,-0.0011244152,20.010399,20266479.0,20265052.0,1.0,0.0045827418,-1.0,0.0,0.0045672874,0.0
1,0,5,3,7.0,0.110971,-inf,0.0,-1.0,-1.0,5.0,0.0,1.0,1.0,0.0,1.0,1.0,0.0,4.0,0.0,0.0,0.0,0.0,0.0,0.0,0.0,0.0,0.0,0.0,0.0,0.0,0.0,93.0,-145.95001,-107.55,231.95001,7.0,-1.0,-inf,-1.0,0.0,0.0,0.0,0.0,0.0,-1.0,-1.0,-1.0,-1.0,-1.0,-1.0,7.0,-1.0,-1.0,-1.0,0.0,1.0,0.0,0.0,1.0,1.0,1.0,,-1.0,-1.0,-1.0,-inf,-inf,-inf,-1.0,-1.0,-1.0,-1.0,11.0,0.0,59.0,0.0,0.0,0.0,0.0,0.0,0.0,-1.0,-inf,-inf,-inf,0.0,0.0,0.0,0.0,0.0,0.0,-1.0,-inf,-inf,-inf,788.0,0.0,376.0,-1.0,-1.0,-1.0,273.33496,1850.0,-615.477,-inf,29.32804298400879,-inf,-inf,-inf,-inf,-inf,-inf,-inf,-1,67.94192420132784,-inf,-inf,26.97798728942871,30.20347023010254,67.94192504882812,51.57926940917969,0.0,-1.0,0.549918,0.38523647,-0.7410689,-143.85,-106.05,228.95001,52,5,0,1,1,0,1,0,1,67.94192504882812,3.957275390625,938.272,-1.0,-inf,-inf,-inf,-inf,-inf,-inf,186.37906,135.6364,-281.02972,0,363.4723,2212,4,0.0,0.0,0.044199117,0.2382864,0.71751446,0.0,0.9807408,0.019259239,1,54,-1.0,0.51277375,0.37316847,-0.7731806,-145.95001,-107.55,231.95001,-1.0,-1.0,33.0,0.87931037,2112.0,273.33496,1850.0,-615.477,-357119.893615,20000035.0,65.9823989868164,-0.0,-1.0,-inf,-inf,-inf,-inf,-inf,-inf,0.0,0.0,0.0,0.0,0.0,-1.0,-inf,-inf,-inf,inf,inf,inf,inf,-143.85,-106.04999,229.25,-90.88542,-107.91583,231.93304,-357031.61379699997,65.98239135742188,1004.2623978030991,-143.85,-106.04999,229.25,0.0,1.0,33.0,7.0,0.0,0.0,1.0,1.0,0.0,1.0,1.0,1.0,65.99038506306749,-143.85,-106.04999,229.25,-1.0,938.2720127400316,-1.0,-inf,-inf,-inf,-inf,-inf,-inf,65535.0,65535.0,-225.4905,-142.37955,238.89473,-1.0,0.0,55.0,118.0,118.0,59.0,9.223372036854776e+18,358.0343322753906,33.0,2112.0,-76.20232,-88.049576,225.31174,-357033.569793,20265052.0,2212.0,4.0,-88.53847,-106.511,229.27615,-inf,-inf,-inf,65.9823989868164,-1.0,-inf,-inf,-inf,-inf,-inf,-inf,1.0,55.0,0.0,22.0,-0.62980133,-0.3976701,0.6672397,-143.85,-106.04999,229.25,-357032.095811,20266475.0,5.0,54.0,2212.0,1.0042624,0.938272,-88.53849,-106.51101,229.27615,-90.88543,-107.915825,231.93303,-0.2254905,-0.14237955,0.23889473,3.8132246,20266475.0,20265052.0,1.0,1.0042624,-1.0,0.0,0.06598217,0.0
1,0,6,0,1.0,0.91443455,-inf,0.0,-1.0,-1.0,6.0,0.0,0.0,0.0,0.0,1.0,1.0,0.0,5.0,0.0,0.0,0.0,0.0,0.0,0.0,0.0,0.0,0.0,0.0,0.0,0.0,0.0,3838.0,81.75,199.95001,426.95,1.0,-1.0,-inf,-1.0,0.0,0.0,0.0,0.0,0.0,-1.0,-1.0,-1.0,-1.0,-1.0,-1.0,1.0,-1.0,-1.0,-1.0,0.0,0.0,0.0,0.0,1.0,1.0,1.0,,-1.0,-1.0,-1.0,-inf,-inf,-inf,-1.0,-1.0,-1.0,-1.0,9.0,0.0,2.0,0.0,0.0,0.0,0.0,0.0,0.0,-1.0,-inf,-inf,-inf,0.0,0.0,0.0,0.0,0.0,0.0,-1.0,-inf,-inf,-inf,3881.0,0.0,2210.0,-1.0,-1.0,-1.0,626.38257,1850.0,-189.004,-inf,204.8673095703125,-inf,-inf,-inf,-inf,-inf,-inf,-inf,-1,-1.0,-inf,-inf,-inf,-inf,-inf,-inf,0.0,-1.0,-inf,-inf,-inf,-inf,-inf,-inf,21,6,0,1,1,0,1,0,1,204.8673095703125,-1.0,0.511998,-1.0,-inf,-inf,-inf,-inf,-inf,-inf,0.0,-176.11362,105.66171,0,205.37868,11,1,0.0,1.0,0.0,0.0,0.0,0.0,1.0,0.0,3,842,-1.0,0.0,-0.8575068,0.51447266,55.350006,119.55002,455.75003,-1.0,-1.0,40.0,0.6357143,13.0,626.38257,1850.0,-189.004,111065.472167,20000015.0,188.53627014160156,-0.0,-1.0,-inf,-inf,-inf,-inf,-inf,-inf,0.0,0.0,0.0,0.0,0.0,-1.0,-inf,-inf,-inf,inf,inf,inf,inf,-inf,-inf,-inf,71.51465,106.46777,462.29355,111130.344484,218.39568722248077,282.1458544971049,55.350006,118.95001,456.95004,0.0,1.0,40.0,1.0,0.0,0.0,1.0,1.0,0.0,1.0,1.0,1.0,281.62856840460654,71.51465,106.46777,462.29355,-1.0,0.5172860924983658,-1.0,-inf,-inf,-inf,-inf,-inf,-inf,65535.0,65535.0,-67.395,-257.36755,93.946144,-1.0,0.0,699.0,144.0,144.0,2.0,39.0,282.1453857421875,19.0,13.0,626.38257,1850.0,-189.004,111065.472167,20000015.0,11.0,1.0,72.14862,119.26413,457.9924,-inf,-inf,-inf,188.53627014160156,-1.0,-inf,-inf,-inf,-inf,-inf,-inf,3.0,761.0,0.0,801.0,-0.2388662,-0.9121806,0.33297068,55.350006,118.95001,456.95004,111129.833334,20404137.0,,,,,,,,,,,,,,,,,,,,,,,
1,0,6,1,1.0,0.91443455,-inf,0.0,-1.0,-1.0,6.0,0.0,0.0,0.0,0.0,1.0,1.0,0.0,5.0,0.0,0.0,0.0,0.0,0.0,0.0,0.0,0.0,0.0,0.0,0.0,0.0,0.0,3838.0,81.75,199.95001,426.95,1.0,-1.0,-inf,-1.0,0.0,0.0,0.0,0.0,0.0,-1.0,-1.0,-1.0,-1.0,-1.0,-1.0,1.0,-1.0,-1.0,-1.0,0.0,0.0,0.0,0.0,1.0,1.0,1.0,,-1.0,-1.0,-1.0,-inf,-inf,-inf,-1.0,-1.0,-1.0,-1.0,9.0,0.0,2.0,0.0,0.0,0.0,0.0,0.0,0.0,-1.0,-inf,-inf,-inf,0.0,0.0,0.0,0.0,0.0,0.0,-1.0,-inf,-inf,-inf,3881.0,0.0,2210.0,-1.0,-1.0,-1.0,626.38257,1850.0,-189.004,-inf,3.346320867538452,-inf,-inf,-inf,-inf,-inf,-inf,-inf,-1,-1.0,-inf,-inf,-inf,-inf,-inf,-inf,0.0,-1.0,-inf,-inf,-inf,-inf,-inf,-inf,27,6,0,1,1,0,1,0,0,3.346320867538452,-1.0,0.511998,-1.0,-inf,-inf,-inf,-inf,-inf,-inf,-2.5494936,-2.5494936,1.2746172,0,3.8241973,11,1,0.0,1.0,0.0,0.0,0.0,0.0,1.0,0.0,3,10,-1.0,-0.6666742,-0.6666742,0.3333032,71.850006,171.45001,436.25003,-1.0,-1.0,37.0,0.6666667,13.0,626.38257,1850.0,-189.004,111065.472167,20000015.0,3.6958730220794678,-0.0,-1.0,-inf,-inf,-inf,-inf,-inf,-inf,0.0,0.0,0.0,0.0,0.0,-1.0,-inf,-inf,-inf,inf,inf,inf,inf,-inf,-inf,-inf,89.025696,172.29135,436.75833,111127.889327,9.183771133422852,9.783612024765505,72.75,173.54996,436.84998,0.0,1.0,37.0,1.0,0.0,0.0,1.0,1.0,0.0,1.0,1.0,0.0,9.272608009921228,89.025696,172.29135,436.75833,-1.0,0.5110040148442768,-1.0,-inf,-inf,-inf,-inf,-inf,-inf,65535.0,65535.0,-5.6061125,-7.2302074,3.4283447,-1.0,0.0,40.0,141.0,141.0,2.0,39.0,9.770257949829102,19.0,13.0,-9223372000000.0,-9223372000000.0,-9223372000000.0,-9223372036854.775,20000015.0,11.0,1.0,90.23483,174.73172,437.16803,-inf,-inf,-inf,3.6958730220794678,-1.0,-inf,-inf,-inf,-inf,-inf,-inf,3.0,15.0,0.0,15.0,-0.5737937,-0.7400222,0.35089603,72.75,173.54996,436.84998,111127.766441,20404105.0,,,,,,,,,,,,,,,,,,,,,,,
1,0,6,2,1.0,0.91443455,-inf,0.0,-1.0,-1.0,6.0,0.0,0.0,0.0,0.0,1.0,1.0,0.0,5.0,0.0,0.0,0.0,0.0,0.0,0.0,0.0,0.0,0.0,0.0,0.0,0.0,0.0,3838.0,81.75,199.95001,426.95,1.0,-1.0,-inf,-1.0,0.0,0.0,0.0,0.0,0.0,-1.0,-1.0,-1.0,-1.0,-1.0,-1.0,1.0,-1.0,-1.0,-1.0,0.0,0.0,0.0,0.0,1.0,1.0,1.0,,-1.0,-1.0,-1.0,-inf,-inf,-inf,-1.0,-1.0,-1.0,-1.0,9.0,0.0,2.0,0.0,0.0,0.0,0.0,0.0,0.0,-1.0,-inf,-inf,-inf,0.0,0.0,0.0,0.0,0.0,0.0,-1.0,-inf,-inf,-inf,3881.0,0.0,2210.0,-1.0,-1.0,-1.0,626.38257,1850.0,-189.004,-inf,5.257223606109619,-inf,-inf,-inf,-inf,-inf,-inf,-inf,-1,-1.0,-inf,-inf,-inf,-inf,-inf,-inf,0.0,-1.0,-inf,-inf,-inf,-inf,-inf,-inf,28,6,0,1,1,0,1,0,0,5.257223606109619,-1.0,0.511998,-1.0,-inf,-inf,-inf,-inf,-inf,-inf,4.710333,-1.4720662,-2.9440722,0,5.7464576,11,1,0.0,1.0,0.0,0.0,0.0,0.0,1.0,0.0,3,17,-1.0,0.8196933,-0.25616932,-0.5123282,66.45001,161.55002,442.25003,-1.0,-1.0,38.0,0.84210527,13.0,626.38257,1850.0,-189.004,111065.472167,20000015.0,6.410852432250977,-0.0,-1.0,-inf,-inf,-inf,-inf,-inf,-inf,0.0,0.0,0.0,0.0,0.0,-1.0,-inf,-inf,-inf,inf,inf,inf,inf,-inf,-inf,-inf,83.80884,162.54346,442.52716,111128.331154,8.227288246154785,9.816154335359775,68.850006,162.15,441.05,0.0,1.0,38.0,1.0,0.0,0.0,1.0,1.0,0.0,1.0,1.0,0.0,9.305153576606664,83.80884,162.54346,442.52716,-1.0,0.5110007587531117,-1.0,-inf,-inf,-inf,-inf,-inf,-inf,65535.0,65535.0,-5.4124374,-7.1196485,4.013962,-1.0,0.0,34.0,142.0,142.0,2.0,39.0,9.802845001220703,19.0,13.0,-9223372000000.0,-9223372000000.0,-9223372000000.0,-9223372036854.775,20000015.0,11.0,1.0,86.43173,163.17648,441.45856,-inf,-inf,-inf,6.410852432250977,-1.0,-inf,-inf,-inf,-inf,-inf,-inf,3.0,18.0,0.0,18.0,-0.55212927,-0.7262839,0.40946907,68.850006,162.15,441.05,111128.196833,20404110.0,,,,,,,,,,,,,,,,,,,,,,,
1,0,6,3,1.0,0.91443455,-inf,0.0,-1.0,-1.0,6.0,0.0,0.0,0.0,0.0,1.0,1.0,0.0,5.0,0.0,0.0,0.0,0.0,0.0,0.0,0.0,0.0,0.0,0.0,0.0,0.0,0.0,3838.0,81.75,199.95001,426.95,1.0,-1.0,-inf,-1.0,0.0,0.0,0.0,0.0,0.0,-1.0,-1.0,-1.0,-1.0,-1.0,-1.0,1.0,-1.0,-1.0,-1.0,0.0,0.0,0.0,0.0,1.0,1.0,1.0,,-1.0,-1.0,-1.0,-inf,-inf,-inf,-1.0,-1.0,-1.0,-1.0,9.0,0.0,2.0,0.0,0.0,0.0,0.0,0.0,0.0,-1.0,-inf,-inf,-inf,0.0,0.0,0.0,0.0,0.0,0.0,-1.0,-inf,-inf,-inf,3881.0,0.0,2210.0,-1.0,-1.0,-1.0,626.38257,1850.0,-189.004,-inf,6.324064254760742,-inf,-inf,-inf,-inf,-inf,-inf,-inf,-1,-1.0,-inf,-inf,-inf,-inf,-inf,-inf,0.0,-1.0,-inf,-inf,-inf,-inf,-inf,-inf,29,6,0,1,1,0,1,0,0,6.324064254760742,-1.0,0.511998,-1.0,-inf,-inf,-inf,-inf,-inf,-inf,1.6761557,-6.576055,-0.64467525,0,6.8168616,11,1,0.0,1.0,0.0,0.0,0.0,0.0,1.0,0.0,3,23,-1.0,0.24588378,-0.96467483,-0.09457068,22.950012,19.950012,490.25003,-1.0,-1.0,42.0,0.7777778,13.0,626.38257,1850.0,-189.004,111065.472167,20000015.0,5.0603156089782715,-0.0,-1.0,-inf,-inf,-inf,-inf,-inf,-inf,0.0,0.0,0.0,0.0,0.0,-1.0,-inf,-inf,-inf,inf,inf,inf,inf,-inf,-inf,-inf,40.643738,18.229858,494.54654,111133.601463,8.913578987121582,9.451119761062394,23.850006,22.049988,489.95004,0.0,1.0,42.0,1.0,0.0,0.0,1.0,1.0,0.0,1.0,1.0,0.0,8.940129220854097,40.643738,18.229858,494.54654,-1.0,0.5109905402082964,-1.0,-inf,-inf,-inf,-inf,-inf,-inf,65535.0,65535.0,-1.9830115,-9.219785,0.3546633,-1.0,0.0,56.0,146.0,146.0,2.0,39.0,9.437295913696289,19.0,13.0,-9223372000000.0,-9223372000000.0,-9223372000000.0,-9223372036854.775,20000015.0,11.0,1.0,41.0495,22.179749,494.44168,-inf,-inf,-inf,5.0603156089782715,-1.0,-inf,-inf,-inf,-inf,-inf,-inf,3.0,25.0,0.0,20.0,-0.21012497,-0.97695196,0.03758103,23.850006,22.049988,489.95004,111133.44587099999,20404174.0,,,,,,,,,,,,,,,,,,,,,,,
1,0,6,4,1.0,0.91443455,-inf,0.0,-1.0,-1.0,6.0,0.0,0.0,0.0,0.0,1.0,1.0,0.0,5.0,0.0,0.0,0.0,0.0,0.0,0.0,0.0,0.0,0.0,0.0,0.0,0.0,0.0,3838.0,81.75,199.95001,426.95,1.0,-1.0,-inf,-1.0,0.0,0.0,0.0,0.0,0.0,-1.0,-1.0,-1.0,-1.0,-1.0,-1.0,1.0,-1.0,-1.0,-1.0,0.0,0.0,0.0,0.0,1.0,1.0,1.0,,-1.0,-1.0,-1.0,-inf,-inf,-inf,-1.0,-1.0,-1.0,-1.0,9.0,0.0,2.0,0.0,0.0,0.0,0.0,0.0,0.0,-1.0,-inf,-inf,-inf,0.0,0.0,0.0,0.0,0.0,0.0,-1.0,-inf,-inf,-inf,3881.0,0.0,2210.0,-1.0,-1.0,-1.0,626.38257,1850.0,-189.004,-inf,609.7212524414062,-inf,-inf,-inf,-inf,-inf,-inf,-inf,-1,555.7582074738403,-inf,-inf,555.7581787109375,565.5902709960938,823.8992919921875,693.3176879882812,0.0,-1.0,-0.29950607,-0.90039223,0.31557864,10.350006,-17.549988,504.35,57,6,0,0,1,1,1,0,1,612.7920532226562,243.12014770507812,105.658,612.7920495251373,-inf,-inf,612.7920532226562,584.64453125,238.74168395996094,371.6112976074219,-216.62216,-634.5772,235.3581,0,710.6383,13,2,0.0,0.0,0.8303281,0.09713221,0.0725397,0.0,0.087684266,0.9123157,1,2946,2.116805076599121,-0.30482757,-0.8929679,0.3311925,81.75,199.95001,426.95,-1.0,-1.0,19.0,0.91789335,13.0,626.38257,1850.0,-189.004,111065.472167,20000015.0,658.7335205078125,-0.0,-1.0,-inf,-inf,-inf,-inf,-inf,-inf,0.0,0.0,0.0,0.0,0.0,-1.0,-inf,-inf,-inf,inf,inf,inf,inf,10.350006,-16.950012,504.65,-22542.355,-50000.0,21847.545,113113.337684,545.2080078125,4960.168953586766,81.75,199.95001,426.95,0.0,1.0,19.0,1.0,1.0,0.0,0.0,1.0,1.0,1.0,1.0,1.0,4854.499430421218,10.350006,-16.950012,504.65,-1.0,105.66952316554872,-1.0,-inf,-inf,-inf,-inf,-inf,-inf,65535.0,65535.0,-1425.517,-4450.965,1657.988,-1.0,0.0,2917.0,39.0,39.0,2.0,39.0,4959.04345703125,19.0,0.0,626.38257,1850.0,-189.004,111065.472167,20000015.0,13.0,2.0,626.38257,1850.0,-189.004,-inf,-inf,-inf,658.7335205078125,-1.0,-inf,-inf,-inf,-inf,-inf,-inf,1.0,2917.0,0.0,1211.0,-0.28745806,-0.89754504,0.33433625,81.75,199.95001,426.95,111065.472167,20000015.0,0.0,60.0,13.0,4.7523346,3.8375168,99.81569,203.73225,426.3471,27.600748,-16.807703,509.4,-1.425517,-4.450965,1.657988,246.48584,20000015.0,20000000.0,0.0,4.960169,-1.0,0.0,0.9051483,0.0
1,0,7,0,6.0,0.8522848,-inf,0.0,-1.0,-1.0,7.0,0.0,0.0,1.0,0.0,1.0,0.0,0.0,2.0,0.0,0.0,0.0,0.0,0.0,0.0,0.0,0.0,0.0,0.0,0.0,0.0,0.0,866.0,-17.850006,-41.850006,417.05002,6.0,-1.0,-inf,-1.0,0.0,0.0,0.0,0.0,0.0,-1.0,-1.0,-1.0,-1.0,-1.0,-1.0,6.0,-1.0,-1.0,-1.0,0.0,0.0,0.0,0.0,1.0,0.0,1.0,,-1.0,-1.0,-1.0,-inf,-inf,-inf,-1.0,-1.0,-1.0,-1.0,2.0,0.0,16.0,0.0,0.0,0.0,0.0,0.0,0.0,-1.0,-inf,-inf,-inf,0.0,0.0,0.0,0.0,0.0,0.0,-1.0,-inf,-inf,-inf,877.0,0.0,1588.0,-1.0,-1.0,-1.0,1083.1218,1850.0,3487.2358,-inf,1.0240099430084229,-inf,-inf,-inf,-inf,-inf,-inf,-inf,-1,-1.0,-inf,-inf,-inf,-inf,-inf,-inf,0.0,-1.0,-inf,-inf,-inf,-inf,-inf,-inf,25,7,0,0,1,0,0,0,0,1.0240099430084229,-1.0,0.511998,-1.0,-inf,-inf,-inf,-inf,-inf,-inf,0.0,-1.2952905,-0.6476122,0,1.448164,11,1,0.0,1.0,0.0,0.0,0.0,0.0,1.0,0.0,3,5,-1.0,0.0,-0.89443636,-0.4471954,-27.450012,-63.75,384.65002,-1.0,-1.0,24.0,0.0023980816,13.0,1083.1218,1850.0,3487.2358,1403256.8370969999,20000111.0,143.3725128173828,-0.0,-1.0,-inf,-inf,-inf,-inf,-inf,-inf,0.0,0.0,0.0,0.0,0.0,-1.0,-inf,-inf,-inf,inf,inf,inf,inf,-33.450012,-76.95,360.95,-56.121094,-696.92615,-565.19495,1403421.696985,143.37240600585938,4373.1200019997195,-17.850006,-41.850006,417.05,0.0,1.0,24.0,6.0,1.0,0.0,0.0,1.0,1.0,0.0,1.0,1.0,4267.467023385641,-33.450012,-76.95,360.95,-1.0,105.65297861407778,-1.0,-inf,-inf,-inf,-inf,-inf,-inf,65535.0,65535.0,-1013.03,-2244.229,-3612.509,-1.0,0.0,831.0,53.0,53.0,16.0,53.0,4371.84375,24.0,0.0,1083.1218,1850.0,3487.2358,1403256.8370969999,20000111.0,13.0,2.0,1083.1218,1850.0,3487.2358,-inf,-inf,-inf,143.3725128173828,-1.0,-inf,-inf,-inf,-inf,-inf,-inf,1.0,831.0,0.0,1542.0,-0.23171689,-0.51333696,-0.8263125,-17.850006,-41.850006,417.05,1403256.8370969999,20000111.0,0.0,41.0,13.0,2.313065,1.5845106,201.3,-41.802383,417.341,137.75304,-203.73225,154.51114,-1.01303,-2.244229,-3.612509,315.2778,20000111.0,20000000.0,0.0,4.37312,-1.0,0.0,0.5670603,0.0
1,0,7,1,6.0,0.8522848,-inf,0.0,-1.0,-1.0,7.0,0.0,0.0,1.0,0.0,1.0,0.0,0.0,2.0,0.0,0.0,0.0,0.0,0.0,0.0,0.0,0.0,0.0,0.0,0.0,0.0,0.0,866.0,-17.850006,-41.850006,417.05002,6.0,-1.0,-inf,-1.0,0.0,0.0,0.0,0.0,0.0,-1.0,-1.0,-1.0,-1.0,-1.0,-1.0,6.0,-1.0,-1.0,-1.0,0.0,0.0,0.0,0.0,1.0,0.0,1.0,,-1.0,-1.0,-1.0,-inf,-inf,-inf,-1.0,-1.0,-1.0,-1.0,2.0,0.0,16.0,0.0,0.0,0.0,0.0,0.0,0.0,-1.0,-inf,-inf,-inf,0.0,0.0,0.0,0.0,0.0,0.0,-1.0,-inf,-inf,-inf,877.0,0.0,1588.0,-1.0,-1.0,-1.0,1083.1218,1850.0,3487.2358,-inf,127.84712219238281,-inf,-inf,-inf,-inf,-inf,-inf,-inf,-1,194.39914967455647,-inf,-inf,182.73675537109375,194.39915466308594,357.3330993652344,283.0473327636719,0.0,-1.0,-0.21718164,-0.5106821,-0.831887,-33.450012,-76.95,361.25003,55,7,0,0,1,1,0,0,1,850.5686645507812,68.03013610839844,139.57,850.5686782130998,-inf,-inf,880.272216796875,850.5686645507812,418.65435791015625,603.87109375,-238.61943,-513.3348,-800.27686,0,980.25244,211,3,0.0,0.0,0.120162606,0.86022735,0.019610047,0.0,0.45866612,0.5413339,1,861,1.7995643615722656,-0.24342652,-0.5236761,-0.81639874,-17.850006,-41.850006,417.05002,-1.0,-1.0,24.0,0.89686096,13.0,1083.1218,1850.0,3487.2358,1403256.8370969999,20000111.0,143.3725128173828,-0.0,-1.0,-inf,-inf,-inf,-inf,-inf,-inf,0.0,0.0,0.0,0.0,0.0,-1.0,-inf,-inf,-inf,inf,inf,inf,inf,-33.450012,-76.95,360.95,-56.121094,-696.92615,-565.19495,1403421.696985,143.37240600585938,4373.1200019997195,-17.850006,-41.850006,417.05,0.0,1.0,24.0,6.0,1.0,0.0,0.0,1.0,1.0,0.0,1.0,1.0,4267.467023385641,-33.450012,-76.95,360.95,-1.0,105.65297861407778,-1.0,-inf,-inf,-inf,-inf,-inf,-inf,65535.0,65535.0,-1013.03,-2244.229,-3612.509,-1.0,0.0,831.0,53.0,53.0,16.0,53.0,4371.84375,24.0,0.0,1083.1218,1850.0,3487.2358,1403256.8370969999,20000111.0,13.0,2.0,1083.1218,1850.0,3487.2358,-inf,-inf,-inf,143.3725128173828,-1.0,-inf,-inf,-inf,-inf,-inf,-inf,1.0,831.0,0.0,1542.0,-0.23171689,-0.51333696,-0.8263125,-17.850006,-41.850006,417.05,1403256.8370969999,20000111.0,0.0,41.0,13.0,2.313065,1.5845106,201.3,-41.802383,417.341,137.75304,-203.73225,154.51114,-1.01303,-2.244229,-3.612509,315.2778,20000111.0,20000000.0,0.0,4.37312,-1.0,0.0,0.5670603,0.0
1,0,8,0,3.0,0.95028955,-inf,0.0,-1.0,-1.0,8.0,0.0,0.0,0.0,0.0,1.0,1.0,0.0,2.0,0.0,0.0,0.0,0.0,0.0,0.0,0.0,0.0,0.0,0.0,0.0,0.0,0.0,2018.0,-110.55,-65.25,504.95004,3.0,-1.0,-inf,-1.0,0.0,0.0,0.0,0.0,0.0,-1.0,-1.0,-1.0,-1.0,-1.0,-1.0,3.0,-1.0,-1.0,-1.0,0.0,0.0,0.0,0.0,1.0,1.0,1.0,,-1.0,-1.0,-1.0,-inf,-inf,-inf,-1.0,-1.0,-1.0,-1.0,2.0,0.0,5.0,0.0,0.0,0.0,0.0,0.0,0.0,-1.0,-inf,-inf,-inf,0.0,0.0,0.0,0.0,0.0,0.0,-1.0,-inf,-inf,-inf,2023.0,0.0,1021.0,-1.0,-1.0,-1.0,977.6359,1850.0,1971.325,-inf,8.904735565185547,-inf,-inf,-inf,-inf,-inf,-inf,-inf,-1,-1.0,-inf,-inf,-inf,-inf,-inf,-inf,0.0,-1.0,-inf,-inf,-inf,-inf,-inf,-inf,26,8,0,1,1,0,1,0,0,8.904735565185547,-1.0,0.511998,-1.0,-inf,-inf,-inf,-inf,-inf,-inf,0.0,-0.0002391354,-9.402804,0,9.402804,11,1,0.0,1.0,0.0,0.0,0.0,0.0,1.0,0.0,3,31,-1.0,0.0,-2.543235e-05,-1.0,-153.15001,-159.75,434.45,-1.0,-1.0,31.0,0.93939394,-13.0,977.6359,1850.0,1971.325,-303913.67425499996,20000043.0,10.416205406188965,-0.0,-1.0,-inf,-inf,-inf,-inf,-inf,-inf,0.0,0.0,0.0,0.0,0.0,-1.0,-inf,-inf,-inf,inf,inf,inf,inf,-inf,-inf,-inf,-105.63374,-160.18399,434.2621,-303821.45821,12.836297035217285,20.915802236196953,-153.15,-159.75,434.45,0.0,1.0,31.0,3.0,0.0,0.0,1.0,1.0,0.0,1.0,1.0,0.0,20.404855676538872,-105.63374,-160.18399,434.2621,-1.0,0.5109465596580803,-1.0,-inf,-inf,-inf,-inf,-inf,-inf,65535.0,65535.0,-4.590519,-17.487795,-10.50304,-1.0,0.0,68.0,107.0,107.0,5.0,42.0,20.90955924987793,21.0,-13.0,977.6359,1850.0,1971.325,-303913.67425499996,20000043.0,11.0,1.0,-107.5932,-157.25858,437.30365,-inf,-inf,-inf,10.416205406188965,-1.0,-inf,-inf,-inf,-inf,-inf,-inf,3.0,33.0,0.0,33.0,-0.21954164,-0.8363541,-0.5023081,-153.15,-159.75,434.45,-303821.654667,20231989.0,,,,,,,,,,,,,,,,,,,,,,,
1,0,8,1,3.0,0.95028955,-inf,0.0,-1.0,-1.0,8.0,0.0,0.0,0.0,0.0,1.0,1.0,0.0,2.0,0.0,0.0,0.0,0.0,0.0,0.0,0.0,0.0,0.0,0.0,0.0,0.0,0.0,2018.0,-110.55,-65.25,504.95004,3.0,-1.0,-inf,-1.0,0.0,0.0,0.0,0.0,0.0,-1.0,-1.0,-1.0,-1.0,-1.0,-1.0,3.0,-1.0,-1.0,-1.0,0.0,0.0,0.0,0.0,1.0,1.0,1.0,,-1.0,-1.0,-1.0,-inf,-inf,-inf,-1.0,-1.0,-1.0,-1.0,2.0,0.0,5.0,0.0,0.0,0.0,0.0,0.0,0.0,-1.0,-inf,-inf,-inf,0.0,0.0,0.0,0.0,0.0,0.0,-1.0,-inf,-inf,-inf,2023.0,0.0,1021.0,-1.0,-1.0,-1.0,977.6359,1850.0,1971.325,-inf,350.533935546875,-inf,-inf,-inf,-inf,-inf,-inf,-inf,-1,420.4641482071327,-inf,-inf,420.4641418457031,432.4662170410156,670.9586181640625,554.7754516601562,0.0,-1.0,-0.34068877,-0.7627509,-0.5496745,-174.15001,-199.95001,405.95,56,8,0,0,1,1,1,0,1,996.2003784179688,180.42550659179688,105.658,996.2003702382129,-inf,-inf,996.2003784179688,966.0556030273438,505.0860900878906,709.0886840820312,-384.12177,-825.24445,-611.84174,0,1096.7809,13,2,0.0,0.0,0.93088883,0.066311195,0.0027999626,0.0,0.02235715,0.9776429,1,1987,2.691152811050415,-0.35022655,-0.7524242,-0.5578523,-110.55,-65.25,504.95004,-1.0,-1.0,21.0,0.9504659,-13.0,977.6359,1850.0,1971.325,-303913.67425499996,20000043.0,380.4125671386719,-0.0,-1.0,-inf,-inf,-inf,-inf,-inf,-inf,0.0,0.0,0.0,0.0,0.0,-1.0,-inf,-inf,-inf,inf,inf,inf,inf,-174.15,-199.95,405.95,-184.85098,-538.56494,174.54312,-299308.63576,375.5521545410156,1556.0300480935553,-110.54999,-65.25,504.95004,0.0,1.0,21.0,3.0,1.0,0.0,0.0,1.0,1.0,1.0,1.0,1.0,1450.3713495873174,-174.15,-199.95,405.95,-1.0,105.6586985062378,-1.0,-inf,-inf,-inf,-inf,-inf,-inf,65535.0,65535.0,-616.69,-1139.741,-854.839,-1.0,0.0,1990.0,42.0,42.0,5.0,42.0,1552.4385986328125,21.0,0.0,977.6359,1850.0,1971.325,-303913.67425499996,20000043.0,-13.0,2.0,977.6359,1850.0,1971.325,-inf,-inf,-inf,380.4125671386719,-1.0,-inf,-inf,-inf,-inf,-inf,-inf,1.0,1990.0,0.0,988.0,-0.39723954,-0.7341617,-0.5506427,-110.54999,-65.25,504.95004,-303913.67425499996,20000043.0,0.0,3.0,-13.0,0.88024545,0.46234864,-61.755875,-62.80607,509.4,-127.83714,-203.73225,403.41687,-0.61669,-1.139741,-0.854839,188.37764,20000043.0,20000000.0,0.0,1.55603,-1.0,0.0,0.39096087,0.0
1,0,9,0,,,,,,,,,,,,,,,,,,,,,,,,,,,,,,,,,,,,,,,,,,,,,,,,,,,,,,,,,,,,,,,,,,,,,,,,,,,,,,,,,,,,,,,,,,,,,,,,,,,,,,-inf,94.11054992675781,-inf,-inf,-inf,-inf,-inf,-inf,-inf,-1,149.69012432962674,-inf,-inf,149.69012451171875,160.4999237060547,305.2890930175781,239.89817810058594,0.0,-1.0,0.3437936,0.93851566,0.03153199,-209.25,199.65,57.950005,45,9,0,0,0,1,0,0,1,675.09716796875,52.6631965637207,105.658,675.0971490968003,-inf,-inf,675.09716796875,646.4928588867188,277.77459716796875,424.00048828125,265.38467,726.3579,19.752073,0,773.5729,13,2,0.0,0.0,0.8140015,0.16143036,0.024568131,0.0,0.049787454,0.95021254,1,302,1.6383570432662964,0.3430636,0.9389651,0.025533566,-227.25,150.45001,56.450005,-1.0,-1.0,,,,,,,,,,,,,,,,,,,,,,,,,,,,,,,,,,,,,,,,,,,,,,,,,,,,,,,,,,,,,,,,,,,,,,,,,,,,,,,,,,,,,,,,,,,,,,,,,,,,,,,,,,,,,,,,,,,,,,,,,,,,,,,,,,,,,,,,,,
1,1,0,0,10.0,0.6958998,-inf,0.0,-1.0,-1.0,0.0,0.0,0.0,1.0,0.0,1.0,0.0,0.0,3.0,0.0,0.0,0.0,0.0,0.0,0.0,0.0,0.0,0.0,0.0,0.0,0.0,0.0,1870.0,-32.850006,-65.55,177.65,10.0,-1.0,-inf,-1.0,0.0,0.0,0.0,0.0,0.0,-1.0,-1.0,-1.0,-1.0,-1.0,-1.0,10.0,-1.0,-1.0,-1.0,0.0,0.0,0.0,0.0,1.0,1.0,1.0,,-1.0,-1.0,-1.0,-inf,-inf,-inf,-1.0,-1.0,-1.0,-1.0,5.0,0.0,47.0,0.0,0.0,0.0,0.0,0.0,0.0,-1.0,-inf,-inf,-inf,0.0,0.0,0.0,0.0,0.0,0.0,-1.0,-inf,-inf,-inf,2597.0,0.0,2377.0,-1.0,-1.0,-1.0,1522.2698,1850.0,146.42279,-inf,17.649097442626953,-inf,-inf,-inf,-inf,-inf,-inf,-inf,-1,-1.0,-inf,-inf,-inf,-inf,-inf,-inf,0.0,-1.0,-inf,-inf,-inf,-inf,-inf,-inf,0,0,0,1,1,0,1,0,0,17.649097442626953,-1.0,0.511998,-1.0,-inf,-inf,-inf,-inf,-inf,-inf,8.923608,-6.9586926,-14.19539,0,18.153877,11,1,0.0,1.0,0.0,0.0,0.0,0.0,1.0,0.0,3,71,-1.0,0.4915538,-0.38331714,-0.7819481,31.950012,9.149994,168.95001,-1.0,-1.0,41.0,0.55128205,13.0,1522.2698,1850.0,146.42279,426559.75634699996,20000168.0,11.915831565856934,-0.0,-1.0,-inf,-inf,-inf,-inf,-inf,-inf,0.0,0.0,0.0,0.0,0.0,-1.0,-inf,-inf,-inf,inf,inf,inf,inf,-inf,-inf,-inf,99.065704,6.010681,166.5434,426637.604132,11.981208801269531,13.190490468609058,33.149994,10.049988,170.15,0.0,1.0,41.0,10.0,0.0,0.0,1.0,1.0,0.0,1.0,1.0,0.0,12.67949313961423,99.065704,6.010681,166.5434,-1.0,0.5109973289948275,-1.0,-inf,-inf,-inf,-inf,-inf,-inf,65535.0,65535.0,-5.899129,-11.776151,-0.5004731,-1.0,0.0,75.0,174.0,174.0,47.0,59.0,13.180588722229004,15.0,13.0,1522.2698,1850.0,146.42279,426559.75634699996,20000168.0,11.0,1.0,100.502716,10.067993,169.80933,-inf,-inf,-inf,11.915831565856934,-1.0,-inf,-inf,-inf,-inf,-inf,-inf,3.0,50.0,0.0,45.0,-0.44756186,-0.8934465,-0.037970465,33.149994,10.049988,170.15,426637.396371,20300361.0,,,,,,,,,,,,,,,,,,,,,,,
1,1,0,1,10.0,0.6958998,-inf,0.0,-1.0,-1.0,0.0,0.0,0.0,1.0,0.0,1.0,0.0,0.0,3.0,0.0,0.0,0.0,0.0,0.0,0.0,0.0,0.0,0.0,0.0,0.0,0.0,0.0,1870.0,-32.850006,-65.55,177.65,10.0,-1.0,-inf,-1.0,0.0,0.0,0.0,0.0,0.0,-1.0,-1.0,-1.0,-1.0,-1.0,-1.0,10.0,-1.0,-1.0,-1.0,0.0,0.0,0.0,0.0,1.0,1.0,1.0,,-1.0,-1.0,-1.0,-inf,-inf,-inf,-1.0,-1.0,-1.0,-1.0,5.0,0.0,47.0,0.0,0.0,0.0,0.0,0.0,0.0,-1.0,-inf,-inf,-inf,0.0,0.0,0.0,0.0,0.0,0.0,-1.0,-inf,-inf,-inf,2597.0,0.0,2377.0,-1.0,-1.0,-1.0,1522.2698,1850.0,146.42279,-inf,13.52260684967041,-inf,-inf,-inf,-inf,-inf,-inf,-inf,-1,-1.0,-inf,-inf,-inf,-inf,-inf,-inf,0.0,-1.0,-inf,-inf,-inf,-inf,-inf,-inf,1,0,0,1,1,0,1,0,0,13.52260684967041,-1.0,0.511998,-1.0,-inf,-inf,-inf,-inf,-inf,-inf,7.4383445,11.888762,0.19065449,0,14.025262,11,1,0.0,1.0,0.0,0.0,0.0,0.0,1.0,0.0,3,44,-1.0,0.5303533,0.8476677,0.013593648,71.25,53.549988,165.95001,-1.0,-1.0,40.0,0.42028984,13.0,1522.2698,1850.0,146.42279,426559.75634699996,20000168.0,16.716474533081055,-0.0,-1.0,-inf,-inf,-inf,-inf,-inf,-inf,0.0,0.0,0.0,0.0,0.0,-1.0,-inf,-inf,-inf,inf,inf,inf,inf,-inf,-inf,-inf,138.70303,52.253784,164.34229,426635.599666,18.585890769958496,21.272039696186376,72.45001,55.350006,166.55002,0.0,1.0,40.0,10.0,0.0,0.0,1.0,1.0,0.0,1.0,1.0,0.0,20.76101382061458,138.70303,52.253784,164.34229,-1.0,0.5110258755717981,-1.0,-inf,-inf,-inf,-inf,-inf,-inf,65535.0,65535.0,-10.651613,-17.86967,4.410956,-1.0,0.0,64.0,173.0,173.0,47.0,59.0,21.265899658203125,15.0,13.0,1522.2698,1850.0,146.42279,426559.75634699996,20000168.0,11.0,1.0,139.44064,55.34543,166.75848,-inf,-inf,-inf,16.716474533081055,-1.0,-inf,-inf,-inf,-inf,-inf,-inf,3.0,54.0,0.0,62.0,-0.5008776,-0.840297,0.2074192,72.45001,55.350006,166.55002,426635.39793599996,20300339.0,,,,,,,,,,,,,,,,,,,,,,,
1,1,0,2,10.0,0.6958998,-inf,0.0,-1.0,-1.0,0.0,0.0,0.0,1.0,0.0,1.0,0.0,0.0,3.0,0.0,0.0,0.0,0.0,0.0,0.0,0.0,0.0,0.0,0.0,0.0,0.0,0.0,1870.0,-32.850006,-65.55,177.65,10.0,-1.0,-inf,-1.0,0.0,0.0,0.0,0.0,0.0,-1.0,-1.0,-1.0,-1.0,-1.0,-1.0,10.0,-1.0,-1.0,-1.0,0.0,0.0,0.0,0.0,1.0,1.0,1.0,,-1.0,-1.0,-1.0,-inf,-inf,-inf,-1.0,-1.0,-1.0,-1.0,5.0,0.0,47.0,0.0,0.0,0.0,0.0,0.0,0.0,-1.0,-inf,-inf,-inf,0.0,0.0,0.0,0.0,0.0,0.0,-1.0,-inf,-inf,-inf,2597.0,0.0,2377.0,-1.0,-1.0,-1.0,1522.2698,1850.0,146.42279,-inf,508.0328369140625,-inf,-inf,-inf,-inf,-inf,-inf,-inf,-1,587.8020012328531,-inf,-inf,587.802001953125,597.0529174804688,858.6242065429688,725.2236328125,0.0,-1.0,0.64163697,0.7663655,-0.031397533,134.55002,129.15,162.95001,64,0,0,0,1,1,0,0,1,1203.9625244140625,257.81744384765625,105.658,1203.962570437081,-inf,-inf,1203.9625244140625,1173.2218017578125,669.3027954101562,901.90869140625,850.11865,983.5455,-117.80955,0,1305.3514,13,2,0.0,0.0,0.8749213,0.11683499,0.008243673,0.0,0.026290176,0.9737098,1,1755,1.49392569065094,0.6512565,0.7534718,-0.09025121,-32.850006,-65.55,177.65,-1.0,-1.0,15.0,0.7265494,13.0,1522.2698,1850.0,146.42279,426559.75634699996,20000168.0,766.33447265625,-0.0,-1.0,-inf,-inf,-inf,-inf,-inf,-inf,0.0,0.0,0.0,0.0,0.0,-1.0,-inf,-inf,-inf,inf,inf,inf,inf,-27.450012,-199.65,194.45001,-548.7683,-640.38934,261.6614,426668.93082899996,744.6475219726562,3424.448238100414,134.55002,129.15,162.95001,0.0,1.0,15.0,10.0,1.0,0.0,0.0,1.0,1.0,1.0,1.0,1.0,3318.7896585669473,-27.450012,-199.65,194.45001,-1.0,105.65857953346672,-1.0,-inf,-inf,-inf,-inf,-inf,-inf,65535.0,65535.0,-2060.204,-2733.307,16.564,-1.0,0.0,2368.0,59.0,59.0,47.0,59.0,3422.81787109375,15.0,0.0,1522.2698,1850.0,146.42279,426559.75634699996,20000168.0,13.0,2.0,1522.2698,1850.0,146.42279,-inf,-inf,-inf,766.33447265625,-1.0,-inf,-inf,-inf,-inf,-inf,-inf,1.0,2368.0,0.0,2131.0,-0.6019029,-0.7985546,0.004839287,134.55002,129.15,162.95001,426559.75634699996,20000168.0,0.0,41.0,13.0,2.0263708,0.96667767,201.3,129.13782,163.03038,-96.7549,-203.73225,194.37894,-2.060204,-2.733307,0.016564,448.20377,20000168.0,20000000.0,0.0,3.4244483,-1.0,1.0,1.0390537,0.0
1,1,1,0,10.0,0.28094155,-inf,0.0,-1.0,-1.0,1.0,0.0,0.0,1.0,0.0,1.0,0.0,0.0,3.0,0.0,0.0,0.0,0.0,0.0,0.0,0.0,0.0,0.0,0.0,0.0,0.0,0.0,777.0,33.149994,-137.55,185.45001,10.0,-1.0,-inf,-1.0,0.0,0.0,0.0,0.0,0.0,-1.0,-1.0,-1.0,-1.0,-1.0,-1.0,10.0,-1.0,-1.0,-1.0,0.0,0.0,0.0,0.0,1.0,1.0,1.0,,-1.0,-1.0,-1.0,-inf,-inf,-inf,-1.0,-1.0,-1.0,-1.0,5.0,0.0,47.0,0.0,0.0,0.0,0.0,0.0,0.0,-1.0,-inf,-inf,-inf,0.0,0.0,0.0,0.0,0.0,0.0,-1.0,-inf,-inf,-inf,2597.0,0.0,2377.0,-1.0,-1.0,-1.0,1522.2698,1850.0,146.42279,-inf,34.030574798583984,-inf,-inf,-inf,-inf,-inf,-inf,-inf,-1,-1.0,-inf,-inf,-inf,-inf,-inf,-inf,0.0,-1.0,-inf,-inf,-inf,-inf,-inf,-inf,2,1,0,0,1,0,1,0,1,34.030574798583984,-1.0,0.511998,-1.0,-inf,-inf,-inf,-inf,-inf,-inf,-17.983084,-29.482035,-0.58783364,0,34.53878,11,1,0.0,1.0,0.0,0.0,0.0,0.0,1.0,0.0,3,133,-1.0,-0.52066356,-0.8535922,-0.017019525,-11.850006,-185.25,191.15,-1.0,-1.0,43.0,0.7,13.0,1522.2698,1850.0,146.42279,426559.75634699996,20000168.0,34.68669128417969,-0.0,-1.0,-inf,-inf,-inf,-inf,-inf,-inf,0.0,0.0,0.0,0.0,0.0,-1.0,-inf,-inf,-inf,inf,inf,inf,inf,-inf,-inf,-inf,-79.309494,-191.53516,192.46951,426646.54456799995,35.971291065216064,46.60196143064361,-12.75,-184.65,192.05002,0.0,1.0,43.0,10.0,0.0,0.0,0.0,1.0,0.0,1.0,1.0,1.0,46.09096267323825,-79.309494,-191.53516,192.46951,-1.0,0.5109987574053603,-1.0,-inf,-inf,-inf,-inf,-inf,-inf,65535.0,65535.0,-28.519297,-36.17391,7.041287,-1.0,0.0,103.0,176.0,176.0,47.0,59.0,46.599159240722656,15.0,13.0,1522.2698,1850.0,146.42279,426559.75634699996,20000168.0,11.0,1.0,-75.932465,-182.64482,191.48819,-inf,-inf,-inf,34.68669128417969,-1.0,-inf,-inf,-inf,-inf,-inf,-inf,3.0,105.0,0.0,109.0,-0.6120131,-0.77627814,0.1511033,-12.75,-184.65,192.05002,426646.172021,20300448.0,,,,,,,,,,,,,,,,,,,,,,,
1,1,1,1,10.0,0.28094155,-inf,0.0,-1.0,-1.0,1.0,0.0,0.0,1.0,0.0,1.0,0.0,0.0,3.0,0.0,0.0,0.0,0.0,0.0,0.0,0.0,0.0,0.0,0.0,0.0,0.0,0.0,777.0,33.149994,-137.55,185.45001,10.0,-1.0,-inf,-1.0,0.0,0.0,0.0,0.0,0.0,-1.0,-1.0,-1.0,-1.0,-1.0,-1.0,10.0,-1.0,-1.0,-1.0,0.0,0.0,0.0,0.0,1.0,1.0,1.0,,-1.0,-1.0,-1.0,-inf,-inf,-inf,-1.0,-1.0,-1.0,-1.0,5.0,0.0,47.0,0.0,0.0,0.0,0.0,0.0,0.0,-1.0,-inf,-inf,-inf,0.0,0.0,0.0,0.0,0.0,0.0,-1.0,-inf,-inf,-inf,2597.0,0.0,2377.0,-1.0,-1.0,-1.0,1522.2698,1850.0,146.42279,-inf,4.221475124359131,-inf,-inf,-inf,-inf,-inf,-inf,-inf,-1,-1.0,-inf,-inf,-inf,-inf,-inf,-inf,0.0,-1.0,-inf,-inf,-inf,-inf,-inf,-inf,35,1,0,0,1,0,0,0,0,4.221475124359131,-1.0,0.511998,-1.0,-inf,-inf,-inf,-inf,-inf,-inf,-3.3274333,0.0,-3.3274333,0,4.7057014,11,1,0.0,1.0,0.0,0.0,0.0,0.0,1.0,0.0,3,19,-1.0,-0.70710677,0.0,-0.70710677,26.25,-142.05,186.65,-1.0,-1.0,42.0,0.95,13.0,1522.2698,1850.0,146.42279,426559.75634699996,20000168.0,7.645952224731445,-0.0,-1.0,-inf,-inf,-inf,-inf,-inf,-inf,0.0,0.0,0.0,0.0,0.0,-1.0,-inf,-inf,-inf,inf,inf,inf,inf,-inf,-inf,-inf,-40.96518,-143.23315,186.33475,426644.459637,9.486374855041504,10.663514365485149,25.950012,-142.35,186.65,0.0,1.0,42.0,10.0,0.0,0.0,0.0,1.0,0.0,0.0,1.0,0.0,10.152521332992727,-40.96518,-143.23315,186.33475,-1.0,0.5109930324924229,-1.0,-inf,-inf,-inf,-inf,-inf,-inf,65535.0,65535.0,-8.864171,-5.3541217,2.491843,-1.0,0.0,37.0,175.0,175.0,47.0,59.0,10.651264190673828,15.0,13.0,1522.2698,1850.0,146.42279,426559.75634699996,20000168.0,11.0,1.0,-37.53543,-143.07324,186.24579,-inf,-inf,-inf,7.645952224731445,-1.0,-inf,-inf,-inf,-inf,-inf,-inf,3.0,20.0,0.0,30.0,-0.83221775,-0.50267476,0.2339481,25.950012,-142.35,186.65,426644.31641599996,20300428.0,,,,,,,,,,,,,,,,,,,,,,,
1,1,1,2,10.0,0.28094155,-inf,0.0,-1.0,-1.0,1.0,0.0,0.0,1.0,0.0,1.0,0.0,0.0,3.0,0.0,0.0,0.0,0.0,0.0,0.0,0.0,0.0,0.0,0.0,0.0,0.0,0.0,777.0,33.149994,-137.55,185.45001,10.0,-1.0,-inf,-1.0,0.0,0.0,0.0,0.0,0.0,-1.0,-1.0,-1.0,-1.0,-1.0,-1.0,10.0,-1.0,-1.0,-1.0,0.0,0.0,0.0,0.0,1.0,1.0,1.0,,-1.0,-1.0,-1.0,-inf,-inf,-inf,-1.0,-1.0,-1.0,-1.0,5.0,0.0,47.0,0.0,0.0,0.0,0.0,0.0,0.0,-1.0,-inf,-inf,-inf,0.0,0.0,0.0,0.0,0.0,0.0,-1.0,-inf,-inf,-inf,2597.0,0.0,2377.0,-1.0,-1.0,-1.0,1522.2698,1850.0,146.42279,-inf,184.8177490234375,-inf,-inf,-inf,-inf,-inf,-inf,-inf,-1,224.99876621905545,-inf,-inf,224.99876403808594,237.3606414794922,419.7456359863281,335.5896301269531,0.0,-1.0,-0.6971968,-0.7096754,0.10137838,-27.75,-199.95001,194.15,65,1,0,0,1,1,0,0,1,580.6673583984375,87.98102569580078,105.658,580.6673455540993,-inf,-inf,580.6673583984375,552.7872924804688,219.41241455078125,345.12921142578125,-468.27615,-485.58862,69.282166,0,678.1437,13,2,0.0,0.0,0.91419166,0.08008759,0.00572078,0.0,0.014654644,0.9853453,1,625,1.8380188941955566,-0.6905264,-0.71605563,0.10216443,33.149994,-137.55,185.45001,-1.0,-1.0,15.0,0.26074135,13.0,1522.2698,1850.0,146.42279,426559.75634699996,20000168.0,766.33447265625,-0.0,-1.0,-inf,-inf,-inf,-inf,-inf,-inf,0.0,0.0,0.0,0.0,0.0,-1.0,-inf,-inf,-inf,inf,inf,inf,inf,-27.450012,-199.65,194.45001,-548.7683,-640.38934,261.6614,426668.93082899996,744.6475219726562,3424.448238100414,134.55002,129.15,162.95001,0.0,1.0,15.0,10.0,1.0,0.0,0.0,1.0,1.0,1.0,1.0,1.0,3318.7896585669473,-27.450012,-199.65,194.45001,-1.0,105.65857953346672,-1.0,-inf,-inf,-inf,-inf,-inf,-inf,65535.0,65535.0,-2060.204,-2733.307,16.564,-1.0,0.0,2368.0,59.0,59.0,47.0,59.0,3422.81787109375,15.0,0.0,1522.2698,1850.0,146.42279,426559.75634699996,20000168.0,13.0,2.0,1522.2698,1850.0,146.42279,-inf,-inf,-inf,766.33447265625,-1.0,-inf,-inf,-inf,-inf,-inf,-inf,1.0,2368.0,0.0,2131.0,-0.6019029,-0.7985546,0.004839287,134.55002,129.15,162.95001,426559.75634699996,20000168.0,0.0,41.0,13.0,2.0263708,0.96667767,201.3,129.13782,163.03038,-96.7549,-203.73225,194.37894,-2.060204,-2.733307,0.016564,448.20377,20000168.0,20000000.0,0.0,3.4244483,-1.0,1.0,1.0390537,0.0
1,1,2,0,12.0,0.8825107,-inf,0.0,-1.0,-1.0,2.0,0.0,0.0,0.0,0.0,1.0,1.0,0.0,9.0,0.0,0.0,0.0,0.0,0.0,0.0,0.0,0.0,0.0,0.0,0.0,0.0,0.0,5216.0,106.95001,199.95001,233.15002,12.0,-1.0,-inf,-1.0,0.0,0.0,0.0,0.0,0.0,-1.0,-1.0,-1.0,-1.0,-1.0,-1.0,12.0,-1.0,-1.0,-1.0,0.0,0.0,0.0,0.0,1.0,1.0,1.0,,-1.0,-1.0,-1.0,-inf,-inf,-inf,-1.0,-1.0,-1.0,-1.0,8.0,0.0,62.0,0.0,0.0,0.0,0.0,0.0,0.0,-1.0,-inf,-inf,-inf,0.0,0.0,0.0,0.0,0.0,0.0,-1.0,-inf,-inf,-inf,5311.0,0.0,2018.0,-1.0,-1.0,-1.0,248.34052,1850.0,46.35692,-inf,10.671822547912598,-inf,-inf,-inf,-inf,-inf,-inf,-inf,-1,-1.0,-inf,-inf,-inf,-inf,-inf,-inf,0.0,-1.0,-inf,-inf,-inf,-inf,-inf,-inf,3,2,0,1,1,0,1,0,0,10.671822547912598,-1.0,0.511998,-1.0,-inf,-inf,-inf,-inf,-inf,-inf,-1.2188487,-10.758059,2.7557714,0,11.172094,11,1,0.45995307,0.54004693,0.0,0.0,0.0,0.0,0.92873967,0.07126037,0,41,-1.0,-0.10909761,-0.9629402,0.2466656,82.649994,114.75,220.55002,-1.0,-1.0,32.0,0.23780487,13.0,248.34052,1850.0,46.35692,145010.263732,20000201.0,57.80322265625,-0.0,-1.0,-inf,-inf,-inf,-inf,-inf,-inf,0.0,0.0,0.0,0.0,0.0,-1.0,-inf,-inf,-inf,inf,inf,inf,inf,-inf,-inf,-inf,120.436615,197.68674,235.37622,145066.112099,56.130502462387085,116.2903162172368,103.649994,199.95001,232.55002,0.0,1.0,32.0,12.0,0.0,0.0,0.0,1.0,0.0,1.0,1.0,1.0,115.78050102530054,120.436615,197.68674,235.37622,-1.0,0.5098151919362676,-1.0,-inf,-inf,-inf,-inf,-inf,-inf,65535.0,65535.0,-8.082829,-113.66134,23.215189,-1.0,0.0,94.0,141.0,141.0,62.0,74.0,116.28919982910156,17.0,13.0,248.34052,1850.0,46.35692,145010.263732,20000201.0,11.0,1.0,130.80368,218.60126,231.53748,-inf,-inf,-inf,57.80322265625,-1.0,-inf,-inf,-inf,-inf,-inf,-inf,3.0,162.0,0.0,203.0,-0.06950628,-0.9774024,0.19963324,103.649994,199.95001,232.55002,145065.191837,20207668.0,,,,,,,,,,,,,,,,,,,,,,,
1,1,2,1,12.0,0.8825107,-inf,0.0,-1.0,-1.0,2.0,0.0,0.0,0.0,0.0,1.0,1.0,0.0,9.0,0.0,0.0,0.0,0.0,0.0,0.0,0.0,0.0,0.0,0.0,0.0,0.0,0.0,5216.0,106.95001,199.95001,233.15002,12.0,-1.0,-inf,-1.0,0.0,0.0,0.0,0.0,0.0,-1.0,-1.0,-1.0,-1.0,-1.0,-1.0,12.0,-1.0,-1.0,-1.0,0.0,0.0,0.0,0.0,1.0,1.0,1.0,,-1.0,-1.0,-1.0,-inf,-inf,-inf,-1.0,-1.0,-1.0,-1.0,8.0,0.0,62.0,0.0,0.0,0.0,0.0,0.0,0.0,-1.0,-inf,-inf,-inf,0.0,0.0,0.0,0.0,0.0,0.0,-1.0,-inf,-inf,-inf,5311.0,0.0,2018.0,-1.0,-1.0,-1.0,248.34052,1850.0,46.35692,-inf,26.26095962524414,-inf,-inf,-inf,-inf,-inf,-inf,-inf,-1,-1.0,-inf,-inf,-inf,-inf,-inf,-inf,0.0,-1.0,-inf,-inf,-inf,-inf,-inf,-inf,15,2,0,0,1,0,1,0,1,26.26095962524414,-1.0,0.511998,-1.0,-inf,-inf,-inf,-inf,-inf,-inf,0.0,-23.942265,11.970675,0,26.76806,11,1,0.0,1.0,0.0,0.0,0.0,0.0,1.0,0.0,3,131,-1.0,0.0,-0.89443403,0.44719994,84.75,-191.85,277.55002,-1.0,-1.0,38.0,0.73333335,13.0,248.34052,1850.0,46.35692,145010.263732,20000201.0,32.44316864013672,-0.0,-1.0,-inf,-inf,-inf,-inf,-inf,-inf,0.0,0.0,0.0,0.0,0.0,-1.0,-inf,-inf,-inf,inf,inf,inf,inf,-inf,-inf,-inf,107.125275,-196.93626,280.78424,145079.249896,30.482757568359375,37.09412464503248,85.95001,-193.95,279.95,0.0,1.0,38.0,12.0,0.0,0.0,0.0,1.0,0.0,1.0,1.0,1.0,36.583174074141844,107.125275,-196.93626,280.78424,-1.0,0.5109505708906387,-1.0,-inf,-inf,-inf,-inf,-inf,-inf,65535.0,65535.0,-2.3444498,-35.587975,10.18394,-1.0,0.0,155.0,147.0,147.0,62.0,74.0,37.090606689453125,17.0,13.0,248.34052,1850.0,46.35692,145010.263732,20000201.0,11.0,1.0,107.73224,-192.00606,276.33234,-inf,-inf,-inf,32.44316864013672,-1.0,-inf,-inf,-inf,-inf,-inf,-inf,3.0,129.0,0.0,87.0,-0.06320872,-0.95948756,0.27456924,85.95001,-193.95,279.95,145079.00003199998,20207827.0,,,,,,,,,,,,,,,,,,,,,,,
1,1,2,2,12.0,0.8825107,-inf,0.0,-1.0,-1.0,2.0,0.0,0.0,0.0,0.0,1.0,1.0,0.0,9.0,0.0,0.0,0.0,0.0,0.0,0.0,0.0,0.0,0.0,0.0,0.0,0.0,0.0,5216.0,106.95001,199.95001,233.15002,12.0,-1.0,-inf,-1.0,0.0,0.0,0.0,0.0,0.0,-1.0,-1.0,-1.0,-1.0,-1.0,-1.0,12.0,-1.0,-1.0,-1.0,0.0,0.0,0.0,0.0,1.0,1.0,1.0,,-1.0,-1.0,-1.0,-inf,-inf,-inf,-1.0,-1.0,-1.0,-1.0,8.0,0.0,62.0,0.0,0.0,0.0,0.0,0.0,0.0,-1.0,-inf,-inf,-inf,0.0,0.0,0.0,0.0,0.0,0.0,-1.0,-inf,-inf,-inf,5311.0,0.0,2018.0,-1.0,-1.0,-1.0,248.34052,1850.0,46.35692,-inf,0.7724704146385193,-inf,-inf,-inf,-inf,-inf,-inf,-inf,-1,-1.0,-inf,-inf,-inf,-inf,-inf,-inf,0.0,-1.0,-inf,-inf,-inf,-inf,-inf,-inf,37,2,0,1,1,0,1,0,0,0.7724704146385193,-1.0,0.511998,-1.0,-inf,-inf,-inf,-inf,-inf,-inf,-0.83298177,0.0,-0.83298177,0,1.1780142,11,1,0.0,1.0,0.0,0.0,0.0,0.0,1.0,0.0,3,3,-1.0,-0.70710677,0.0,-0.70710677,105.75,187.35,235.55002,-1.0,-1.0,32.0,0.018518519,13.0,248.34052,1850.0,46.35692,145010.263732,20000201.0,57.80322265625,-0.0,-1.0,-inf,-inf,-inf,-inf,-inf,-inf,0.0,0.0,0.0,0.0,0.0,-1.0,-inf,-inf,-inf,inf,inf,inf,inf,-inf,-inf,-inf,120.436615,197.68674,235.37622,145066.112099,56.130502462387085,116.2903162172368,103.649994,199.95001,232.55002,0.0,1.0,32.0,12.0,0.0,0.0,0.0,1.0,0.0,1.0,1.0,1.0,115.78050102530054,120.436615,197.68674,235.37622,-1.0,0.5098151919362676,-1.0,-inf,-inf,-inf,-inf,-inf,-inf,65535.0,65535.0,-8.082829,-113.66134,23.215189,-1.0,0.0,94.0,141.0,141.0,62.0,74.0,116.28919982910156,17.0,13.0,248.34052,1850.0,46.35692,145010.263732,20000201.0,11.0,1.0,130.80368,218.60126,231.53748,-inf,-inf,-inf,57.80322265625,-1.0,-inf,-inf,-inf,-inf,-inf,-inf,3.0,162.0,0.0,203.0,-0.06950628,-0.9774024,0.19963324,103.649994,199.95001,232.55002,145065.191837,20207668.0,,,,,,,,,,,,,,,,,,,,,,,
1,1,2,3,12.0,0.8825107,-inf,0.0,-1.0,-1.0,2.0,0.0,0.0,0.0,0.0,1.0,1.0,0.0,9.0,0.0,0.0,0.0,0.0,0.0,0.0,0.0,0.0,0.0,0.0,0.0,0.0,0.0,5216.0,106.95001,199.95001,233.15002,12.0,-1.0,-inf,-1.0,0.0,0.0,0.0,0.0,0.0,-1.0,-1.0,-1.0,-1.0,-1.0,-1.0,12.0,-1.0,-1.0,-1.0,0.0,0.0,0.0,0.0,1.0,1.0,1.0,,-1.0,-1.0,-1.0,-inf,-inf,-inf,-1.0,-1.0,-1.0,-1.0,8.0,0.0,62.0,0.0,0.0,0.0,0.0,0.0,0.0,-1.0,-inf,-inf,-inf,0.0,0.0,0.0,0.0,0.0,0.0,-1.0,-inf,-inf,-inf,5311.0,0.0,2018.0,-1.0,-1.0,-1.0,248.34052,1850.0,46.35692,-inf,4.67822790145874,-inf,-inf,-inf,-inf,-inf,-inf,-inf,-1,-1.0,-inf,-inf,-inf,-inf,-inf,-inf,0.0,-1.0,-inf,-inf,-inf,-inf,-inf,-inf,38,2,0,1,1,0,1,0,0,4.67822790145874,-1.0,0.511998,-1.0,-inf,-inf,-inf,-inf,-inf,-inf,4.61959,-2.3099124,0.0,0,5.164911,11,1,0.0,1.0,0.0,0.0,0.0,0.0,1.0,0.0,3,24,-1.0,0.8944181,-0.4472318,0.0,102.75,142.05002,238.85,-1.0,-1.0,33.0,0.42857143,13.0,248.34052,1850.0,46.35692,145010.263732,20000201.0,3.872652053833008,-0.0,-1.0,-inf,-inf,-inf,-inf,-inf,-inf,0.0,0.0,0.0,0.0,0.0,-1.0,-inf,-inf,-inf,inf,inf,inf,inf,-inf,-inf,-inf,127.42264,142.24805,239.10486,145067.857205,9.484914779663086,13.351055099116373,104.25,141.75,238.85,0.0,1.0,33.0,12.0,0.0,0.0,1.0,1.0,0.0,1.0,1.0,0.0,12.840066575409573,127.42264,142.24805,239.10486,-1.0,0.5109885237068007,-1.0,-inf,-inf,-inf,-inf,-inf,-inf,65535.0,65535.0,-3.9100251,-12.316735,3.316519,-1.0,0.0,37.0,142.0,142.0,62.0,74.0,13.341273307800293,17.0,13.0,248.34052,1850.0,46.35692,145010.263732,20000201.0,11.0,1.0,125.858,143.69806,239.51462,-inf,-inf,-inf,3.872652053833008,-1.0,-inf,-inf,-inf,-inf,-inf,-inf,3.0,16.0,0.0,35.0,-0.29307735,-0.9232054,0.24859089,104.25,141.75,238.85,145067.71105399998,20207700.0,,,,,,,,,,,,,,,,,,,,,,,
1,1,2,4,12.0,0.8825107,-inf,0.0,-1.0,-1.0,2.0,0.0,0.0,0.0,0.0,1.0,1.0,0.0,9.0,0.0,0.0,0.0,0.0,0.0,0.0,0.0,0.0,0.0,0.0,0.0,0.0,0.0,5216.0,106.95001,199.95001,233.15002,12.0,-1.0,-inf,-1.0,0.0,0.0,0.0,0.0,0.0,-1.0,-1.0,-1.0,-1.0,-1.0,-1.0,12.0,-1.0,-1.0,-1.0,0.0,0.0,0.0,0.0,1.0,1.0,1.0,,-1.0,-1.0,-1.0,-inf,-inf,-inf,-1.0,-1.0,-1.0,-1.0,8.0,0.0,62.0,0.0,0.0,0.0,0.0,0.0,0.0,-1.0,-inf,-inf,-inf,0.0,0.0,0.0,0.0,0.0,0.0,-1.0,-inf,-inf,-inf,5311.0,0.0,2018.0,-1.0,-1.0,-1.0,248.34052,1850.0,46.35692,-inf,11.788347244262695,-inf,-inf,-inf,-inf,-inf,-inf,-inf,-1,-1.0,-inf,-inf,-inf,-inf,-inf,-inf,0.0,-1.0,-inf,-inf,-inf,-inf,-inf,-inf,39,2,0,1,1,0,1,0,0,11.788347244262695,-1.0,0.511998,-1.0,-inf,-inf,-inf,-inf,-inf,-inf,-9.711136,-6.9210997,-2.9712923,0,12.289685,11,1,0.0,1.0,0.0,0.0,0.0,0.0,1.0,0.0,3,43,-1.0,-0.7901859,-0.56316334,-0.24177125,99.149994,88.05002,244.85,-1.0,-1.0,34.0,0.6268657,13.0,248.34052,1850.0,46.35692,145010.263732,20000201.0,15.43958854675293,-0.0,-1.0,-inf,-inf,-inf,-inf,-inf,-inf,0.0,0.0,0.0,0.0,0.0,-1.0,-inf,-inf,-inf,inf,inf,inf,inf,-inf,-inf,-inf,118.88516,85.80588,243.4808,145069.760736,21.15218734741211,26.87599095367277,99.45001,92.55002,245.15,0.0,1.0,34.0,12.0,0.0,0.0,1.0,1.0,0.0,1.0,1.0,0.0,26.364962105085887,118.88516,85.80588,243.4808,-1.0,0.5110288485868819,-1.0,-inf,-inf,-inf,-inf,-inf,-inf,65535.0,65535.0,3.288506,-26.20971,4.928957,-1.0,0.0,123.0,143.0,143.0,62.0,74.0,26.871131896972656,17.0,13.0,248.34052,1850.0,46.35692,145010.263732,20000201.0,11.0,1.0,122.64783,93.14227,245.38803,-inf,-inf,-inf,15.43958854675293,-1.0,-inf,-inf,-inf,-inf,-inf,-inf,3.0,66.0,0.0,73.0,0.12238063,-0.97538537,0.18342945,99.45001,92.55002,245.15,145069.41299399998,20207710.0,,,,,,,,,,,,,,,,,,,,,,,
1,1,2,5,12.0,0.8825107,-inf,0.0,-1.0,-1.0,2.0,0.0,0.0,0.0,0.0,1.0,1.0,0.0,9.0,0.0,0.0,0.0,0.0,0.0,0.0,0.0,0.0,0.0,0.0,0.0,0.0,0.0,5216.0,106.95001,199.95001,233.15002,12.0,-1.0,-inf,-1.0,0.0,0.0,0.0,0.0,0.0,-1.0,-1.0,-1.0,-1.0,-1.0,-1.0,12.0,-1.0,-1.0,-1.0,0.0,0.0,0.0,0.0,1.0,1.0,1.0,,-1.0,-1.0,-1.0,-inf,-inf,-inf,-1.0,-1.0,-1.0,-1.0,8.0,0.0,62.0,0.0,0.0,0.0,0.0,0.0,0.0,-1.0,-inf,-inf,-inf,0.0,0.0,0.0,0.0,0.0,0.0,-1.0,-inf,-inf,-inf,5311.0,0.0,2018.0,-1.0,-1.0,-1.0,248.34052,1850.0,46.35692,-inf,7.764337539672852,-inf,-inf,-inf,-inf,-inf,-inf,-inf,-1,-1.0,-inf,-inf,-inf,-inf,-inf,-inf,0.0,-1.0,-inf,-inf,-inf,-inf,-inf,-inf,40,2,0,1,1,0,1,0,0,7.764337539672852,-1.0,0.511998,-1.0,-inf,-inf,-inf,-inf,-inf,-inf,-2.9306602,-7.3267493,-2.4424486,0,8.260483,11,1,0.0,1.0,0.0,0.0,0.0,0.0,1.0,0.0,3,28,-1.0,-0.3547807,-0.8869637,-0.29567865,98.850006,67.350006,249.65002,-1.0,-1.0,35.0,0.6944444,13.0,248.34052,1850.0,46.35692,145010.263732,20000201.0,8.489045143127441,-0.0,-1.0,-inf,-inf,-inf,-inf,-inf,-inf,0.0,0.0,0.0,0.0,0.0,-1.0,-inf,-inf,-inf,inf,inf,inf,inf,-inf,-inf,-inf,122.726074,66.845215,250.39023,145070.367679,10.548585891723633,11.074946562253123,99.149994,67.350006,250.24997,0.0,1.0,35.0,12.0,0.0,0.0,1.0,1.0,0.0,1.0,1.0,0.0,10.563951893887396,122.726074,66.845215,250.39023,-1.0,0.5109946683657278,-1.0,-inf,-inf,-inf,-inf,-inf,-inf,65535.0,65535.0,1.7836027,-10.384049,3.3739603,-1.0,0.0,59.0,144.0,144.0,62.0,74.0,11.063152313232422,17.0,13.0,248.34052,1850.0,46.35692,145010.263732,20000201.0,11.0,1.0,121.30347,69.5488,248.08572,-inf,-inf,-inf,8.489045143127441,-1.0,-inf,-inf,-inf,-inf,-inf,-inf,3.0,33.0,0.0,22.0,0.16122012,-0.9386158,0.30497277,99.149994,67.350006,250.24997,145070.206806,20207722.0,,,,,,,,,,,,,,,,,,,,,,,
1,1,2,6,12.0,0.8825107,-inf,0.0,-1.0,-1.0,2.0,0.0,0.0,0.0,0.0,1.0,1.0,0.0,9.0,0.0,0.0,0.0,0.0,0.0,0.0,0.0,0.0,0.0,0.0,0.0,0.0,0.0,5216.0,106.95001,199.95001,233.15002,12.0,-1.0,-inf,-1.0,0.0,0.0,0.0,0.0,0.0,-1.0,-1.0,-1.0,-1.0,-1.0,-1.0,12.0,-1.0,-1.0,-1.0,0.0,0.0,0.0,0.0,1.0,1.0,1.0,,-1.0,-1.0,-1.0,-inf,-inf,-inf,-1.0,-1.0,-1.0,-1.0,8.0,0.0,62.0,0.0,0.0,0.0,0.0,0.0,0.0,-1.0,-inf,-inf,-inf,0.0,0.0,0.0,0.0,0.0,0.0,-1.0,-inf,-inf,-inf,5311.0,0.0,2018.0,-1.0,-1.0,-1.0,248.34052,1850.0,46.35692,-inf,2.9063479900360107,-inf,-inf,-inf,-inf,-inf,-inf,-inf,-1,-1.0,-inf,-inf,-inf,-inf,-inf,-inf,0.0,-1.0,-inf,-inf,-inf,-inf,-inf,-inf,41,2,0,1,1,0,1,0,0,2.9063479900360107,-1.0,0.511998,-1.0,-inf,-inf,-inf,-inf,-inf,-inf,2.3261096,-2.3261359,-0.775405,0,3.379785,11,1,0.0,1.0,0.0,0.0,0.0,0.0,1.0,0.0,3,10,-1.0,0.6882419,-0.68824965,-0.22942434,92.55002,-28.950012,258.65002,-1.0,-1.0,36.0,0.64285713,13.0,248.34052,1850.0,46.35692,145010.263732,20000201.0,3.553248167037964,-0.0,-1.0,-inf,-inf,-inf,-inf,-inf,-inf,0.0,0.0,0.0,0.0,0.0,-1.0,-inf,-inf,-inf,inf,inf,inf,inf,-inf,-inf,-inf,117.253784,-30.349884,258.08322,145073.62479099998,7.648670673370361,8.380008749610218,93.75,-29.850006,257.74997,0.0,1.0,36.0,12.0,0.0,0.0,1.0,1.0,0.0,1.0,1.0,0.0,7.8690078093697755,117.253784,-30.349884,258.08322,-1.0,0.511000940240442,-1.0,-inf,-inf,-inf,-inf,-inf,-inf,65535.0,65535.0,2.061754,-7.820178,2.1348102,-1.0,0.0,51.0,145.0,145.0,62.0,74.0,8.36441421508789,17.0,13.0,-9223372000000.0,-9223372000000.0,-9223372000000.0,-9223372036854.775,20000201.0,11.0,1.0,115.85458,-28.387848,257.9046,-inf,-inf,-inf,3.553248167037964,-1.0,-inf,-inf,-inf,-inf,-inf,-inf,3.0,13.0,0.0,22.0,0.24649113,-0.9349343,0.2552253,93.75,-29.850006,257.74997,145073.49701,20207756.0,,,,,,,,,,,,,,,,,,,,,,,
1,1,2,7,12.0,0.8825107,-inf,0.0,-1.0,-1.0,2.0,0.0,0.0,0.0,0.0,1.0,1.0,0.0,9.0,0.0,0.0,0.0,0.0,0.0,0.0,0.0,0.0,0.0,0.0,0.0,0.0,0.0,5216.0,106.95001,199.95001,233.15002,12.0,-1.0,-inf,-1.0,0.0,0.0,0.0,0.0,0.0,-1.0,-1.0,-1.0,-1.0,-1.0,-1.0,12.0,-1.0,-1.0,-1.0,0.0,0.0,0.0,0.0,1.0,1.0,1.0,,-1.0,-1.0,-1.0,-inf,-inf,-inf,-1.0,-1.0,-1.0,-1.0,8.0,0.0,62.0,0.0,0.0,0.0,0.0,0.0,0.0,-1.0,-inf,-inf,-inf,0.0,0.0,0.0,0.0,0.0,0.0,-1.0,-inf,-inf,-inf,5311.0,0.0,2018.0,-1.0,-1.0,-1.0,248.34052,1850.0,46.35692,-inf,2.6190292835235596,-inf,-inf,-inf,-inf,-inf,-inf,-inf,-1,-1.0,-inf,-inf,-inf,-inf,-inf,-inf,0.0,-1.0,-inf,-inf,-inf,-inf,-inf,-inf,42,2,0,1,1,0,1,0,0,2.6190292835235596,-1.0,0.511998,-1.0,-inf,-inf,-inf,-inf,-inf,-inf,1.4983501,-2.247411,-1.4984264,0,3.088882,11,1,0.0,1.0,0.0,0.0,0.0,0.0,1.0,0.0,3,15,-1.0,0.4850785,-0.7275808,-0.4851032,89.850006,-85.05,263.15002,-1.0,-1.0,37.0,0.5217391,13.0,248.34052,1850.0,46.35692,145010.263732,20000201.0,5.536430835723877,-0.0,-1.0,-inf,-inf,-inf,-inf,-inf,-inf,0.0,0.0,0.0,0.0,0.0,-1.0,-inf,-inf,-inf,inf,inf,inf,inf,-inf,-inf,-inf,114.32257,-85.82347,263.45706,145075.495306,7.18762731552124,8.047823388585414,90.75,-85.64998,263.45,0.0,1.0,37.0,12.0,0.0,0.0,1.0,1.0,0.0,1.0,1.0,0.0,7.536823127326242,114.32257,-85.82347,263.45706,-1.0,0.511000261259172,-1.0,-inf,-inf,-inf,-inf,-inf,-inf,65535.0,65535.0,-0.11379092,-7.206676,3.543616,-1.0,0.0,40.0,146.0,146.0,62.0,74.0,8.031583786010742,17.0,13.0,-9223372000000.0,-9223372000000.0,-9223372000000.0,-9223372036854.775,20000201.0,11.0,1.0,112.60074,-84.25508,263.85873,-inf,-inf,-inf,5.536430835723877,-1.0,-inf,-inf,-inf,-inf,-inf,-inf,3.0,20.0,0.0,18.0,-0.014167931,-0.897292,0.44121012,90.75,-85.64998,263.45,145075.375473,20207781.0,,,,,,,,,,,,,,,,,,,,,,,
1,1,2,8,12.0,0.8825107,-inf,0.0,-1.0,-1.0,2.0,0.0,0.0,0.0,0.0,1.0,1.0,0.0,9.0,0.0,0.0,0.0,0.0,0.0,0.0,0.0,0.0,0.0,0.0,0.0,0.0,0.0,5216.0,106.95001,199.95001,233.15002,12.0,-1.0,-inf,-1.0,0.0,0.0,0.0,0.0,0.0,-1.0,-1.0,-1.0,-1.0,-1.0,-1.0,12.0,-1.0,-1.0,-1.0,0.0,0.0,0.0,0.0,1.0,1.0,1.0,,-1.0,-1.0,-1.0,-inf,-inf,-inf,-1.0,-1.0,-1.0,-1.0,8.0,0.0,62.0,0.0,0.0,0.0,0.0,0.0,0.0,-1.0,-inf,-inf,-inf,0.0,0.0,0.0,0.0,0.0,0.0,-1.0,-inf,-inf,-inf,5311.0,0.0,2018.0,-1.0,-1.0,-1.0,248.34052,1850.0,46.35692,-inf,857.603515625,-inf,-inf,-inf,-inf,-inf,-inf,-inf,-1,915.8654598087635,-inf,-inf,915.865478515625,917.3478393554688,1191.7283935546875,1038.3289794921875,0.0,-1.0,-0.030414216,-0.9909073,0.13106391,84.75,-199.65001,277.85,68,2,0,0,1,1,1,0,1,2733.462890625,404.6849670410156,105.658,2733.4628870819793,-inf,-inf,2733.462890625,2701.01513671875,2050.0048828125,2386.10791015625,-205.92023,-2810.5398,328.48962,0,2837.154,13,2,0.0,0.0,0.988366,0.007845145,0.0037888212,0.0,0.0040496006,0.9959504,1,4921,2.519601345062256,-0.07257985,-0.99061936,0.11578138,106.95001,199.95001,233.15002,-1.0,-1.0,17.0,0.89456373,13.0,248.34052,1850.0,46.35692,145010.263732,20000201.0,918.284912109375,-0.0,-1.0,-inf,-inf,-inf,-inf,-inf,-inf,0.0,0.0,0.0,0.0,0.0,-1.0,-inf,-inf,-inf,inf,inf,inf,inf,84.75,-199.65,277.85,-3501.3235,-50000.0,2094.1692,146766.117572,872.9966430664062,3875.0924565154614,106.95001,199.95001,233.15,0.0,1.0,17.0,12.0,1.0,0.0,0.0,1.0,1.0,1.0,1.0,1.0,3769.4300386790624,84.75,-199.65,277.85,-1.0,105.66241783639911,-1.0,-inf,-inf,-inf,-inf,-inf,-inf,65535.0,65535.0,-269.911,-3839.085,440.173,-1.0,0.0,4872.0,74.0,74.0,62.0,74.0,3873.651611328125,17.0,0.0,248.34052,1850.0,46.35692,145010.263732,20000201.0,13.0,2.0,248.34052,1850.0,46.35692,-inf,-inf,-inf,918.284912109375,-1.0,-inf,-inf,-inf,-inf,-inf,-inf,1.0,4872.0,0.0,1558.0,-0.0696787,-0.99107647,0.113632575,106.95001,199.95001,233.15,145010.263732,20000201.0,0.0,60.0,13.0,3.5663466,2.571952,129.72466,203.73225,233.17145,107.2431,-203.73225,277.68854,-0.269911,-3.839085,0.440173,410.5296,20000201.0,20000000.0,0.0,3.8750925,-1.0,0.0,1.0386187,0.0
1,1,3,0,0.0,0.92435426,-inf,0.0,5159.500749516466,12538.661275000006,3.0,0.0,1.0,1.0,1.0,1.0,1.0,0.0,8.0,0.0,0.0,0.0,0.0,0.0,0.0,0.0,0.0,0.0,0.0,0.0,0.0,0.0,526.0,-115.95001,64.649994,275.75003,0.0,0.14414979860514487,-inf,0.0,0.0,0.0,0.0,0.0,0.0,-1.0,0.5776373147964478,0.0,-1.0,-1.0,1.2106119366874004,0.0,0.6290879949029733,1.0,1005.0,0.0,1.0,1.0,0.0,1.0,1.0,1.0,0.0,0.0,4.0,0.0,-0.0051415022,0.0072036553,0.5775695,0.09836456689895445,0.0,0.0,2112.0,8.0,0.0,0.0,0.0,0.0,0.0,0.0,0.0,0.0,14.0,-93.807495,64.38745,251.05948,0.0,0.0,0.0,0.0,0.0,0.0,0.0,-inf,-inf,-inf,517.0,0.0,313.0,1000180400.0,0.8752002786744391,0.0,-93.807495,64.38745,251.05948,-inf,6.758577823638916,-inf,-inf,-inf,-inf,-inf,-inf,-inf,-1,-1.0,-inf,-inf,-inf,-inf,-inf,-inf,0.0,-1.0,-inf,-inf,-inf,-inf,-inf,-inf,4,3,0,1,1,0,1,0,0,6.758577823638916,-1.0,0.0,-1.0,-inf,-inf,-inf,-inf,-inf,-inf,5.7912374,0.25745815,3.4747162,0,6.7585773,22,0,0.7395246,0.26047537,0.0,0.0,0.0,0.0,0.92065734,0.07934269,0,24,-1.0,0.8568722,0.03809354,0.51411945,-119.25,141.75,224.15002,-1.0,-1.0,67.0,0.96,0.0,-9223372000000.0,-9223372000000.0,-9223372000000.0,-9223372036854.775,4294967295.0,7.58422327041626,-0.0,-1.0,-inf,-inf,-inf,-inf,-inf,-inf,0.0,0.0,0.0,0.0,0.0,-1.0,-inf,-inf,-inf,inf,inf,inf,inf,-inf,-inf,-inf,-9223372000000.0,-9223372000000.0,-9223372000000.0,-9223372036854.775,5.807215690612793,6.204932276482084,-9223372000000.0,-9223372000000.0,-9223372000000.0,0.0,1.0,67.0,0.0,0.0,0.0,1.0,1.0,0.0,1.0,1.0,0.0,6.203518212555456,-9223372000000.0,-9223372000000.0,-9223372000000.0,-1.0,0.0014140639266283683,-1.0,-inf,-inf,-inf,-inf,-inf,-inf,65535.0,65535.0,3.4624789,-1.0593379,5.038872,0.0,0.0,0.0,293.0,293.0,0.0,293.0,6.20493221282959,67.0,2112.0,-9223372000000.0,-9223372000000.0,-9223372000000.0,-9223372036854.775,10000010.0,22.0,0.0,-123.571014,142.80368,218.74966,-inf,-inf,-inf,7.58422327041626,-1.0,-inf,-inf,-inf,-inf,-inf,-inf,4.0,25.0,0.0,14.0,0.5580204,-0.17072512,0.81207526,-9223372000000.0,-9223372000000.0,-9223372000000.0,626.897393,10002984.0,5.0,37.0,22.0,0.0062049325,0.0,-123.571014,142.80363,218.74966,-126.9861,145.32709,206.66272,0.003462479,-0.0010593379,0.005038872,29.000185,10002984.0,10000010.0,1.0,0.0062049325,0.0,0.0,0.0061883214,0.0
1,1,3,1,0.0,0.92435426,-inf,0.0,5159.500749516466,12538.661275000006,3.0,0.0,1.0,1.0,1.0,1.0,1.0,0.0,8.0,0.0,0.0,0.0,0.0,0.0,0.0,0.0,0.0,0.0,0.0,0.0,0.0,0.0,526.0,-115.95001,64.649994,275.75003,0.0,0.14414979860514487,-inf,0.0,0.0,0.0,0.0,0.0,0.0,-1.0,0.5776373147964478,0.0,-1.0,-1.0,1.2106119366874004,0.0,0.6290879949029733,1.0,1005.0,0.0,1.0,1.0,0.0,1.0,1.0,1.0,0.0,0.0,4.0,0.0,-0.0051415022,0.0072036553,0.5775695,0.09836456689895445,0.0,0.0,2112.0,8.0,0.0,0.0,0.0,0.0,0.0,0.0,0.0,0.0,14.0,-93.807495,64.38745,251.05948,0.0,0.0,0.0,0.0,0.0,0.0,0.0,-inf,-inf,-inf,517.0,0.0,313.0,1000180400.0,0.8752002786744391,0.0,-93.807495,64.38745,251.05948,0.050656304,24.35157585144043,-inf,-inf,-inf,-inf,-inf,-inf,-inf,-1,-1.0,-inf,-inf,-inf,-inf,-inf,-inf,0.0,0.16799298,-inf,-inf,-inf,-inf,-inf,-inf,7,3,0,1,1,1,1,0,0,24.35157585144043,-1.0,0.0,-1.0,-inf,-inf,-inf,-inf,-inf,-inf,-17.276718,-9.601915,14.223836,0,24.351576,22,0,0.8258493,0.17415072,0.0,0.0,0.0,0.0,0.3730095,0.62699056,0,88,3.7250781059265137,-0.7094702,-0.39430365,0.5841033,-104.850006,56.549988,254.75003,0.6223281,13.372730255126953,5.0,0.6885246,211.0,-93.807495,64.38745,251.05948,601.631849,10000014.0,34.82212829589844,-0.0,-1.0,-inf,-inf,-inf,-inf,-inf,-inf,0.0,0.0,0.0,0.0,0.0,-1.0,-inf,-inf,-inf,inf,inf,inf,inf,-inf,-inf,-inf,-101.91403,62.20331,250.79095,4318.752319,28.10640573501587,30.329527284274047,-99.75,64.350006,249.05002,0.0,1.0,5.0,0.0,0.0,0.0,1.0,1.0,0.0,1.0,1.0,1.0,29.818503118818015,-101.91403,62.20331,250.79095,-1.0,0.5110241654560335,-1.0,-inf,-inf,-inf,-inf,-inf,-inf,65535.0,65535.0,-15.325192,-22.261116,13.755009,0.0,0.0,38.0,8.0,8.0,0.0,7.0,30.32522201538086,4.0,-13.0,-100.40608,64.632385,249.33957,606.9554949999999,10002094.0,-11.0,1.0,-100.43834,64.497925,249.30597,-inf,-inf,-inf,34.82212829589844,-1.0,-inf,-inf,-inf,-inf,-inf,-inf,2.0,118.0,0.0,97.0,-0.50536126,-0.73407924,0.45358312,-99.75,64.350006,249.05002,4318.648091,10002097.0,3.0,38.0,-11.0,0.030329527,0.0005109989,-100.43834,64.49792,249.30597,-101.91403,62.203297,250.79094,-0.015325192,-0.022261117,0.013755009,3.116222,10002097.0,10002094.0,1.0,0.030329527,0.0,0.0,0.030793237,0.0
1,1,3,2,0.0,0.92435426,-inf,0.0,5159.500749516466,12538.661275000006,3.0,0.0,1.0,1.0,1.0,1.0,1.0,0.0,8.0,0.0,0.0,0.0,0.0,0.0,0.0,0.0,0.0,0.0,0.0,0.0,0.0,0.0,526.0,-115.95001,64.649994,275.75003,0.0,0.14414979860514487,-inf,0.0,0.0,0.0,0.0,0.0,0.0,-1.0,0.5776373147964478,0.0,-1.0,-1.0,1.2106119366874004,0.0,0.6290879949029733,1.0,1005.0,0.0,1.0,1.0,0.0,1.0,1.0,1.0,0.0,0.0,4.0,0.0,-0.0051415022,0.0072036553,0.5775695,0.09836456689895445,0.0,0.0,2112.0,8.0,0.0,0.0,0.0,0.0,0.0,0.0,0.0,0.0,14.0,-93.807495,64.38745,251.05948,0.0,0.0,0.0,0.0,0.0,0.0,0.0,-inf,-inf,-inf,517.0,0.0,313.0,1000180400.0,0.8752002786744391,0.0,-93.807495,64.38745,251.05948,-inf,2.705836057662964,-inf,-inf,-inf,-inf,-inf,-inf,-inf,-1,-1.0,-inf,-inf,-inf,-inf,-inf,-inf,0.0,-1.0,-inf,-inf,-inf,-inf,-inf,-inf,9,3,0,1,0,0,1,0,0,2.705836057662964,-1.0,0.0,-1.0,-inf,-inf,-inf,-inf,-inf,-inf,0.0,1.9131205,-1.9135098,0,2.7058363,22,0,0.93688273,0.06311724,0.0,0.0,0.0,0.0,0.8799376,0.12006244,0,12,-1.0,0.0,0.7070349,-0.7071788,-99.45,78.45001,274.25003,-1.0,-1.0,,,,,,,,,,,,,,,,,,,,,,,,,,,,,,,,,,,,,,,,,,,,,,,,,,,,,,,,,,,,,,,,,,,,,,,,,,,,,,,,,,,,,,,,,,,,,,,,,,,,,,,,,,,,,,,,,,,,,,,,,,,,,,,,,,,,,,,,,,
1,1,3,3,0.0,0.92435426,-inf,0.0,5159.500749516466,12538.661275000006,3.0,0.0,1.0,1.0,1.0,1.0,1.0,0.0,8.0,0.0,0.0,0.0,0.0,0.0,0.0,0.0,0.0,0.0,0.0,0.0,0.0,0.0,526.0,-115.95001,64.649994,275.75003,0.0,0.14414979860514487,-inf,0.0,0.0,0.0,0.0,0.0,0.0,-1.0,0.5776373147964478,0.0,-1.0,-1.0,1.2106119366874004,0.0,0.6290879949029733,1.0,1005.0,0.0,1.0,1.0,0.0,1.0,1.0,1.0,0.0,0.0,4.0,0.0,-0.0051415022,0.0072036553,0.5775695,0.09836456689895445,0.0,0.0,2112.0,8.0,0.0,0.0,0.0,0.0,0.0,0.0,0.0,0.0,14.0,-93.807495,64.38745,251.05948,0.0,0.0,0.0,0.0,0.0,0.0,0.0,-inf,-inf,-inf,517.0,0.0,313.0,1000180400.0,0.8752002786744391,0.0,-93.807495,64.38745,251.05948,-inf,2.0197863578796387,-inf,-inf,-inf,-inf,-inf,-inf,-inf,-1,-1.0,-inf,-inf,-inf,-inf,-inf,-inf,0.0,-1.0,-inf,-inf,-inf,-inf,-inf,-inf,10,3,0,1,1,0,1,0,0,2.0197863578796387,-1.0,0.0,-1.0,-inf,-inf,-inf,-inf,-inf,-inf,-0.8246232,-0.82449734,-1.6491625,0,2.0197861,22,0,0.65488434,0.3451157,0.0,0.0,0.0,0.0,0.9256136,0.074386396,0,12,-1.0,-0.4082725,-0.4082102,-0.81650347,-59.550003,-17.850006,294.95,-1.0,-1.0,66.0,0.7692308,0.0,-9223372000000.0,-9223372000000.0,-9223372000000.0,-9223372036854.775,4294967295.0,2.5598270893096924,-0.0,-1.0,-inf,-inf,-inf,-inf,-inf,-inf,0.0,0.0,0.0,0.0,0.0,-1.0,-inf,-inf,-inf,inf,inf,inf,inf,-inf,-inf,-inf,-9223372000000.0,-9223372000000.0,-9223372000000.0,-9223372036854.775,1.2853564023971558,2.8635004460894926,-9223372000000.0,-9223372000000.0,-9223372000000.0,0.0,1.0,66.0,0.0,0.0,0.0,1.0,1.0,0.0,1.0,1.0,0.0,2.862997700855975,-9223372000000.0,-9223372000000.0,-9223372000000.0,-1.0,0.0005027452335177706,-1.0,-inf,-inf,-inf,-inf,-inf,-inf,65535.0,65535.0,-1.7648451,1.0515684,1.9947834,0.0,0.0,0.0,292.0,292.0,0.0,292.0,2.8635005950927734,66.0,2112.0,-9223372000000.0,-9223372000000.0,-9223372000000.0,-9223372036854.775,10000012.0,22.0,0.0,-43.620697,-27.844086,275.8024,-inf,-inf,-inf,2.5598270893096924,-1.0,-inf,-inf,-inf,-inf,-inf,-inf,4.0,11.0,0.0,4.0,-0.61632437,0.36723176,0.69662404,-9223372000000.0,-9223372000000.0,-9223372000000.0,655.88702,10002439.0,5.0,37.0,22.0,0.0028635005,0.0,-43.620705,-27.844082,275.8024,-70.48652,12.207434,325.56485,-0.0017648451,0.0010515684,0.0019947833,100.06676,10002439.0,10000012.0,1.0,0.0028635005,0.0,0.0,0.0028546553,0.0
1,1,3,4,0.0,0.92435426,-inf,0.0,5159.500749516466,12538.661275000006,3.0,0.0,1.0,1.0,1.0,1.0,1.0,0.0,8.0,0.0,0.0,0.0,0.0,0.0,0.0,0.0,0.0,0.0,0.0,0.0,0.0,0.0,526.0,-115.95001,64.649994,275.75003,0.0,0.14414979860514487,-inf,0.0,0.0,0.0,0.0,0.0,0.0,-1.0,0.5776373147964478,0.0,-1.0,-1.0,1.2106119366874004,0.0,0.6290879949029733,1.0,1005.0,0.0,1.0,1.0,0.0,1.0,1.0,1.0,0.0,0.0,4.0,0.0,-0.0051415022,0.0072036553,0.5775695,0.09836456689895445,0.0,0.0,2112.0,8.0,0.0,0.0,0.0,0.0,0.0,0.0,0.0,0.0,14.0,-93.807495,64.38745,251.05948,0.0,0.0,0.0,0.0,0.0,0.0,0.0,-inf,-inf,-inf,517.0,0.0,313.0,1000180400.0,0.8752002786744391,0.0,-93.807495,64.38745,251.05948,-inf,13.689074516296387,-inf,-inf,-inf,-inf,-inf,-inf,-inf,-1,26.615377205706526,-inf,-inf,23.742258071899414,26.61537742614746,60.144287109375,45.64099884033203,0.0,-1.0,0.19009222,0.98128235,-0.030820454,-99.45,64.95001,249.65002,69,3,0,1,1,1,1,0,1,26.61537742614746,3.189047336578369,139.57,-1.0,-inf,-inf,-inf,-inf,-inf,-inf,0.0,90.209724,-0.0045884904,0,90.209724,211,3,0.0,0.0,0.21493617,0.5465426,0.23852123,0.0,0.34301564,0.6569844,1,40,4.292527198791504,0.0,1.0,-5.08647e-05,-100.350006,61.950012,250.25003,-1.0,-1.0,4.0,0.325,211.0,-93.807495,64.38745,251.05948,601.631849,10000014.0,21.279699325561523,-0.0,-1.0,-inf,-inf,-inf,-inf,-inf,-inf,0.0,0.0,0.0,0.0,0.0,-1.0,-inf,-inf,-inf,inf,inf,inf,inf,-99.75,64.350006,249.05002,-100.43834,64.497925,249.30597,4318.648091,4.114921569824219,109.7781841599383,-99.75,64.649994,249.05002,0.0,1.0,4.0,0.0,0.0,0.0,1.0,1.0,0.0,1.0,1.0,0.0,4.119812845218945,-99.75,64.350006,249.05002,-1.0,105.65837131471936,-1.0,-inf,-inf,-inf,-inf,-inf,-inf,65535.0,65535.0,-7.63579,-28.780386,-0.9707668,0.0,0.0,13.0,7.0,7.0,0.0,6.0,29.791915893554688,3.0,211.0,-93.807495,64.38745,251.05948,601.631849,10000014.0,-13.0,2.0,-100.40608,64.632385,249.33957,-inf,-inf,-inf,21.279699325561523,-1.0,-inf,-inf,-inf,-inf,-inf,-inf,1.0,13.0,0.0,1.0,-0.2563041,-0.9660468,-0.032584906,-99.75,64.649994,249.05002,606.9554949999999,10002094.0,3.0,3.0,-13.0,0.10977818,0.105658375,-100.4061,64.63239,249.33957,-100.43834,64.49792,249.30597,-0.00763579,-0.028780386,-0.00097076676,0.14230953,10002094.0,10000014.0,1.0,0.10977818,0.0,0.0,0.004114292,0.0
1,1,3,5,0.0,0.92435426,-inf,0.0,5159.500749516466,12538.661275000006,3.0,0.0,1.0,1.0,1.0,1.0,1.0,0.0,8.0,0.0,0.0,0.0,0.0,0.0,0.0,0.0,0.0,0.0,0.0,0.0,0.0,0.0,526.0,-115.95001,64.649994,275.75003,0.0,0.14414979860514487,-inf,0.0,0.0,0.0,0.0,0.0,0.0,-1.0,0.5776373147964478,0.0,-1.0,-1.0,1.2106119366874004,0.0,0.6290879949029733,1.0,1005.0,0.0,1.0,1.0,0.0,1.0,1.0,1.0,0.0,0.0,4.0,0.0,-0.0051415022,0.0072036553,0.5775695,0.09836456689895445,0.0,0.0,2112.0,8.0,0.0,0.0,0.0,0.0,0.0,0.0,0.0,0.0,14.0,-93.807495,64.38745,251.05948,0.0,0.0,0.0,0.0,0.0,0.0,0.0,-inf,-inf,-inf,517.0,0.0,313.0,1000180400.0,0.8752002786744391,0.0,-93.807495,64.38745,251.05948,-inf,19.516016006469727,-inf,-inf,-inf,-inf,-inf,-inf,-inf,-1,32.05969461072574,-inf,-inf,28.655738830566406,32.059696197509766,71.93701171875,54.629432678222656,0.0,-1.0,0.9564918,0.07736165,0.2813156,-94.350006,64.649994,250.85,70,3,0,1,1,1,1,0,1,32.059696197509766,4.378347396850586,139.57,-1.0,-inf,-inf,-inf,-inf,-inf,-inf,96.16697,5.656463,26.398584,0,99.884766,211,3,0.0,0.0,0.10394383,0.5380816,0.35797456,0.0,0.3282275,0.67177254,1,17,5.952727794647217,0.9627791,0.056629885,0.2642904,-98.55,64.350006,249.65002,-1.0,-1.0,3.0,0.6,211.0,-93.807495,64.38745,251.05948,601.631849,10000014.0,66.17420196533203,-0.0,-1.0,-inf,-inf,-inf,-inf,-inf,-inf,0.0,0.0,0.0,0.0,0.0,-1.0,-inf,-inf,-inf,inf,inf,inf,inf,-99.75,64.649994,249.05002,-100.40608,64.632385,249.33957,606.9554949999999,40.8901481628418,181.7039560089018,-93.14998,64.350006,250.85,0.0,1.0,3.0,0.0,1.0,0.0,1.0,1.0,1.0,1.0,1.0,1.0,42.13385541121855,-99.75,64.649994,249.05002,-1.0,139.57010059768325,-1.0,-inf,-inf,-inf,-inf,-inf,-inf,65535.0,65535.0,-113.76543,8.132062,-22.974152,0.0,0.0,35.0,6.0,6.0,0.0,6.0,116.34652709960938,3.0,0.0,-93.807495,64.38745,251.05948,601.631849,10000014.0,211.0,3.0,-93.807495,64.38745,251.05948,-inf,-inf,-inf,66.17420196533203,-1.0,-inf,-inf,-inf,-inf,-inf,-inf,1.0,23.0,0.0,28.0,-0.9778154,0.069895186,-0.19746315,-93.14998,64.350006,250.85,601.631849,10000014.0,0.0,3.0,211.0,0.18170395,0.1395701,-93.80749,64.38745,251.05951,-100.4061,64.63239,249.33957,-0.113765426,0.008132062,-0.022974152,6.824827,10000014.0,10000000.0,1.0,0.18170395,0.0,0.0,0.042121246,0.0
1,1,3,6,0.0,0.92435426,-inf,0.0,5159.500749516466,12538.661275000006,3.0,0.0,1.0,1.0,1.0,1.0,1.0,0.0,8.0,0.0,0.0,0.0,0.0,0.0,0.0,0.0,0.0,0.0,0.0,0.0,0.0,0.0,526.0,-115.95001,64.649994,275.75003,0.0,0.14414979860514487,-inf,0.0,0.0,0.0,0.0,0.0,0.0,-1.0,0.5776373147964478,0.0,-1.0,-1.0,1.2106119366874004,0.0,0.6290879949029733,1.0,1005.0,0.0,1.0,1.0,0.0,1.0,1.0,1.0,0.0,0.0,4.0,0.0,-0.0051415022,0.0072036553,0.5775695,0.09836456689895445,0.0,0.0,2112.0,8.0,0.0,0.0,0.0,0.0,0.0,0.0,0.0,0.0,14.0,-93.807495,64.38745,251.05948,0.0,0.0,0.0,0.0,0.0,0.0,0.0,-inf,-inf,-inf,517.0,0.0,313.0,1000180400.0,0.8752002786744391,0.0,-93.807495,64.38745,251.05948,-inf,21.3955078125,-inf,-inf,-inf,-inf,-inf,-inf,-inf,-1,13.734279934640737,-inf,-inf,13.73427963256836,15.435956001281738,35.26254653930664,26.77978515625,0.0,-1.0,0.57735026,0.57732093,-0.57737964,-92.850006,64.649994,250.85,71,3,0,1,1,0,1,0,0,13.73427963256836,1.2369258403778076,105.658,-1.0,-inf,-inf,-inf,-inf,-inf,-inf,32.7346,39.28219,-21.823364,0,55.595898,13,2,0.0,0.0,0.75136626,0.14118232,0.107451394,0.0,0.69217795,0.30782202,1,11,-1.0,0.5887953,0.70656633,-0.39253554,-93.45,63.75,251.45001,-1.0,-1.0,2.0,0.36363637,2212.0,-93.807495,64.38745,251.05948,601.631849,10000006.0,25.658321380615234,-0.0,-1.0,-inf,-inf,-inf,-inf,-inf,-inf,0.0,0.0,0.0,0.0,0.0,-1.0,-inf,-inf,-inf,inf,inf,inf,inf,-93.14998,64.350006,251.15,-93.83974,64.42938,251.2074,601.676324,11.030892372131348,949.3036691877684,-93.14998,64.350006,250.85,0.0,1.0,2.0,0.0,1.0,0.0,1.0,1.0,1.0,1.0,1.0,0.0,11.031656178822232,-93.14998,64.350006,251.15,-1.0,938.2720130089461,-1.0,-inf,-inf,-inf,-inf,-inf,-inf,65535.0,65535.0,-28.514374,49.07567,132.671,0.0,0.0,10.0,5.0,5.0,0.0,5.0,144.30206298828125,2.0,0.0,-93.807495,64.38745,251.05948,601.631849,10000006.0,2212.0,4.0,-93.807495,64.38745,251.05948,-inf,-inf,-inf,25.658321380615234,-1.0,-inf,-inf,-inf,-inf,-inf,-inf,1.0,4.0,0.0,2.0,-0.19760199,0.34008986,0.91939783,-93.14998,64.350006,250.85,601.631849,10000006.0,0.0,54.0,2212.0,0.9493037,0.938272,-93.80749,64.38745,251.05951,-93.83975,64.4294,251.2074,-0.028514374,0.049075667,0.132671,0.15708648,10000006.0,10000000.0,1.0,0.9493037,0.0,0.0,0.011030691,0.0
1,1,3,7,0.0,0.92435426,-inf,0.0,5159.500749516466,12538.661275000006,3.0,0.0,1.0,1.0,1.0,1.0,1.0,0.0,8.0,0.0,0.0,0.0,0.0,0.0,0.0,0.0,0.0,0.0,0.0,0.0,0.0,0.0,526.0,-115.95001,64.649994,275.75003,0.0,0.14414979860514487,-inf,0.0,0.0,0.0,0.0,0.0,0.0,-1.0,0.5776373147964478,0.0,-1.0,-1.0,1.2106119366874004,0.0,0.6290879949029733,1.0,1005.0,0.0,1.0,1.0,0.0,1.0,1.0,1.0,0.0,0.0,4.0,0.0,-0.0051415022,0.0072036553,0.5775695,0.09836456689895445,0.0,0.0,2112.0,8.0,0.0,0.0,0.0,0.0,0.0,0.0,0.0,0.0,14.0,-93.807495,64.38745,251.05948,0.0,0.0,0.0,0.0,0.0,0.0,0.0,-inf,-inf,-inf,517.0,0.0,313.0,1000180400.0,0.8752002786744391,0.0,-93.807495,64.38745,251.05948,-inf,90.32015228271484,-inf,-inf,-inf,-inf,-inf,-inf,-inf,-1,105.942779153781,-inf,-inf,105.94277954101562,115.02567291259766,230.4599151611328,178.98770141601562,0.0,-1.0,0.701804,0.020307817,-0.71208054,-94.05,63.75,251.45001,72,3,0,1,1,1,1,0,1,105.94277954101562,33.01033020019531,105.658,122.1817562575166,-inf,-inf,122.18175506591797,105.84215545654297,21.468427658081055,39.67496871948242,117.000046,-12.062591,-140.62988,0,183.33379,13,2,0.0,0.0,0.6426635,0.14913762,0.20819889,0.0,0.10204886,0.8979512,1,322,4.880124092102051,0.6381805,-0.06579579,-0.7670702,-115.95001,64.649994,275.75003,-1.0,-1.0,0.0,0.9754601,13.0,-93.807495,64.38745,251.05948,601.631849,10000001.0,107.09976196289062,-0.0,-1.0,-inf,-inf,-inf,-inf,-inf,-inf,0.0,0.0,0.0,0.0,0.0,-1.0,-inf,-inf,-inf,inf,inf,inf,inf,-115.95001,64.649994,275.45,-116.63977,64.51294,275.59543,603.1932949999999,108.3837890625,214.25261317056712,-94.04999,64.350006,251.45001,0.0,1.0,0.0,0.0,1.0,0.0,1.0,1.0,1.0,1.0,1.0,1.0,108.59422983461658,-115.95001,64.649994,275.45,-1.0,105.65838333595053,-1.0,-inf,-inf,-inf,-inf,-inf,-inf,65535.0,65535.0,-142.90082,-17.333094,118.40359,0.0,0.0,330.0,0.0,0.0,0.0,0.0,186.38800048828125,0.0,0.0,-93.807495,64.38745,251.05948,601.631849,10000001.0,13.0,2.0,-93.807495,64.38745,251.05948,-inf,-inf,-inf,107.09976196289062,-1.0,-inf,-inf,-inf,-inf,-inf,-inf,1.0,322.0,0.0,162.0,-0.76668465,-0.09299469,0.63525325,-94.04999,64.350006,251.45001,601.631849,10000001.0,0.0,41.0,13.0,0.2142526,0.105658375,-93.80749,64.38745,251.05951,-116.63977,64.51294,275.59543,-0.14290082,-0.017333094,0.118403584,33.746044,10000001.0,10000000.0,1.0,0.2142526,0.0,0.0,0.108558185,0.0
1,1,4,0,16.0,0.91369265,-inf,0.0,-1.0,-1.0,4.0,0.0,0.0,1.0,0.0,1.0,0.0,0.0,4.0,0.0,0.0,0.0,0.0,0.0,0.0,0.0,0.0,0.0,0.0,0.0,0.0,0.0,2684.0,-33.450012,-47.850006,422.45,16.0,-1.0,-inf,-1.0,0.0,0.0,0.0,0.0,0.0,-1.0,-1.0,-1.0,-1.0,-1.0,-1.0,16.0,-1.0,-1.0,-1.0,0.0,0.0,0.0,0.0,1.0,0.0,1.0,,-1.0,-1.0,-1.0,-inf,-inf,-inf,-1.0,-1.0,-1.0,-1.0,3.0,0.0,72.0,0.0,0.0,0.0,0.0,0.0,0.0,-1.0,-inf,-inf,-inf,0.0,0.0,0.0,0.0,0.0,0.0,-1.0,-inf,-inf,-inf,2571.0,0.0,2019.0,-1.0,-1.0,-1.0,1072.9065,1850.0,-1305.9054,0.1080608,39.12565994262695,-inf,-inf,-inf,-inf,-inf,-inf,-inf,-1,-1.0,-inf,-inf,-inf,-inf,-inf,-inf,0.0,0.21986005,-inf,-inf,-inf,-inf,-inf,-inf,5,4,0,0,1,1,1,0,1,39.12565994262695,-1.0,0.0,-1.0,-inf,-inf,-inf,-inf,-inf,-inf,34.618576,-1.8843888,-18.133411,0,39.12566,22,0,0.7548199,0.24518004,0.0,0.0,0.0,0.0,0.40294296,0.5970571,0,97,3.2244441509246826,0.8848049,-0.04816248,-0.46346596,97.95001,196.05002,234.95001,0.8444581,333.873046875,32.0,0.5792683,13.0,248.34052,1850.0,46.35692,145010.263732,20000201.0,57.80322265625,-0.0,-1.0,-inf,-inf,-inf,-inf,-inf,-inf,0.0,0.0,0.0,0.0,0.0,-1.0,-inf,-inf,-inf,inf,inf,inf,inf,-inf,-inf,-inf,120.436615,197.68674,235.37622,145066.112099,56.130502462387085,116.2903162172368,103.649994,199.95001,232.55002,0.0,1.0,32.0,12.0,0.0,0.0,0.0,1.0,0.0,1.0,1.0,1.0,115.78050102530054,120.436615,197.68674,235.37622,-1.0,0.5098151919362676,-1.0,-inf,-inf,-inf,-inf,-inf,-inf,65535.0,65535.0,-8.082829,-113.66134,23.215189,-1.0,0.0,94.0,141.0,141.0,62.0,74.0,116.28919982910156,17.0,13.0,248.34052,1850.0,46.35692,145010.263732,20000201.0,11.0,1.0,130.80368,218.60126,231.53748,-inf,-inf,-inf,57.80322265625,-1.0,-inf,-inf,-inf,-inf,-inf,-inf,3.0,162.0,0.0,203.0,-0.06950628,-0.9774024,0.19963324,103.649994,199.95001,232.55002,145065.191837,20207668.0,,,,,,,,,,,,,,,,,,,,,,,
1,1,4,1,16.0,0.91369265,-inf,0.0,-1.0,-1.0,4.0,0.0,0.0,1.0,0.0,1.0,0.0,0.0,4.0,0.0,0.0,0.0,0.0,0.0,0.0,0.0,0.0,0.0,0.0,0.0,0.0,0.0,2684.0,-33.450012,-47.850006,422.45,16.0,-1.0,-inf,-1.0,0.0,0.0,0.0,0.0,0.0,-1.0,-1.0,-1.0,-1.0,-1.0,-1.0,16.0,-1.0,-1.0,-1.0,0.0,0.0,0.0,0.0,1.0,0.0,1.0,,-1.0,-1.0,-1.0,-inf,-inf,-inf,-1.0,-1.0,-1.0,-1.0,3.0,0.0,72.0,0.0,0.0,0.0,0.0,0.0,0.0,-1.0,-inf,-inf,-inf,0.0,0.0,0.0,0.0,0.0,0.0,-1.0,-inf,-inf,-inf,2571.0,0.0,2019.0,-1.0,-1.0,-1.0,1072.9065,1850.0,-1305.9054,-inf,3.412376642227173,-inf,-inf,-inf,-inf,-inf,-inf,-inf,-1,-1.0,-inf,-inf,-inf,-inf,-inf,-inf,0.0,-1.0,-inf,-inf,-inf,-inf,-inf,-inf,44,4,0,1,1,0,1,0,0,3.412376642227173,-1.0,0.511998,-1.0,-inf,-inf,-inf,-inf,-inf,-inf,2.5938883,-2.5938883,-1.2969441,0,3.8908324,11,1,0.0,1.0,0.0,0.0,0.0,0.0,1.0,0.0,3,10,-1.0,0.6666667,-0.6666667,-0.33333334,28.950012,69.149994,318.05002,-1.0,-1.0,22.0,0.7692308,13.0,1072.9065,1850.0,-1305.9054,989602.564147,20000254.0,3.7974586486816406,-0.0,-1.0,-inf,-inf,-inf,-inf,-inf,-inf,0.0,0.0,0.0,0.0,0.0,-1.0,-inf,-inf,-inf,inf,inf,inf,inf,-inf,-inf,-inf,183.84833,68.68884,317.87976,989688.354973,5.526528358459473,6.543299640440415,29.25,70.350006,318.05,0.0,1.0,22.0,16.0,0.0,0.0,1.0,1.0,0.0,1.0,1.0,0.0,6.032300342746271,183.84833,68.68884,317.87976,-1.0,0.5109992976941439,-1.0,-inf,-inf,-inf,-inf,-inf,-inf,65535.0,65535.0,-3.479181,-5.190331,1.873343,-1.0,0.0,27.0,91.0,91.0,72.0,84.0,6.523315906524658,21.0,13.0,-9223372000000.0,-9223372000000.0,-9223372000000.0,-9223372036854.775,20000254.0,11.0,1.0,183.76459,70.282166,318.1798,-inf,-inf,-inf,3.7974586486816406,-1.0,-inf,-inf,-inf,-inf,-inf,-inf,3.0,13.0,0.0,14.0,-0.53334546,-0.7956584,0.2871765,29.25,70.350006,318.05,989688.2615479999,20011664.0,,,,,,,,,,,,,,,,,,,,,,,
1,1,4,2,16.0,0.91369265,-inf,0.0,-1.0,-1.0,4.0,0.0,0.0,1.0,0.0,1.0,0.0,0.0,4.0,0.0,0.0,0.0,0.0,0.0,0.0,0.0,0.0,0.0,0.0,0.0,0.0,0.0,2684.0,-33.450012,-47.850006,422.45,16.0,-1.0,-inf,-1.0,0.0,0.0,0.0,0.0,0.0,-1.0,-1.0,-1.0,-1.0,-1.0,-1.0,16.0,-1.0,-1.0,-1.0,0.0,0.0,0.0,0.0,1.0,0.0,1.0,,-1.0,-1.0,-1.0,-inf,-inf,-inf,-1.0,-1.0,-1.0,-1.0,3.0,0.0,72.0,0.0,0.0,0.0,0.0,0.0,0.0,-1.0,-inf,-inf,-inf,0.0,0.0,0.0,0.0,0.0,0.0,-1.0,-inf,-inf,-inf,2571.0,0.0,2019.0,-1.0,-1.0,-1.0,1072.9065,1850.0,-1305.9054,-inf,23.40460777282715,-inf,-inf,-inf,-inf,-inf,-inf,-inf,-1,-1.0,-inf,-inf,-inf,-inf,-inf,-inf,0.0,-1.0,-inf,-inf,-inf,-inf,-inf,-inf,45,4,0,1,1,0,1,0,0,23.40460777282715,-1.0,0.511998,-1.0,-inf,-inf,-inf,-inf,-inf,-inf,-21.014414,-9.975033,5.534892,0,23.911125,11,1,0.0,1.0,0.0,0.0,0.0,0.0,1.0,0.0,3,50,-1.0,-0.87885505,-0.4171712,0.2314777,21.75,56.850006,331.25003,-1.0,-1.0,23.0,0.7586207,13.0,1072.9065,1850.0,-1305.9054,989602.564147,20000254.0,24.90767478942871,-0.0,-1.0,-inf,-inf,-inf,-inf,-inf,-inf,0.0,0.0,0.0,0.0,0.0,-1.0,-inf,-inf,-inf,inf,inf,inf,inf,-inf,-inf,-inf,168.37091,53.22113,333.4336,989689.307037,27.68838882446289,30.02217893612667,22.950012,58.049988,328.55,0.0,1.0,23.0,16.0,0.0,0.0,1.0,1.0,0.0,1.0,1.0,1.0,29.511141057459135,168.37091,53.22113,333.4336,-1.0,0.5110378786675375,-1.0,-inf,-inf,-inf,-inf,-inf,-inf,65535.0,65535.0,-5.8814764,-20.806255,20.822536,-1.0,0.0,103.0,92.0,92.0,72.0,84.0,30.01782989501953,21.0,13.0,1072.9065,1850.0,-1305.9054,989602.564147,20000254.0,11.0,1.0,177.77658,58.283936,328.67758,-inf,-inf,-inf,24.90767478942871,-1.0,-inf,-inf,-inf,-inf,-inf,-inf,3.0,52.0,0.0,89.0,-0.19593276,-0.6931299,0.6936723,22.950012,58.049988,328.55,989688.829897,20011670.0,,,,,,,,,,,,,,,,,,,,,,,
1,1,4,3,16.0,0.91369265,-inf,0.0,-1.0,-1.0,4.0,0.0,0.0,1.0,0.0,1.0,0.0,0.0,4.0,0.0,0.0,0.0,0.0,0.0,0.0,0.0,0.0,0.0,0.0,0.0,0.0,0.0,2684.0,-33.450012,-47.850006,422.45,16.0,-1.0,-inf,-1.0,0.0,0.0,0.0,0.0,0.0,-1.0,-1.0,-1.0,-1.0,-1.0,-1.0,16.0,-1.0,-1.0,-1.0,0.0,0.0,0.0,0.0,1.0,0.0,1.0,,-1.0,-1.0,-1.0,-inf,-inf,-inf,-1.0,-1.0,-1.0,-1.0,3.0,0.0,72.0,0.0,0.0,0.0,0.0,0.0,0.0,-1.0,-inf,-inf,-inf,0.0,0.0,0.0,0.0,0.0,0.0,-1.0,-inf,-inf,-inf,2571.0,0.0,2019.0,-1.0,-1.0,-1.0,1072.9065,1850.0,-1305.9054,-inf,460.803466796875,-inf,-inf,-inf,-inf,-inf,-inf,-inf,-1,505.49082267104524,-inf,-inf,505.4908142089844,516.1906127929688,768.3455200195312,642.633544921875,0.0,-1.0,0.354149,0.70767367,-0.6113726,46.649994,105.149994,287.75003,74,4,0,0,1,1,0,0,1,6324.19970703125,219.947021484375,105.658,6324.199603101811,-inf,-inf,6324.19970703125,6290.93408203125,5558.82421875,5954.2392578125,2403.9155,4375.8394,-4050.324,0,6428.9893,13,2,0.0,0.0,0.89973086,0.096677974,0.0035911764,0.0,0.044545293,0.95545465,1,2527,1.9848966598510742,0.3739181,0.68064183,-0.6300094,-33.450012,-47.850006,422.45,-1.0,-1.0,21.0,0.94700193,13.0,1072.9065,1850.0,-1305.9054,989602.564147,20000254.0,497.98651123046875,-0.0,-1.0,-inf,-inf,-inf,-inf,-inf,-inf,0.0,0.0,0.0,0.0,0.0,-1.0,-inf,-inf,-inf,inf,inf,inf,inf,-33.450012,-48.450012,422.45,-429.4272,-883.90356,1138.9082,989735.757349,486.7513732910156,3957.2688741210186,46.649994,104.850006,287.45,0.0,1.0,21.0,16.0,1.0,0.0,0.0,1.0,1.0,0.0,1.0,1.0,3851.6045845666295,-33.450012,-48.450012,422.45,-1.0,105.66428955438901,-1.0,-inf,-inf,-inf,-inf,-inf,-inf,65535.0,65535.0,-1364.993,-2745.331,2499.753,-1.0,0.0,2506.0,84.0,84.0,72.0,84.0,3955.858154296875,21.0,0.0,1072.9065,1850.0,-1305.9054,989602.564147,20000254.0,13.0,2.0,1072.9065,1850.0,-1305.9054,-inf,-inf,-inf,497.98651123046875,-1.0,-inf,-inf,-inf,-inf,-inf,-inf,1.0,2506.0,0.0,1916.0,-0.34505612,-0.6939913,0.6319117,46.649994,104.850006,287.45,989602.564147,20000254.0,0.0,41.0,13.0,3.4361503,2.4622588,201.3,104.849625,287.40643,65.94112,-145.41931,509.4,-1.364993,-2.745331,2.499753,360.95895,20000254.0,20000000.0,0.0,3.957269,-1.0,0.0,0.7761955,0.0
1,1,5,0,,,,,,,,,,,,,,,,,,,,,,,,,,,,,,,,,,,,,,,,,,,,,,,,,,,,,,,,,,,,,,,,,,,,,,,,,,,,,,,,,,,,,,,,,,,,,,,,,,,,,,-inf,9.854671478271484,-inf,-inf,-inf,-inf,-inf,-inf,-inf,-1,-1.0,-inf,-inf,-inf,-inf,-inf,-inf,0.0,-1.0,-inf,-inf,-inf,-inf,-inf,-inf,6,5,0,1,1,0,1,0,0,9.854671478271484,-1.0,0.511998,-1.0,-inf,-inf,-inf,-inf,-inf,-inf,0.0,0.0,-10.354018,0,10.354018,11,1,0.43088832,0.5691117,0.0,0.0,0.0,0.0,0.7633916,0.23660845,0,31,-1.0,0.0,0.0,-1.0,1.0499878,190.35,248.15002,-1.0,-1.0,44.0,0.90625,,,,,,,,,,,,,,,,,,,,,,,,,,,,,,,,,,,,,,,,,,,,,,,,,,,,,,,,,,,,,,,,,,,,,,,,,,,,,,,,,,,,,,,,,,,,,,,,,,,,,,,,,,,,,,,,,,,,,,,,,,,,,,,,,,,,,,,,
1,1,6,0,,,,,,,,,,,,,,,,,,,,,,,,,,,,,,,,,,,,,,,,,,,,,,,,,,,,,,,,,,,,,,,,,,,,,,,,,,,,,,,,,,,,,,,,,,,,,,,,,,,,,,-inf,2.435600996017456,-inf,-inf,-inf,-inf,-inf,-inf,-inf,-1,-1.0,-inf,-inf,-inf,-inf,-inf,-inf,0.0,-1.0,-inf,-inf,-inf,-inf,-inf,-inf,8,6,0,1,0,0,1,0,0,2.435600996017456,-1.0,0.511998,-1.0,-inf,-inf,-inf,-inf,-inf,-inf,0.0,2.0525835,2.0525835,0,2.9027915,11,1,0.4161689,0.58383113,0.0,0.0,0.0,0.0,0.94230115,0.05769884,0,19,-1.0,0.0,0.70710677,0.70710677,146.55002,116.850006,254.75003,-1.0,-1.0,,,,,,,,,,,,,,,,,,,,,,,,,,,,,,,,,,,,,,,,,,,,,,,,,,,,,,,,,,,,,,,,,,,,,,,,,,,,,,,,,,,,,,,,,,,,,,,,,,,,,,,,,,,,,,,,,,,,,,,,,,,,,,,,,,,,,,,,,,
1,1,7,0,7.0,0.933675,-140.65000610351564,0.0,-1.0,-1.0,7.0,1.0,0.0,0.0,0.0,1.0,0.0,0.0,5.0,0.0,0.0,0.0,0.0,0.0,0.0,0.0,0.0,0.0,0.0,0.0,0.0,0.0,3207.0,190.65,-199.05002,256.55002,7.0,-1.0,-inf,-1.0,0.0,0.0,0.0,0.0,0.0,-1.0,-1.0,-1.0,-1.0,-1.0,-1.0,7.0,-1.0,-1.0,-1.0,0.0,0.0,0.0,0.0,1.0,0.0,1.0,,-1.0,-1.0,-1.0,-inf,-inf,-inf,-1.0,-1.0,-1.0,-1.0,6.0,0.0,16.0,0.0,0.0,0.0,0.0,0.0,0.0,-1.0,-inf,-inf,-inf,0.0,0.0,0.0,0.0,0.0,0.0,-1.0,-inf,-inf,-inf,3207.0,0.0,2544.0,-1.0,-1.0,-1.0,-1502.9915,1850.0,2490.178,-inf,4.777397155761719,-inf,-inf,-inf,-inf,-inf,-inf,-inf,-1,-1.0,-inf,-inf,-inf,-inf,-inf,-inf,0.0,-1.0,-inf,-inf,-inf,-inf,-inf,-inf,11,7,0,1,1,0,1,0,0,4.777397155761719,-1.0,0.511998,-1.0,-inf,-inf,-inf,-inf,-inf,-inf,-0.00018934433,-3.7226987,-3.7225094,0,5.264557,11,1,0.42707556,0.57292444,0.0,0.0,0.0,0.0,0.6349282,0.3650718,0,15,-1.0,-3.5965862e-05,-0.70712477,-0.7070888,150.45001,-153.15001,335.15002,-1.0,-1.0,45.0,0.043771043,13.0,-1502.9915,1850.0,2490.178,-897285.384521,20000077.0,87.81217956542969,-0.0,-1.0,-inf,-inf,-inf,-inf,-inf,-inf,0.0,0.0,0.0,0.0,0.0,-1.0,-inf,-inf,-inf,inf,inf,inf,inf,-inf,-inf,-inf,-29.89859,-94.50517,366.03644,-897177.366755,87.02629137039185,99.00854452822722,-169.05,-94.350006,366.65,0.0,1.0,45.0,7.0,0.0,0.0,1.0,1.0,0.0,1.0,1.0,1.0,98.49744225328368,-29.89859,-94.50517,366.03644,-1.0,0.5111022749435457,-1.0,-inf,-inf,-inf,-inf,-inf,-inf,65535.0,65535.0,41.893677,-53.29063,-72.16273,-1.0,0.0,294.0,220.0,220.0,16.0,28.0,99.0072250366211,12.0,13.0,-1502.9915,1850.0,2490.178,-897285.384521,20000077.0,11.0,1.0,-37.22867,-88.26367,381.99796,-inf,-inf,-inf,87.81217956542969,-1.0,-inf,-inf,-inf,-inf,-inf,-inf,3.0,295.0,0.0,301.0,0.42313758,-0.5382499,-0.72886324,-169.05,-94.350006,366.65,-897178.065356,21005930.0,,,,,,,,,,,,,,,,,,,,,,,
1,1,7,1,7.0,0.933675,-140.65000610351564,0.0,-1.0,-1.0,7.0,1.0,0.0,0.0,0.0,1.0,0.0,0.0,5.0,0.0,0.0,0.0,0.0,0.0,0.0,0.0,0.0,0.0,0.0,0.0,0.0,0.0,3207.0,190.65,-199.05002,256.55002,7.0,-1.0,-inf,-1.0,0.0,0.0,0.0,0.0,0.0,-1.0,-1.0,-1.0,-1.0,-1.0,-1.0,7.0,-1.0,-1.0,-1.0,0.0,0.0,0.0,0.0,1.0,0.0,1.0,,-1.0,-1.0,-1.0,-inf,-inf,-inf,-1.0,-1.0,-1.0,-1.0,6.0,0.0,16.0,0.0,0.0,0.0,0.0,0.0,0.0,-1.0,-inf,-inf,-inf,0.0,0.0,0.0,0.0,0.0,0.0,-1.0,-inf,-inf,-inf,3207.0,0.0,2544.0,-1.0,-1.0,-1.0,-1502.9915,1850.0,2490.178,-inf,91.32744598388672,-inf,-inf,-inf,-inf,-inf,-inf,-inf,-1,-1.0,-inf,-inf,-inf,-inf,-inf,-inf,0.0,-1.0,-inf,-inf,-inf,-inf,-inf,-inf,12,7,0,1,1,0,1,0,1,91.32744598388672,-1.0,0.511998,-1.0,-inf,-inf,-inf,-inf,-inf,-inf,44.64461,-42.969864,-67.784,0,91.83801,11,1,0.0,1.0,0.0,0.0,0.0,0.0,1.0,0.0,3,325,-1.0,0.48612344,-0.46788755,-0.7380822,-175.05,-89.850006,378.05002,-1.0,-1.0,45.0,0.618799,13.0,-1502.9915,1850.0,2490.178,-897285.384521,20000077.0,87.81217956542969,-0.0,-1.0,-inf,-inf,-inf,-inf,-inf,-inf,0.0,0.0,0.0,0.0,0.0,-1.0,-inf,-inf,-inf,inf,inf,inf,inf,-inf,-inf,-inf,-29.89859,-94.50517,366.03644,-897177.366755,87.02629137039185,99.00854452822722,-169.05,-94.350006,366.65,0.0,1.0,45.0,7.0,0.0,0.0,1.0,1.0,0.0,1.0,1.0,1.0,98.49744225328368,-29.89859,-94.50517,366.03644,-1.0,0.5111022749435457,-1.0,-inf,-inf,-inf,-inf,-inf,-inf,65535.0,65535.0,41.893677,-53.29063,-72.16273,-1.0,0.0,294.0,220.0,220.0,16.0,28.0,99.0072250366211,12.0,13.0,-1502.9915,1850.0,2490.178,-897285.384521,20000077.0,11.0,1.0,-37.22867,-88.26367,381.99796,-inf,-inf,-inf,87.81217956542969,-1.0,-inf,-inf,-inf,-inf,-inf,-inf,3.0,295.0,0.0,301.0,0.42313758,-0.5382499,-0.72886324,-169.05,-94.350006,366.65,-897178.065356,21005930.0,,,,,,,,,,,,,,,,,,,,,,,
1,1,7,2,7.0,0.933675,-140.65000610351564,0.0,-1.0,-1.0,7.0,1.0,0.0,0.0,0.0,1.0,0.0,0.0,5.0,0.0,0.0,0.0,0.0,0.0,0.0,0.0,0.0,0.0,0.0,0.0,0.0,0.0,3207.0,190.65,-199.05002,256.55002,7.0,-1.0,-inf,-1.0,0.0,0.0,0.0,0.0,0.0,-1.0,-1.0,-1.0,-1.0,-1.0,-1.0,7.0,-1.0,-1.0,-1.0,0.0,0.0,0.0,0.0,1.0,0.0,1.0,,-1.0,-1.0,-1.0,-inf,-inf,-inf,-1.0,-1.0,-1.0,-1.0,6.0,0.0,16.0,0.0,0.0,0.0,0.0,0.0,0.0,-1.0,-inf,-inf,-inf,0.0,0.0,0.0,0.0,0.0,0.0,-1.0,-inf,-inf,-inf,3207.0,0.0,2544.0,-1.0,-1.0,-1.0,-1502.9915,1850.0,2490.178,-inf,8.319266319274902,-inf,-inf,-inf,-inf,-inf,-inf,-inf,-1,-1.0,-inf,-inf,-inf,-inf,-inf,-inf,0.0,-1.0,-inf,-inf,-inf,-inf,-inf,-inf,43,7,0,1,1,0,1,0,0,8.319266319274902,-1.0,0.511998,-1.0,-inf,-inf,-inf,-inf,-inf,-inf,-4.7007747,-6.715376,-3.2458487,0,8.816411,11,1,0.0,1.0,0.0,0.0,0.0,0.0,1.0,0.0,3,32,-1.0,-0.53318465,-0.7616905,-0.3681599,176.25,-181.95001,278.15002,-1.0,-1.0,49.0,0.88235295,13.0,-1502.9915,1850.0,2490.178,-897285.384521,20000077.0,9.08630657196045,-0.0,-1.0,-inf,-inf,-inf,-inf,-inf,-inf,0.0,0.0,0.0,0.0,0.0,-1.0,-inf,-inf,-inf,inf,inf,inf,inf,-inf,-inf,-inf,35.278015,-187.31801,277.8658,-897172.625223,10.491569519042969,13.181649673230847,175.35,-183.45,277.85,0.0,1.0,49.0,7.0,0.0,0.0,1.0,1.0,0.0,1.0,1.0,0.0,12.670663750091775,35.278015,-187.31801,277.8658,-1.0,0.5109859231390733,-1.0,-inf,-inf,-inf,-inf,-inf,-inf,65535.0,65535.0,7.3606157,-9.42457,-5.5221,-1.0,0.0,58.0,224.0,224.0,16.0,28.0,13.171741485595703,12.0,13.0,-1502.9915,1850.0,2490.178,-897285.384521,20000077.0,11.0,1.0,35.2287,-183.34026,278.366,-inf,-inf,-inf,9.08630657196045,-1.0,-inf,-inf,-inf,-inf,-inf,-inf,3.0,32.0,0.0,38.0,0.5588187,-0.71551436,-0.41923842,175.35,-183.45,277.85,-897172.787499,21005980.0,,,,,,,,,,,,,,,,,,,,,,,
1,1,7,3,7.0,0.933675,-140.65000610351564,0.0,-1.0,-1.0,7.0,1.0,0.0,0.0,0.0,1.0,0.0,0.0,5.0,0.0,0.0,0.0,0.0,0.0,0.0,0.0,0.0,0.0,0.0,0.0,0.0,0.0,3207.0,190.65,-199.05002,256.55002,7.0,-1.0,-inf,-1.0,0.0,0.0,0.0,0.0,0.0,-1.0,-1.0,-1.0,-1.0,-1.0,-1.0,7.0,-1.0,-1.0,-1.0,0.0,0.0,0.0,0.0,1.0,0.0,1.0,,-1.0,-1.0,-1.0,-inf,-inf,-inf,-1.0,-1.0,-1.0,-1.0,6.0,0.0,16.0,0.0,0.0,0.0,0.0,0.0,0.0,-1.0,-inf,-inf,-inf,0.0,0.0,0.0,0.0,0.0,0.0,-1.0,-inf,-inf,-inf,3207.0,0.0,2544.0,-1.0,-1.0,-1.0,-1502.9915,1850.0,2490.178,-inf,1.4448506832122803,-inf,-inf,-inf,-inf,-inf,-inf,-inf,-1,-1.0,-inf,-inf,-inf,-inf,-inf,-inf,0.0,-1.0,-inf,-inf,-inf,-inf,-inf,-inf,46,7,0,1,1,0,1,0,0,1.4448506832122803,-1.0,0.511998,-1.0,-inf,-inf,-inf,-inf,-inf,-inf,-1.8886807,-9.60623e-05,-0.0001921246,0,1.8886807,11,1,0.0,1.0,0.0,0.0,0.0,0.0,1.0,0.0,3,4,-1.0,-1.0,-5.0862116e-05,-0.00010172423,-159.15001,-111.45,356.75003,-1.0,-1.0,48.0,0.15384616,13.0,-1502.9915,1850.0,2490.178,-897285.384521,20000077.0,8.337427139282227,-0.0,-1.0,-inf,-inf,-inf,-inf,-inf,-inf,0.0,0.0,0.0,0.0,0.0,-1.0,-inf,-inf,-inf,inf,inf,inf,inf,-inf,-inf,-inf,-18.944305,-112.70114,356.18228,-897176.679658,15.328121185302734,16.997482056115306,-158.55,-111.14998,356.75,0.0,1.0,48.0,7.0,0.0,0.0,1.0,1.0,0.0,1.0,1.0,0.0,16.48649629012967,-18.944305,-112.70114,356.18228,-1.0,0.5109857659856377,-1.0,-inf,-inf,-inf,-inf,-inf,-inf,65535.0,65535.0,10.294808,-10.912284,-7.9744754,-1.0,0.0,57.0,223.0,223.0,16.0,28.0,16.98979949951172,12.0,13.0,-1502.9915,1850.0,2490.178,-897285.384521,20000077.0,11.0,1.0,-20.194244,-110.40112,357.66086,-inf,-inf,-inf,8.337427139282227,-1.0,-inf,-inf,-inf,-inf,-inf,-inf,3.0,26.0,0.0,52.0,0.6059405,-0.64228445,-0.46936843,-158.55,-111.14998,356.75,-897176.82944,21005947.0,,,,,,,,,,,,,,,,,,,,,,,
1,1,7,4,7.0,0.933675,-140.65000610351564,0.0,-1.0,-1.0,7.0,1.0,0.0,0.0,0.0,1.0,0.0,0.0,5.0,0.0,0.0,0.0,0.0,0.0,0.0,0.0,0.0,0.0,0.0,0.0,0.0,0.0,3207.0,190.65,-199.05002,256.55002,7.0,-1.0,-inf,-1.0,0.0,0.0,0.0,0.0,0.0,-1.0,-1.0,-1.0,-1.0,-1.0,-1.0,7.0,-1.0,-1.0,-1.0,0.0,0.0,0.0,0.0,1.0,0.0,1.0,,-1.0,-1.0,-1.0,-inf,-inf,-inf,-1.0,-1.0,-1.0,-1.0,6.0,0.0,16.0,0.0,0.0,0.0,0.0,0.0,0.0,-1.0,-inf,-inf,-inf,0.0,0.0,0.0,0.0,0.0,0.0,-1.0,-inf,-inf,-inf,3207.0,0.0,2544.0,-1.0,-1.0,-1.0,-1502.9915,1850.0,2490.178,-inf,532.74853515625,-140.65000610351564,-inf,-inf,-inf,-inf,-inf,-inf,-1,1191.7714570649166,-inf,-inf,1191.771484375,1185.665771484375,1452.6072998046875,1290.466796875,0.0,-1.0,0.4586384,-0.60907316,-0.6470554,-203.25,-53.550003,418.55002,73,7,1,0,1,1,0,0,1,967.2725830078125,524.2735595703125,105.658,967.2725595775927,-inf,-inf,967.2725830078125,937.22900390625,483.1254577636719,682.6449584960938,497.60043,-622.5065,-710.5603,0,1067.7156,13,2,0.0,0.0,0.9290041,0.0680398,0.0029560975,0.0,0.017034607,0.9829654,1,2831,3.602199077606201,0.46604216,-0.5830265,-0.66549593,190.65,-199.05002,256.55002,-1.0,-1.0,12.0,0.9430052,13.0,-1502.9915,1850.0,2490.178,-897285.384521,20000077.0,564.4437255859375,-0.0,-1.0,-inf,-inf,-inf,-inf,-inf,-inf,0.0,0.0,0.0,0.0,0.0,-1.0,-inf,-inf,-inf,inf,inf,inf,inf,190.35,-199.65,257.15,35366.11,-45508.668,-50000.0,-894623.715625,523.5811767578125,9598.819250500243,-202.35,-55.350006,417.34998,0.0,1.0,12.0,7.0,1.0,0.0,0.0,1.0,1.0,0.0,1.0,1.0,9493.201999191415,190.35,-199.65,257.15,-1.0,105.61725130882736,-1.0,-inf,-inf,-inf,-inf,-inf,-inf,65535.0,65535.0,4359.359,-5799.12,-6284.295,-1.0,0.0,2794.0,28.0,28.0,16.0,28.0,9598.2373046875,12.0,0.0,-1502.9915,1850.0,2490.178,-897285.384521,20000077.0,13.0,2.0,-1502.9915,1850.0,2490.178,-inf,-inf,-inf,564.4437255859375,-1.0,-inf,-inf,-inf,-inf,-inf,-inf,1.0,2794.0,0.0,2071.0,0.45418328,-0.60418594,-0.65473425,-202.35,-55.350006,417.34998,-897285.384521,20000077.0,0.0,60.0,13.0,7.734272,6.713973,-126.61359,27.009779,509.4,50.543056,-203.73225,256.67514,4.359359,-5.79912,-6.284295,385.3598,20000077.0,20000000.0,0.0,9.598819,-1.0,1.0,0.6816542,0.0
1,1,8,0,1.0,0.45982143,-inf,0.0,-1.0,-1.0,8.0,0.0,1.0,0.0,0.0,1.0,1.0,0.0,2.0,0.0,0.0,0.0,0.0,0.0,0.0,0.0,0.0,0.0,0.0,0.0,0.0,0.0,441.0,-195.45001,-130.95001,504.05002,1.0,-1.0,-inf,-1.0,0.0,0.0,0.0,0.0,0.0,-1.0,-1.0,-1.0,-1.0,-1.0,-1.0,1.0,-1.0,-1.0,-1.0,0.0,0.0,0.0,0.0,1.0,0.0,1.0,,-1.0,-1.0,-1.0,-inf,-inf,-inf,-1.0,-1.0,-1.0,-1.0,1.0,0.0,2.0,0.0,0.0,0.0,0.0,0.0,0.0,-1.0,-inf,-inf,-inf,0.0,0.0,0.0,0.0,0.0,0.0,-1.0,-inf,-inf,-inf,213.0,0.0,1130.0,-1.0,-1.0,-1.0,-1312.3756,1850.0,-639.8308,0.6803322,123.53126525878906,-inf,-inf,-inf,-inf,-inf,-inf,-inf,-1,-1.0,-inf,-inf,-inf,-inf,-inf,-inf,0.0,0.113384634,-inf,-inf,-inf,-inf,-inf,-inf,13,8,0,0,1,1,0,0,1,123.53126525878906,-1.0,0.511998,-1.0,-inf,-inf,-inf,-inf,-inf,-inf,42.707756,-98.411835,62.270603,0,124.042206,11,1,0.18558799,0.814412,0.0,0.0,0.0,0.0,0.0017700562,0.9982299,0,426,4.919144630432129,0.3443002,-0.79337376,0.5020114,-206.55002,-108.15001,490.85,0.8628318,0.3000030517578125,6.0,0.4295302,-13.0,-1312.3756,1850.0,-639.8308,-518785.39703299996,20000005.0,44.40826416015625,-0.0,-1.0,-inf,-inf,-inf,-inf,-inf,-inf,0.0,0.0,0.0,0.0,0.0,-1.0,-inf,-inf,-inf,inf,inf,inf,inf,-194.85,-132.15,504.95004,264.7171,-947.74615,978.5471,-517429.924585,44.40826416015625,4292.134621073065,-202.35,-116.850006,496.25003,0.0,1.0,6.0,1.0,1.0,0.0,0.0,1.0,1.0,0.0,1.0,1.0,4186.476656801433,-194.85,-132.15,504.95004,-1.0,105.6579642716321,-1.0,-inf,-inf,-inf,-inf,-inf,-inf,65535.0,65535.0,2035.083,-3265.616,1898.801,-1.0,0.0,213.0,14.0,14.0,2.0,14.0,4290.833984375,6.0,0.0,-1312.3756,1850.0,-639.8308,-518785.39703299996,20000005.0,-13.0,2.0,-1312.3756,1850.0,-639.8308,-inf,-inf,-inf,44.40826416015625,-1.0,-inf,-inf,-inf,-inf,-inf,-inf,1.0,213.0,0.0,1130.0,0.4742861,-0.76106787,0.44252494,-202.35,-116.850006,496.25003,-518785.39703299996,20000005.0,0.0,3.0,-13.0,2.8062973,2.2666683,-201.3,33.229446,412.31943,-110.785225,-137.83652,509.4,2.035083,-3.265616,1.898801,216.58073,20000005.0,20000000.0,0.0,4.292135,-1.0,0.0,0.047086075,0.0
1,1,8,1,1.0,0.45982143,-inf,0.0,-1.0,-1.0,8.0,0.0,1.0,0.0,0.0,1.0,1.0,0.0,2.0,0.0,0.0,0.0,0.0,0.0,0.0,0.0,0.0,0.0,0.0,0.0,0.0,0.0,441.0,-195.45001,-130.95001,504.05002,1.0,-1.0,-inf,-1.0,0.0,0.0,0.0,0.0,0.0,-1.0,-1.0,-1.0,-1.0,-1.0,-1.0,1.0,-1.0,-1.0,-1.0,0.0,0.0,0.0,0.0,1.0,0.0,1.0,,-1.0,-1.0,-1.0,-inf,-inf,-inf,-1.0,-1.0,-1.0,-1.0,1.0,0.0,2.0,0.0,0.0,0.0,0.0,0.0,0.0,-1.0,-inf,-inf,-inf,0.0,0.0,0.0,0.0,0.0,0.0,-1.0,-inf,-inf,-inf,213.0,0.0,1130.0,-1.0,-1.0,-1.0,-1312.3756,1850.0,-639.8308,-inf,2.776663303375244,-inf,-inf,-inf,-inf,-inf,-inf,-inf,-1,15.997241871720608,-inf,-inf,15.997241973876953,17.974658966064453,40.99674606323242,31.1118221282959,0.0,-1.0,-0.0,-1.0,-0.0,-194.85,-132.15001,504.95004,77,8,0,0,1,1,1,0,0,2.776663303375244,1.6155630350112915,105.658,-1.0,-inf,-inf,-inf,-inf,-inf,-inf,0.0,-13.523852,20.287153,0,24.381615,13,2,0.0,0.0,0.46014538,0.35088992,0.18896472,0.0,0.1803677,0.8196323,1,15,1.71869695186615,0.0,-0.55467415,0.8320676,-195.45001,-130.95001,504.05002,-1.0,-1.0,6.0,0.06542056,-13.0,-1312.3756,1850.0,-639.8308,-518785.39703299996,20000005.0,44.40826416015625,-0.0,-1.0,-inf,-inf,-inf,-inf,-inf,-inf,0.0,0.0,0.0,0.0,0.0,-1.0,-inf,-inf,-inf,inf,inf,inf,inf,-194.85,-132.15,504.95004,264.7171,-947.74615,978.5471,-517429.924585,44.40826416015625,4292.134621073065,-202.35,-116.850006,496.25003,0.0,1.0,6.0,1.0,1.0,0.0,0.0,1.0,1.0,0.0,1.0,1.0,4186.476656801433,-194.85,-132.15,504.95004,-1.0,105.6579642716321,-1.0,-inf,-inf,-inf,-inf,-inf,-inf,65535.0,65535.0,2035.083,-3265.616,1898.801,-1.0,0.0,213.0,14.0,14.0,2.0,14.0,4290.833984375,6.0,0.0,-1312.3756,1850.0,-639.8308,-518785.39703299996,20000005.0,-13.0,2.0,-1312.3756,1850.0,-639.8308,-inf,-inf,-inf,44.40826416015625,-1.0,-inf,-inf,-inf,-inf,-inf,-inf,1.0,213.0,0.0,1130.0,0.4742861,-0.76106787,0.44252494,-202.35,-116.850006,496.25003,-518785.39703299996,20000005.0,0.0,3.0,-13.0,2.8062973,2.2666683,-201.3,33.229446,412.31943,-110.785225,-137.83652,509.4,2.035083,-3.265616,1.898801,216.58073,20000005.0,20000000.0,0.0,4.292135,-1.0,0.0,0.047086075,0.0
1,1,9,0,13.0,0.96703297,-29.049999999999997,0.0,-1.0,-1.0,9.0,1.0,0.0,0.0,0.0,1.0,1.0,0.0,4.0,0.0,0.0,0.0,0.0,0.0,0.0,0.0,0.0,0.0,0.0,0.0,0.0,0.0,1632.0,52.350006,-57.449997,504.65005,13.0,-1.0,-inf,-1.0,0.0,0.0,0.0,0.0,0.0,-1.0,-1.0,-1.0,-1.0,-1.0,-1.0,13.0,-1.0,-1.0,-1.0,0.0,0.0,0.0,0.0,1.0,1.0,1.0,,-1.0,-1.0,-1.0,-inf,-inf,-inf,-1.0,-1.0,-1.0,-1.0,3.0,0.0,64.0,0.0,0.0,0.0,0.0,0.0,0.0,-1.0,-inf,-inf,-inf,0.0,0.0,0.0,0.0,0.0,0.0,-1.0,-inf,-inf,-inf,1590.0,0.0,683.0,-1.0,-1.0,-1.0,417.49384,1850.0,569.05835,-inf,6.971802234649658,-inf,-inf,-inf,-inf,-inf,-inf,-inf,-1,-1.0,-inf,-inf,-inf,-inf,-inf,-inf,0.0,-1.0,-inf,-inf,-inf,-inf,-inf,-inf,14,9,0,1,1,0,1,0,0,6.971802234649658,-1.0,0.0,-1.0,-inf,-inf,-inf,-inf,-inf,-inf,1.6132782,-6.7749085,-0.32245213,0,6.971802,22,0,0.56783587,0.43216413,0.0,0.0,0.0,0.0,0.77978903,0.22021098,0,26,-1.0,0.23140045,-0.97175854,-0.046250902,61.649994,-16.049988,493.55002,-1.0,-1.0,31.0,0.8888889,,,,,,,,,,,,,,,,,,,,,,,,,,,,,,,,,,,,,,,,,,,,,,,,,,,,,,,,,,,,,,,,,,,,,,,,,,,,,,,,,,,,,,,,,,,,,,,,,,,,,,,,,,,,,,,,,,,,,,,,,,,,,,,,,,,,,,,,
1,1,9,1,13.0,0.96703297,-29.049999999999997,0.0,-1.0,-1.0,9.0,1.0,0.0,0.0,0.0,1.0,1.0,0.0,4.0,0.0,0.0,0.0,0.0,0.0,0.0,0.0,0.0,0.0,0.0,0.0,0.0,0.0,1632.0,52.350006,-57.449997,504.65005,13.0,-1.0,-inf,-1.0,0.0,0.0,0.0,0.0,0.0,-1.0,-1.0,-1.0,-1.0,-1.0,-1.0,13.0,-1.0,-1.0,-1.0,0.0,0.0,0.0,0.0,1.0,1.0,1.0,,-1.0,-1.0,-1.0,-inf,-inf,-inf,-1.0,-1.0,-1.0,-1.0,3.0,0.0,64.0,0.0,0.0,0.0,0.0,0.0,0.0,-1.0,-inf,-inf,-inf,0.0,0.0,0.0,0.0,0.0,0.0,-1.0,-inf,-inf,-inf,1590.0,0.0,683.0,-1.0,-1.0,-1.0,417.49384,1850.0,569.05835,-inf,2.7604639530181885,-inf,-inf,-inf,-inf,-inf,-inf,-inf,-1,-1.0,-inf,-inf,-inf,-inf,-inf,-inf,0.0,-1.0,-inf,-inf,-inf,-inf,-inf,-inf,51,9,0,0,1,0,1,0,0,2.7604639530181885,-1.0,0.511998,-1.0,-inf,-inf,-inf,-inf,-inf,-inf,-2.8909914,0.0,-1.4453487,0,3.232161,11,1,0.0,1.0,0.0,0.0,0.0,0.0,1.0,0.0,3,15,-1.0,-0.89444536,0.0,-0.4471772,46.950012,-79.65001,503.75003,-1.0,-1.0,29.0,0.43333334,-13.0,417.49384,1850.0,569.05835,-183181.41924999998,20000205.0,5.476420879364014,-0.0,-1.0,-inf,-inf,-inf,-inf,-inf,-inf,0.0,0.0,0.0,0.0,0.0,-1.0,-inf,-inf,-inf,inf,inf,inf,inf,-inf,-inf,-inf,18.467346,-81.474045,507.8726,-183115.528672,12.183133125305176,13.120875143482824,46.649994,-79.64998,503.75003,0.0,1.0,29.0,13.0,0.0,0.0,0.0,1.0,0.0,1.0,1.0,0.0,12.609856987954597,18.467346,-81.474045,507.8726,-1.0,0.5110181555282263,-1.0,-inf,-inf,-inf,-inf,-inf,-inf,65535.0,65535.0,-5.7917337,-11.7437105,0.6613037,-1.0,0.0,73.0,137.0,137.0,64.0,76.0,13.110920906066895,18.0,-13.0,417.49384,1850.0,569.05835,-183181.41924999998,20000205.0,11.0,1.0,19.96637,-76.82913,508.79013,-inf,-inf,-inf,5.476420879364014,-1.0,-inf,-inf,-inf,-inf,-inf,-inf,3.0,28.0,0.0,37.0,-0.4417488,-0.8957197,0.05043915,46.649994,-79.64998,503.75003,-183115.732788,20197198.0,,,,,,,,,,,,,,,,,,,,,,,
1,1,9,2,13.0,0.96703297,-29.049999999999997,0.0,-1.0,-1.0,9.0,1.0,0.0,0.0,0.0,1.0,1.0,0.0,4.0,0.0,0.0,0.0,0.0,0.0,0.0,0.0,0.0,0.0,0.0,0.0,0.0,0.0,1632.0,52.350006,-57.449997,504.65005,13.0,-1.0,-inf,-1.0,0.0,0.0,0.0,0.0,0.0,-1.0,-1.0,-1.0,-1.0,-1.0,-1.0,13.0,-1.0,-1.0,-1.0,0.0,0.0,0.0,0.0,1.0,1.0,1.0,,-1.0,-1.0,-1.0,-inf,-inf,-inf,-1.0,-1.0,-1.0,-1.0,3.0,0.0,64.0,0.0,0.0,0.0,0.0,0.0,0.0,-1.0,-inf,-inf,-inf,0.0,0.0,0.0,0.0,0.0,0.0,-1.0,-inf,-inf,-inf,1590.0,0.0,683.0,-1.0,-1.0,-1.0,417.49384,1850.0,569.05835,-inf,4.962758541107178,-inf,-inf,-inf,-inf,-inf,-inf,-inf,-1,-1.0,-inf,-inf,-inf,-inf,-inf,-inf,0.0,-1.0,-inf,-inf,-inf,-inf,-inf,-inf,52,9,0,0,1,0,1,0,0,4.962758541107178,-1.0,0.511998,-1.0,-inf,-inf,-inf,-inf,-inf,-inf,-0.34455234,-5.340754,1.033657,0,5.4507627,11,1,0.0,1.0,0.0,0.0,0.0,0.0,1.0,0.0,3,14,-1.0,-0.06321176,-0.9798177,0.18963528,43.049988,-103.350006,504.05002,-1.0,-1.0,30.0,0.6111111,-13.0,417.49384,1850.0,569.05835,-183181.41924999998,20000205.0,6.311237335205078,-0.0,-1.0,-inf,-inf,-inf,-inf,-inf,-inf,0.0,0.0,0.0,0.0,0.0,-1.0,-inf,-inf,-inf,inf,inf,inf,inf,-inf,-inf,-inf,14.367432,-105.072556,509.1743,-183114.746381,24.571582794189453,26.647359669853415,42.75,-103.95,504.35,0.0,1.0,30.0,13.0,0.0,0.0,0.0,1.0,0.0,1.0,1.0,0.0,26.136381525905104,14.367432,-105.072556,509.1743,-1.0,0.5109781439483113,-1.0,-inf,-inf,-inf,-inf,-inf,-inf,65535.0,65535.0,-8.342855,-24.841934,-4.8058033,-1.0,0.0,106.0,138.0,138.0,64.0,76.0,26.642459869384766,18.0,-13.0,417.49384,1850.0,569.05835,-183181.41924999998,20000205.0,11.0,1.0,15.649719,-98.44969,508.10904,-inf,-inf,-inf,6.311237335205078,-1.0,-inf,-inf,-inf,-inf,-inf,-inf,3.0,15.0,0.0,54.0,-0.31314135,-0.93241894,-0.18038137,42.75,-103.95,504.35,-183114.99645099998,20197207.0,,,,,,,,,,,,,,,,,,,,,,,
1,1,9,3,13.0,0.96703297,-29.049999999999997,0.0,-1.0,-1.0,9.0,1.0,0.0,0.0,0.0,1.0,1.0,0.0,4.0,0.0,0.0,0.0,0.0,0.0,0.0,0.0,0.0,0.0,0.0,0.0,0.0,0.0,1632.0,52.350006,-57.449997,504.65005,13.0,-1.0,-inf,-1.0,0.0,0.0,0.0,0.0,0.0,-1.0,-1.0,-1.0,-1.0,-1.0,-1.0,13.0,-1.0,-1.0,-1.0,0.0,0.0,0.0,0.0,1.0,1.0,1.0,,-1.0,-1.0,-1.0,-inf,-inf,-inf,-1.0,-1.0,-1.0,-1.0,3.0,0.0,64.0,0.0,0.0,0.0,0.0,0.0,0.0,-1.0,-inf,-inf,-inf,0.0,0.0,0.0,0.0,0.0,0.0,-1.0,-inf,-inf,-inf,1590.0,0.0,683.0,-1.0,-1.0,-1.0,417.49384,1850.0,569.05835,-inf,291.87030029296875,-29.049999999999997,-inf,-inf,-inf,-inf,-inf,-inf,-1,455.7824201027634,-inf,-inf,455.78240966796875,467.26910400390625,711.9833374023438,591.628662109375,0.0,-1.0,-0.20251845,-0.9779202,0.05156026,-33.450012,-199.65001,504.05002,76,9,1,0,1,1,1,0,1,353.4617614746094,196.88839721679688,105.658,353.4617591571278,-inf,-inf,353.4617614746094,328.518798828125,100.94967651367188,172.1640625,-85.72998,-438.20584,-15.916036,0,446.79672,13,2,0.0,0.0,0.9689036,0.030605668,0.00049073575,0.0,0.06474346,0.9352566,1,1577,1.6296314001083374,-0.1918769,-0.9807722,-0.03562254,52.350006,-57.449997,504.65005,-1.0,-1.0,18.0,0.9734681,-13.0,417.49384,1850.0,569.05835,-183181.41924999998,20000205.0,319.2303466796875,-0.0,-1.0,-inf,-inf,-inf,-inf,-inf,-inf,0.0,0.0,0.0,0.0,0.0,-1.0,-inf,-inf,-inf,inf,inf,inf,inf,-33.450012,-199.65,504.05002,-8315.919,-50000.0,-5130.484,-181344.172711,291.5014953613281,3688.615136221321,52.049988,-58.65001,504.35,0.0,1.0,18.0,13.0,1.0,0.0,0.0,1.0,1.0,1.0,1.0,1.0,3582.95708796643,-33.450012,-199.65,504.05002,-1.0,105.65804825489063,-1.0,-inf,-inf,-inf,-inf,-inf,-inf,65535.0,65535.0,-749.939,-3608.514,-104.576,-1.0,0.0,1547.0,76.0,76.0,64.0,76.0,3687.1015625,18.0,0.0,417.49384,1850.0,569.05835,-183181.41924999998,20000205.0,-13.0,2.0,417.49384,1850.0,569.05835,-inf,-inf,-inf,319.2303466796875,-1.0,-inf,-inf,-inf,-inf,-inf,-inf,1.0,1547.0,0.0,592.0,-0.20339528,-0.9786858,-0.028362656,52.049988,-58.65001,504.35,-183181.41924999998,20000205.0,0.0,60.0,-13.0,2.7724507,2.42143,23.751202,-57.586468,509.4,-5.471654,-203.73225,503.84805,-0.749939,-3.608514,-0.104576,149.14606,20000205.0,20000000.0,0.0,3.688615,-1.0,1.0,0.33825722,0.0
1,1,10,0,4.0,0.926451,-inf,0.0,-1.0,-1.0,10.0,0.0,0.0,0.0,0.0,1.0,1.0,0.0,6.0,0.0,0.0,0.0,0.0,0.0,0.0,0.0,0.0,0.0,0.0,0.0,0.0,0.0,2178.0,-102.45,-49.049988,4.8500023,4.0,-1.0,-inf,-1.0,0.0,0.0,0.0,0.0,0.0,-1.0,-1.0,-1.0,-1.0,-1.0,-1.0,4.0,-1.0,-1.0,-1.0,0.0,0.0,0.0,0.0,1.0,1.0,1.0,,-1.0,-1.0,-1.0,-inf,-inf,-inf,-1.0,-1.0,-1.0,-1.0,6.0,0.0,11.0,0.0,0.0,0.0,0.0,0.0,0.0,-1.0,-inf,-inf,-inf,0.0,0.0,0.0,0.0,0.0,0.0,-1.0,-inf,-inf,-inf,2170.0,0.0,959.0,-1.0,-1.0,-1.0,-741.75684,1850.0,-643.7004,-inf,1.1420286893844604,-inf,-inf,-inf,-inf,-inf,-inf,-inf,-1,-1.0,-inf,-inf,-inf,-inf,-inf,-inf,0.0,-1.0,-inf,-inf,-inf,-inf,-inf,-inf,16,10,0,0,1,0,1,0,0,1.1420286893844604,-1.0,0.511998,-1.0,-inf,-inf,-inf,-inf,-inf,-inf,-0.252573,-1.5154082,0.33675978,0,1.572788,11,1,0.0,1.0,0.0,0.0,0.0,0.0,1.0,0.0,3,8,-1.0,-0.16058935,-0.96351707,0.21411642,-101.25,-54.15001,5.450001,-1.0,-1.0,56.0,0.2777778,-13.0,-741.75684,1850.0,-643.7004,279645.379455,20000055.0,2.8759946823120117,-0.0,-1.0,-inf,-inf,-inf,-inf,-inf,-inf,0.0,0.0,0.0,0.0,0.0,-1.0,-inf,-inf,-inf,inf,inf,inf,inf,-inf,-inf,-inf,-144.5882,-54.807144,5.342705,279715.69093499996,4.20839786529541,7.228588367287284,-101.850006,-52.949997,5.75,0.0,1.0,56.0,4.0,0.0,0.0,0.0,1.0,0.0,1.0,1.0,0.0,6.717586954771469,-144.5882,-54.807144,5.342705,-1.0,0.5110014125158158,-1.0,-inf,-inf,-inf,-inf,-inf,-inf,65535.0,65535.0,2.8075116,-6.5746865,0.9395452,-1.0,0.0,33.0,256.0,256.0,11.0,23.0,7.210504055023193,9.0,-13.0,-9223372000000.0,-9223372000000.0,-9223372000000.0,-9223372036854.775,20000055.0,11.0,1.0,-145.41197,-53.049774,5.7724953,-inf,-inf,-inf,2.8759946823120117,-1.0,-inf,-inf,-inf,-inf,-inf,-inf,3.0,15.0,0.0,14.0,0.38936412,-0.91182065,0.1303023,-101.850006,-52.949997,5.75,279715.611003,21122331.0,,,,,,,,,,,,,,,,,,,,,,,
1,1,10,1,4.0,0.926451,-inf,0.0,-1.0,-1.0,10.0,0.0,0.0,0.0,0.0,1.0,1.0,0.0,6.0,0.0,0.0,0.0,0.0,0.0,0.0,0.0,0.0,0.0,0.0,0.0,0.0,0.0,2178.0,-102.45,-49.049988,4.8500023,4.0,-1.0,-inf,-1.0,0.0,0.0,0.0,0.0,0.0,-1.0,-1.0,-1.0,-1.0,-1.0,-1.0,4.0,-1.0,-1.0,-1.0,0.0,0.0,0.0,0.0,1.0,1.0,1.0,,-1.0,-1.0,-1.0,-inf,-inf,-inf,-1.0,-1.0,-1.0,-1.0,6.0,0.0,11.0,0.0,0.0,0.0,0.0,0.0,0.0,-1.0,-inf,-inf,-inf,0.0,0.0,0.0,0.0,0.0,0.0,-1.0,-inf,-inf,-inf,2170.0,0.0,959.0,-1.0,-1.0,-1.0,-741.75684,1850.0,-643.7004,-inf,5.617429256439209,-inf,-inf,-inf,-inf,-inf,-inf,-inf,-1,-1.0,-inf,-inf,-inf,-inf,-inf,-inf,0.0,-1.0,-inf,-inf,-inf,-inf,-inf,-inf,17,10,0,1,1,0,1,0,0,5.617429256439209,-1.0,0.511998,-1.0,-inf,-inf,-inf,-inf,-inf,-inf,-2.3044493,0.5121223,5.633381,0,6.108006,11,1,0.0,1.0,0.0,0.0,0.0,0.0,1.0,0.0,3,32,-1.0,-0.37728342,0.08384443,0.9222946,-100.65001,-59.550003,10.25,-1.0,-1.0,57.0,0.8235294,-13.0,-741.75684,1850.0,-643.7004,279645.379455,20000055.0,6.202123641967773,-0.0,-1.0,-inf,-inf,-inf,-inf,-inf,-inf,0.0,0.0,0.0,0.0,0.0,-1.0,-inf,-inf,-inf,inf,inf,inf,inf,-inf,-inf,-inf,-144.8294,-60.19693,11.128441,279715.94568,7.070868492126465,7.629691540094537,-101.25,-59.850006,10.849998,0.0,1.0,57.0,4.0,0.0,0.0,1.0,1.0,0.0,1.0,1.0,0.0,7.11868848842427,-144.8294,-60.19693,11.128441,-1.0,0.5110030516702677,-1.0,-inf,-inf,-inf,-inf,-inf,-inf,65535.0,65535.0,0.28880465,-5.4881334,5.267642,-1.0,0.0,50.0,257.0,257.0,11.0,23.0,7.612559795379639,9.0,-13.0,-9223372000000.0,-9223372000000.0,-9223372000000.0,-9223372036854.775,20000055.0,11.0,1.0,-144.07983,-58.611298,8.562088,-inf,-inf,-inf,6.202123641967773,-1.0,-inf,-inf,-inf,-inf,-inf,-inf,3.0,30.0,0.0,18.0,0.037937917,-0.7209314,0.69196725,-101.25,-59.850006,10.849998,279715.824722,21122334.0,,,,,,,,,,,,,,,,,,,,,,,
